age,job,marital,education,default,housing,loan,duration,voicemail,emp.var.rate,cons.price.idx,cons.conf.idx,euribor3m,nr.employed,y
30,blue-collar,married,basic.9y,no,yes,no,487,yes,-1.8,92.893,-46.2,1.313,5099.1,no
39,services,single,high.school,no,no,no,346,no,1.1,93.994,-36.4,4.855,5191,no
25,services,married,high.school,no,yes,no,227,yes,1.4,94.465,-41.8,4.962,5228.1,no
38,services,married,basic.9y,no,unknown,unknown,17,yes,1.4,94.465,-41.8,4.959,5228.1,no
47,admin.,married,university.degree,no,yes,no,58,no,-0.1,93.2,-42,4.191,5195.8,no
32,services,single,university.degree,no,no,no,128,no,-1.1,94.199,-37.5,0.884,4963.6,no
32,admin.,single,university.degree,no,yes,no,290,yes,-1.1,94.199,-37.5,0.879,4963.6,no
41,entrepreneur,married,university.degree,unknown,yes,no,44,no,-0.1,93.2,-42,4.191,5195.8,no
31,services,divorced,professional.course,no,no,no,68,no,-0.1,93.2,-42,4.153,5195.8,no
35,blue-collar,married,basic.9y,unknown,no,no,170,yes,1.1,93.994,-36.4,4.855,5191,no
25,services,single,basic.6y,unknown,yes,no,301,no,1.4,93.918,-42.7,4.958,5228.1,no
36,self-employed,single,basic.4y,no,no,no,148,no,1.4,93.918,-42.7,4.968,5228.1,no
36,admin.,married,high.school,no,no,no,97,no,1.1,93.994,-36.4,4.859,5191,no
47,blue-collar,married,basic.4y,no,yes,no,211,yes,1.4,94.465,-41.8,4.958,5228.1,no
29,admin.,single,high.school,no,no,no,553,yes,-1.8,92.893,-46.2,1.313,5099.1,no
27,services,single,university.degree,no,no,no,698,no,1.4,93.918,-42.7,4.963,5228.1,no
44,admin.,divorced,university.degree,no,no,no,191,yes,1.4,93.918,-42.7,4.957,5228.1,no
46,admin.,divorced,university.degree,no,yes,no,59,no,1.4,93.918,-42.7,4.962,5228.1,no
45,entrepreneur,married,university.degree,unknown,yes,yes,38,yes,1.4,93.444,-36.1,4.965,5228.1,no
50,blue-collar,married,basic.4y,no,no,yes,849,no,1.4,93.918,-42.7,4.961,5228.1,yes
55,services,married,basic.6y,unknown,yes,no,326,yes,1.4,93.918,-42.7,4.962,5228.1,no
39,technician,divorced,high.school,no,no,no,222,yes,-1.8,93.369,-34.8,0.639,5008.7,yes
29,technician,single,university.degree,no,yes,yes,626,no,1.4,93.444,-36.1,4.967,5228.1,no
40,management,married,high.school,no,no,yes,119,no,1.4,93.444,-36.1,4.965,5228.1,no
44,technician,married,professional.course,unknown,yes,no,388,no,1.1,93.994,-36.4,4.864,5191,no
38,technician,married,professional.course,no,yes,no,479,no,1.4,93.444,-36.1,4.965,5228.1,yes
36,technician,divorced,professional.course,no,no,no,446,yes,1.1,93.994,-36.4,4.856,5191,no
28,blue-collar,married,basic.6y,unknown,no,no,68,yes,-1.8,92.893,-46.2,1.299,5099.1,no
47,admin.,single,unknown,unknown,no,no,127,no,1.1,93.994,-36.4,4.86,5191,no
34,admin.,married,university.degree,no,no,no,109,yes,1.4,93.444,-36.1,4.963,5228.1,no
38,technician,married,university.degree,no,yes,yes,113,no,-1.8,92.843,-50,1.687,5099.1,no
33,services,married,high.school,unknown,yes,no,393,yes,1.4,94.465,-41.8,4.865,5228.1,no
51,technician,single,university.degree,no,no,no,151,yes,-2.9,92.963,-40.8,1.268,5076.2,no
30,blue-collar,single,basic.4y,unknown,yes,no,256,no,1.4,94.465,-41.8,4.864,5228.1,no
48,technician,married,university.degree,no,no,no,42,yes,1.4,93.444,-36.1,4.962,5228.1,no
28,blue-collar,single,basic.9y,no,yes,no,525,no,1.4,94.465,-41.8,4.864,5228.1,no
36,blue-collar,married,basic.6y,no,yes,no,57,yes,1.1,93.994,-36.4,4.859,5191,no
46,management,divorced,high.school,no,no,no,499,unknown,-0.1,93.2,-42,4.12,5195.8,no
31,technician,single,unknown,no,yes,no,84,no,-1.8,92.893,-46.2,1.334,5099.1,no
20,student,single,unknown,no,no,no,137,yes,-1.1,94.601,-49.5,0.977,4963.6,no
35,services,married,high.school,unknown,yes,no,31,yes,-1.8,92.893,-46.2,1.344,5099.1,no
38,blue-collar,married,basic.9y,unknown,unknown,unknown,430,no,1.4,94.465,-41.8,4.967,5228.1,no
76,retired,married,university.degree,no,no,no,126,no,-1.7,94.027,-38.3,0.899,4991.6,no
45,entrepreneur,divorced,professional.course,no,yes,no,211,no,1.4,93.918,-42.7,4.961,5228.1,no
32,housemaid,married,basic.4y,no,yes,yes,340,no,-1.8,92.893,-46.2,1.313,5099.1,no
39,management,single,university.degree,unknown,no,no,412,no,-1.8,92.893,-46.2,1.327,5099.1,no
32,admin.,married,university.degree,no,no,no,132,yes,-0.1,93.2,-42,4.592,5195.8,no
29,admin.,single,basic.9y,no,no,no,79,yes,-1.8,92.893,-46.2,1.299,5099.1,no
44,services,married,professional.course,no,no,no,341,no,1.4,93.444,-36.1,4.97,5228.1,no
32,services,married,high.school,no,no,yes,157,yes,1.4,93.918,-42.7,4.957,5228.1,no
56,retired,married,university.degree,no,yes,no,252,yes,-2.9,92.963,-40.8,1.26,5076.2,no
33,blue-collar,married,basic.9y,no,yes,no,263,no,-1.8,92.893,-46.2,1.327,5099.1,no
39,management,married,high.school,no,no,no,215,yes,1.4,93.444,-36.1,4.966,5228.1,no
24,technician,married,university.degree,no,yes,yes,89,yes,-3.4,92.379,-29.8,0.77,5017.5,yes
33,admin.,single,university.degree,no,yes,no,143,no,-1.8,92.893,-46.2,1.327,5099.1,no
58,entrepreneur,divorced,university.degree,no,no,no,40,yes,1.4,94.465,-41.8,4.866,5228.1,no
29,admin.,single,university.degree,no,yes,no,10,yes,1.4,94.465,-41.8,4.959,5228.1,no
31,admin.,married,university.degree,no,yes,no,113,yes,1.4,93.444,-36.1,4.964,5228.1,no
27,admin.,married,university.degree,no,no,no,191,yes,1.1,93.994,-36.4,4.857,5191,no
60,admin.,divorced,professional.course,no,yes,no,481,yes,-1.1,94.199,-37.5,0.886,4963.6,yes
55,entrepreneur,married,professional.course,no,yes,yes,233,yes,-3.4,92.431,-26.9,0.739,5017.5,no
37,blue-collar,married,basic.9y,no,yes,no,204,yes,-1.8,92.893,-46.2,1.334,5099.1,no
52,admin.,married,unknown,no,yes,no,403,yes,-1.8,93.749,-34.6,0.654,5008.7,yes
46,services,married,high.school,no,yes,no,180,no,-1.8,93.075,-47.1,1.405,5099.1,no
42,blue-collar,divorced,basic.6y,no,yes,no,16,no,-1.8,92.893,-46.2,1.281,5099.1,no
35,admin.,single,university.degree,no,yes,no,447,no,1.4,93.918,-42.7,4.96,5228.1,no
49,technician,divorced,unknown,no,yes,yes,81,no,-3.4,92.431,-26.9,0.754,5017.5,no
29,services,divorced,high.school,no,no,yes,361,yes,1.4,94.465,-41.8,4.865,5228.1,no
32,blue-collar,married,basic.9y,no,no,no,1091,yes,-0.1,93.2,-42,4.191,5195.8,yes
37,self-employed,married,university.degree,no,no,no,395,yes,-1.8,92.893,-46.2,1.313,5099.1,no
39,technician,single,professional.course,unknown,no,no,432,yes,1.4,94.465,-41.8,4.865,5228.1,yes
51,services,married,high.school,unknown,yes,no,596,yes,1.4,93.918,-42.7,4.962,5228.1,yes
28,admin.,single,high.school,no,yes,no,59,yes,-1.8,92.893,-46.2,1.291,5099.1,no
34,management,married,university.degree,no,yes,no,77,no,-1.8,92.893,-46.2,1.281,5099.1,no
31,technician,single,high.school,no,yes,yes,768,no,1.4,93.444,-36.1,4.966,5228.1,yes
31,admin.,married,university.degree,no,yes,no,96,no,1.4,93.444,-36.1,4.962,5228.1,no
31,admin.,single,university.degree,no,yes,no,357,yes,1.4,94.465,-41.8,4.864,5228.1,no
38,self-employed,single,university.degree,no,no,no,459,yes,1.1,93.994,-36.4,4.855,5191,no
33,unemployed,married,basic.9y,no,no,no,11,no,1.4,94.465,-41.8,4.959,5228.1,no
32,technician,single,university.degree,no,no,no,264,yes,1.4,93.444,-36.1,4.966,5228.1,no
54,technician,married,professional.course,unknown,yes,no,698,yes,-1.8,93.075,-47.1,1.405,5099.1,no
41,admin.,divorced,high.school,no,yes,no,204,yes,1.4,94.465,-41.8,4.961,5228.1,no
59,services,married,basic.4y,unknown,no,no,93,yes,1.4,93.444,-36.1,4.963,5228.1,no
57,retired,married,university.degree,no,yes,no,374,unknown,-1.8,93.075,-47.1,1.365,5099.1,no
38,entrepreneur,divorced,university.degree,no,yes,no,252,no,-0.1,93.2,-42,4.076,5195.8,no
46,admin.,married,university.degree,no,yes,no,158,yes,1.1,93.994,-36.4,4.857,5191,no
37,unemployed,single,university.degree,no,yes,yes,95,yes,-0.1,93.2,-42,4.153,5195.8,no
47,services,single,basic.9y,no,unknown,unknown,835,no,1.4,94.465,-41.8,4.961,5228.1,yes
45,admin.,single,university.degree,no,no,no,505,no,1.4,93.444,-36.1,4.964,5228.1,yes
36,blue-collar,married,basic.6y,no,yes,no,16,yes,1.4,93.918,-42.7,4.962,5228.1,no
40,unemployed,single,high.school,no,yes,no,300,yes,1.4,93.918,-42.7,4.96,5228.1,no
38,blue-collar,married,basic.9y,no,no,no,180,no,-0.1,93.2,-42,4.153,5195.8,no
44,blue-collar,married,high.school,unknown,no,no,390,no,1.4,94.465,-41.8,4.961,5228.1,no
25,self-employed,married,university.degree,no,yes,no,274,yes,1.1,93.994,-36.4,4.857,5191,no
30,blue-collar,single,basic.6y,no,yes,no,135,no,1.4,93.918,-42.7,4.961,5228.1,no
43,management,married,professional.course,no,no,no,257,no,-0.1,93.2,-42,4.153,5195.8,no
58,retired,married,basic.6y,unknown,no,no,268,no,1.1,93.994,-36.4,4.857,5191,no
31,technician,married,professional.course,no,yes,no,157,yes,1.1,93.994,-36.4,4.856,5191,no
53,management,married,university.degree,no,no,no,477,yes,1.4,93.918,-42.7,4.961,5228.1,no
52,admin.,married,unknown,no,no,no,91,yes,1.4,93.444,-36.1,4.968,5228.1,no
37,management,married,university.degree,unknown,no,yes,76,yes,-1.8,93.075,-47.1,1.405,5099.1,no
58,admin.,married,high.school,unknown,yes,no,103,yes,1.4,93.918,-42.7,4.961,5228.1,no
37,services,married,high.school,no,yes,yes,436,no,-1.8,92.893,-46.2,1.266,5099.1,no
38,admin.,single,unknown,no,yes,no,191,yes,-1.8,92.893,-46.2,1.313,5099.1,no
33,services,single,basic.9y,no,yes,no,483,no,-1.8,93.075,-47.1,1.41,5099.1,no
45,services,married,high.school,unknown,yes,no,250,yes,-1.8,92.893,-46.2,1.25,5099.1,no
44,entrepreneur,married,professional.course,no,no,no,259,yes,1.1,93.994,-36.4,4.858,5191,no
38,blue-collar,married,basic.6y,no,yes,no,389,yes,1.4,93.918,-42.7,4.966,5228.1,no
34,blue-collar,married,basic.9y,no,no,no,7,yes,-1.7,94.055,-39.8,0.702,4991.6,no
47,management,married,university.degree,no,yes,no,123,yes,-2.9,92.469,-33.6,1.029,5076.2,no
59,admin.,married,university.degree,no,yes,yes,92,yes,-2.9,92.469,-33.6,1.085,5076.2,no
51,blue-collar,married,basic.4y,unknown,yes,yes,297,no,1.4,93.444,-36.1,4.964,5228.1,no
31,blue-collar,married,basic.6y,no,yes,no,406,yes,1.4,94.465,-41.8,4.864,5228.1,no
56,management,married,university.degree,no,yes,yes,104,yes,-0.1,93.2,-42,4.12,5195.8,no
39,admin.,married,university.degree,no,no,no,135,no,1.4,94.465,-41.8,4.961,5228.1,no
41,entrepreneur,married,university.degree,no,yes,no,854,no,-0.1,93.2,-42,4.153,5195.8,yes
41,management,divorced,basic.6y,no,yes,no,147,yes,-0.1,93.2,-42,4.076,5195.8,no
53,services,married,high.school,unknown,no,no,203,no,1.1,93.994,-36.4,4.86,5191,no
35,blue-collar,married,high.school,no,no,yes,149,no,1.4,93.918,-42.7,4.962,5228.1,no
58,retired,married,basic.9y,no,no,yes,144,yes,-1.8,92.893,-46.2,1.334,5099.1,no
25,self-employed,married,professional.course,no,yes,no,394,no,1.4,94.465,-41.8,4.959,5228.1,no
35,blue-collar,divorced,basic.9y,no,yes,no,523,no,-1.8,92.893,-46.2,1.344,5099.1,no
28,services,single,high.school,no,no,no,73,no,1.4,93.918,-42.7,4.963,5228.1,no
55,blue-collar,married,professional.course,no,yes,yes,197,yes,-1.8,92.893,-46.2,1.25,5099.1,no
54,entrepreneur,married,basic.4y,unknown,no,yes,108,yes,1.1,93.994,-36.4,4.855,5191,no
45,technician,divorced,basic.9y,unknown,no,no,80,no,1.4,93.918,-42.7,4.962,5228.1,no
32,blue-collar,married,basic.9y,no,yes,no,114,yes,-1.8,93.075,-47.1,1.41,5099.1,no
50,admin.,married,basic.9y,unknown,yes,no,122,no,1.4,93.444,-36.1,4.963,5228.1,no
75,retired,married,basic.4y,no,no,no,109,yes,-1.8,93.075,-47.1,1.405,5099.1,yes
33,self-employed,divorced,unknown,no,no,no,1161,no,1.1,93.994,-36.4,4.858,5191,no
29,management,married,university.degree,no,no,yes,181,yes,1.4,93.444,-36.1,4.967,5228.1,no
45,management,married,university.degree,no,yes,no,239,yes,-1.8,92.893,-46.2,1.327,5099.1,no
38,admin.,divorced,university.degree,no,no,no,360,no,-1.8,93.075,-47.1,1.392,5099.1,yes
24,services,single,professional.course,no,yes,no,314,no,1.1,93.994,-36.4,4.858,5191,no
41,technician,married,professional.course,no,yes,no,984,no,1.4,93.444,-36.1,4.963,5228.1,no
58,retired,divorced,high.school,no,yes,no,663,no,-2.9,92.963,-40.8,1.262,5076.2,yes
34,admin.,married,university.degree,no,no,yes,157,yes,1.1,93.994,-36.4,4.857,5191,no
34,admin.,married,university.degree,no,no,no,141,yes,-1.1,94.767,-50.8,1.05,4963.6,no
37,technician,divorced,professional.course,no,no,no,374,no,1.1,93.994,-36.4,4.856,5191,no
53,blue-collar,divorced,basic.4y,no,no,no,706,yes,1.4,94.465,-41.8,4.959,5228.1,yes
54,technician,divorced,professional.course,no,yes,yes,797,no,1.4,93.918,-42.7,4.961,5228.1,no
32,technician,divorced,professional.course,no,yes,no,250,yes,-0.1,93.2,-42,4.153,5195.8,no
42,admin.,married,high.school,no,yes,no,311,yes,1.4,93.918,-42.7,4.962,5228.1,no
28,technician,single,professional.course,no,yes,no,63,no,-2.9,92.201,-31.4,0.851,5076.2,yes
33,services,single,high.school,no,yes,no,111,yes,1.1,93.994,-36.4,4.864,5191,no
41,blue-collar,married,basic.9y,no,yes,no,148,no,-1.8,93.075,-47.1,1.405,5099.1,no
31,services,married,high.school,no,no,yes,49,yes,-0.1,93.2,-42,4.076,5195.8,no
40,technician,married,basic.9y,unknown,no,yes,171,unknown,1.1,93.994,-36.4,4.86,5191,no
53,unknown,married,basic.9y,no,no,yes,242,no,-3.4,92.649,-30.1,0.716,5017.5,no
40,admin.,divorced,university.degree,no,yes,no,257,yes,1.4,93.444,-36.1,4.965,5228.1,no
82,housemaid,married,basic.4y,no,no,no,279,yes,-1.1,94.199,-37.5,0.877,4963.6,yes
28,blue-collar,married,basic.4y,no,yes,no,113,no,1.4,93.918,-42.7,4.96,5228.1,no
30,admin.,married,high.school,unknown,yes,no,246,yes,-0.1,93.2,-42,4.12,5195.8,no
31,unemployed,single,university.degree,no,yes,no,309,no,-1.7,94.215,-40.3,0.835,4991.6,yes
32,technician,single,university.degree,no,yes,no,168,yes,1.4,93.444,-36.1,4.965,5228.1,no
54,blue-collar,married,basic.4y,no,yes,no,153,yes,1.4,93.444,-36.1,4.963,5228.1,no
31,blue-collar,married,basic.9y,no,no,no,152,no,1.4,93.918,-42.7,4.963,5228.1,no
50,services,married,unknown,no,yes,no,90,no,1.4,93.444,-36.1,4.968,5228.1,no
47,technician,single,unknown,no,no,no,117,yes,1.4,93.918,-42.7,4.961,5228.1,no
31,admin.,single,high.school,no,yes,yes,149,no,-1.8,92.893,-46.2,1.281,5099.1,no
32,unemployed,married,high.school,no,yes,no,640,no,-0.1,93.2,-42,4.076,5195.8,no
46,admin.,single,high.school,no,yes,no,199,yes,-1.1,94.767,-50.8,1.048,4963.6,no
47,admin.,single,high.school,no,no,no,1114,no,-1.8,92.893,-46.2,1.299,5099.1,no
32,admin.,single,high.school,no,no,no,74,no,-1.1,94.767,-50.8,1.048,4963.6,no
52,services,divorced,high.school,unknown,no,no,190,no,-0.1,93.2,-42,4.191,5195.8,no
45,admin.,married,high.school,no,yes,no,738,yes,-1.1,94.601,-49.5,1.029,4963.6,yes
32,admin.,married,university.degree,no,yes,no,374,yes,-1.8,92.893,-46.2,1.313,5099.1,no
71,blue-collar,divorced,basic.4y,unknown,no,no,224,no,-1.7,94.027,-38.3,0.904,4991.6,no
49,services,married,high.school,no,yes,no,344,yes,1.1,93.994,-36.4,4.855,5191,no
46,admin.,married,high.school,no,yes,yes,148,no,1.4,94.465,-41.8,4.864,5228.1,no
46,blue-collar,married,professional.course,no,no,no,383,yes,-1.1,94.767,-50.8,1.028,4963.6,no
38,admin.,married,university.degree,no,yes,no,35,no,1.4,93.444,-36.1,4.965,5228.1,no
57,services,married,professional.course,unknown,no,no,153,yes,1.4,93.444,-36.1,4.965,5228.1,no
41,services,single,high.school,unknown,unknown,unknown,772,yes,-1.8,92.893,-46.2,1.299,5099.1,no
44,technician,married,professional.course,no,no,no,124,no,1.1,93.994,-36.4,4.864,5191,no
47,technician,married,university.degree,no,yes,no,345,no,1.4,93.444,-36.1,4.964,5228.1,no
40,blue-collar,married,basic.9y,no,yes,yes,951,no,1.1,93.994,-36.4,4.858,5191,no
57,retired,single,professional.course,no,yes,no,188,no,1.1,93.994,-36.4,4.857,5191,no
27,admin.,single,unknown,no,no,no,128,yes,-1.8,93.369,-34.8,0.637,5008.7,yes
52,blue-collar,married,basic.9y,no,no,no,809,yes,1.4,93.444,-36.1,4.966,5228.1,yes
34,management,married,university.degree,no,yes,yes,192,no,-2.9,92.963,-40.8,1.26,5076.2,no
42,entrepreneur,married,university.degree,no,yes,no,154,yes,1.1,93.994,-36.4,4.857,5191,no
51,technician,married,unknown,no,yes,no,17,no,1.4,94.465,-41.8,4.959,5228.1,no
45,management,married,basic.4y,unknown,yes,no,100,yes,1.1,93.994,-36.4,4.855,5191,no
56,retired,married,high.school,no,no,no,317,yes,-1.8,92.893,-46.2,1.244,5099.1,no
41,management,married,university.degree,no,yes,no,93,no,-1.8,92.893,-46.2,1.327,5099.1,no
44,admin.,married,high.school,no,yes,no,111,yes,1.4,93.444,-36.1,4.964,5228.1,no
50,blue-collar,married,basic.6y,no,yes,no,293,no,-1.8,92.893,-46.2,1.354,5099.1,yes
54,self-employed,married,high.school,no,no,no,119,yes,1.4,93.444,-36.1,4.963,5228.1,no
51,blue-collar,married,basic.6y,no,no,no,393,unknown,1.4,93.444,-36.1,4.964,5228.1,no
30,blue-collar,single,basic.9y,no,no,no,30,no,-0.1,93.2,-42,4.12,5195.8,no
42,housemaid,married,basic.4y,unknown,yes,no,38,yes,1.4,94.465,-41.8,4.959,5228.1,no
41,technician,married,professional.course,unknown,yes,no,442,yes,1.4,94.465,-41.8,4.865,5228.1,no
47,services,single,basic.9y,no,no,no,187,no,-0.1,93.2,-42,4.153,5195.8,no
35,blue-collar,married,basic.6y,no,yes,no,113,no,-1.8,93.075,-47.1,1.405,5099.1,no
58,blue-collar,married,basic.9y,no,no,no,64,no,-0.1,93.2,-42,4.153,5195.8,no
50,blue-collar,divorced,high.school,no,yes,yes,629,no,1.4,93.918,-42.7,4.96,5228.1,yes
41,technician,married,professional.course,no,no,no,92,no,1.1,93.994,-36.4,4.856,5191,no
38,technician,married,university.degree,no,yes,no,147,yes,-1.8,92.893,-46.2,1.334,5099.1,no
32,student,single,university.degree,no,no,no,151,yes,-0.1,93.2,-42,4.076,5195.8,no
21,student,single,high.school,no,no,no,259,no,-2.9,92.201,-31.4,0.884,5076.2,no
46,admin.,divorced,basic.9y,unknown,no,no,423,yes,1.1,93.994,-36.4,4.856,5191,no
42,self-employed,married,university.degree,no,yes,no,888,yes,-0.1,93.2,-42,4.021,5195.8,no
55,services,married,basic.9y,no,no,no,76,no,1.4,93.444,-36.1,4.964,5228.1,no
29,admin.,single,high.school,no,yes,no,207,yes,-1.1,94.767,-50.8,1.05,4963.6,no
30,blue-collar,single,basic.6y,unknown,yes,no,100,yes,1.4,94.465,-41.8,4.959,5228.1,no
53,management,married,basic.4y,no,yes,no,63,no,-0.1,93.2,-42,4.12,5195.8,no
35,management,married,university.degree,no,yes,no,265,yes,-0.1,93.2,-42,4.12,5195.8,no
46,services,married,professional.course,no,yes,no,273,yes,1.1,93.994,-36.4,4.856,5191,no
30,blue-collar,married,unknown,no,no,no,85,yes,1.1,93.994,-36.4,4.857,5191,no
43,entrepreneur,married,university.degree,unknown,yes,no,261,yes,1.4,93.918,-42.7,4.961,5228.1,no
42,services,married,high.school,unknown,yes,no,136,yes,1.4,93.918,-42.7,4.96,5228.1,no
32,technician,married,professional.course,no,no,no,711,yes,1.4,93.918,-42.7,4.962,5228.1,no
41,blue-collar,divorced,basic.9y,no,yes,no,88,yes,-1.8,92.893,-46.2,1.313,5099.1,no
28,admin.,married,university.degree,no,no,no,72,yes,-1.8,92.893,-46.2,1.291,5099.1,no
24,services,single,university.degree,no,no,no,113,no,1.4,93.918,-42.7,4.963,5228.1,no
43,management,married,university.degree,unknown,yes,yes,307,no,-1.8,93.075,-47.1,1.405,5099.1,no
30,admin.,single,university.degree,no,yes,no,39,no,1.4,93.444,-36.1,4.97,5228.1,no
55,blue-collar,married,basic.9y,unknown,no,no,63,no,-0.1,93.2,-42,4.153,5195.8,no
51,retired,married,basic.9y,unknown,no,no,64,yes,1.4,93.918,-42.7,4.959,5228.1,no
22,student,single,high.school,no,no,yes,154,yes,1.4,93.918,-42.7,4.957,5228.1,no
32,entrepreneur,single,university.degree,no,no,yes,126,yes,-0.1,93.2,-42,4.076,5195.8,no
43,admin.,married,professional.course,unknown,no,no,127,yes,1.4,93.918,-42.7,4.968,5228.1,no
39,management,married,basic.6y,unknown,no,no,156,yes,1.4,94.465,-41.8,4.865,5228.1,no
52,blue-collar,divorced,unknown,no,no,no,111,yes,1.4,93.918,-42.7,4.961,5228.1,no
38,technician,single,professional.course,no,yes,no,202,no,-1.8,92.893,-46.2,1.244,5099.1,no
59,retired,married,basic.4y,no,no,no,353,no,-1.8,93.075,-47.1,1.453,5099.1,no
31,blue-collar,married,basic.4y,no,yes,no,159,no,1.1,93.994,-36.4,4.857,5191,no
76,retired,single,basic.4y,no,no,no,347,yes,-3.4,92.649,-30.1,0.715,5017.5,yes
44,unknown,single,basic.9y,unknown,yes,no,76,yes,1.4,94.465,-41.8,4.96,5228.1,no
30,blue-collar,married,unknown,no,no,no,85,no,1.1,93.994,-36.4,4.864,5191,no
32,services,married,high.school,unknown,no,no,174,yes,1.4,94.465,-41.8,4.959,5228.1,no
41,unemployed,married,unknown,no,no,no,280,yes,1.4,94.465,-41.8,4.967,5228.1,no
33,admin.,single,university.degree,no,yes,no,686,yes,1.4,93.444,-36.1,4.963,5228.1,yes
59,retired,married,basic.4y,no,yes,no,94,yes,1.4,93.444,-36.1,4.963,5228.1,no
28,blue-collar,married,basic.9y,no,yes,no,225,unknown,1.4,93.918,-42.7,4.96,5228.1,no
33,blue-collar,single,basic.6y,no,yes,no,474,no,-1.8,92.893,-46.2,1.313,5099.1,no
53,services,married,high.school,unknown,yes,no,76,yes,1.4,93.444,-36.1,4.964,5228.1,no
41,services,married,high.school,no,no,no,377,yes,-1.8,92.843,-50,1.778,5099.1,yes
55,unknown,married,basic.4y,no,no,yes,185,no,1.4,93.918,-42.7,4.962,5228.1,no
45,blue-collar,married,basic.9y,unknown,no,no,121,no,1.1,93.994,-36.4,4.856,5191,no
35,technician,married,professional.course,no,no,no,126,yes,1.4,93.918,-42.7,4.968,5228.1,no
31,services,married,high.school,unknown,no,no,160,yes,1.4,93.918,-42.7,4.96,5228.1,no
53,management,married,university.degree,no,no,no,313,no,1.4,93.444,-36.1,4.965,5228.1,no
35,technician,single,professional.course,no,yes,no,141,no,-1.8,92.893,-46.2,1.327,5099.1,no
45,blue-collar,divorced,basic.6y,unknown,yes,no,219,yes,-1.8,92.893,-46.2,1.327,5099.1,no
34,housemaid,single,university.degree,no,no,no,267,no,1.4,94.465,-41.8,4.961,5228.1,no
42,admin.,married,basic.9y,no,no,no,406,no,-1.8,93.075,-47.1,1.405,5099.1,no
36,self-employed,married,basic.9y,no,yes,yes,151,no,-0.1,93.2,-42,4.076,5195.8,no
44,admin.,married,high.school,no,no,no,228,yes,1.1,93.994,-36.4,4.856,5191,no
50,admin.,divorced,university.degree,no,yes,no,73,yes,1.4,93.444,-36.1,4.965,5228.1,no
36,admin.,married,university.degree,no,yes,no,355,yes,-3.4,92.379,-29.8,0.773,5017.5,no
27,technician,married,professional.course,no,no,no,102,yes,1.4,93.918,-42.7,4.963,5228.1,no
40,management,married,unknown,no,no,no,97,yes,1.1,93.994,-36.4,4.859,5191,no
25,technician,single,university.degree,no,yes,yes,35,no,1.4,94.465,-41.8,4.96,5228.1,no
29,management,married,university.degree,no,yes,yes,116,yes,1.4,93.444,-36.1,4.966,5228.1,no
44,admin.,married,high.school,no,no,no,83,no,1.1,93.994,-36.4,4.856,5191,no
57,blue-collar,married,unknown,unknown,yes,no,473,yes,1.1,93.994,-36.4,4.856,5191,no
30,admin.,single,high.school,no,yes,no,605,yes,1.4,93.918,-42.7,4.963,5228.1,no
37,self-employed,married,university.degree,no,yes,yes,585,yes,1.4,93.444,-36.1,4.967,5228.1,no
57,technician,married,basic.9y,no,no,no,94,yes,1.4,93.918,-42.7,4.961,5228.1,no
32,technician,married,professional.course,no,yes,no,255,yes,1.4,93.918,-42.7,4.963,5228.1,yes
54,admin.,married,professional.course,no,no,no,1868,yes,-1.1,94.767,-50.8,1.035,4963.6,yes
58,blue-collar,married,basic.9y,no,yes,no,846,no,1.4,93.444,-36.1,4.97,5228.1,yes
29,admin.,single,university.degree,unknown,yes,no,158,yes,1.4,93.444,-36.1,4.963,5228.1,no
60,services,married,high.school,unknown,no,no,73,yes,1.4,93.444,-36.1,4.966,5228.1,no
27,unemployed,single,university.degree,no,no,no,404,no,1.4,94.465,-41.8,4.864,5228.1,no
30,unemployed,married,high.school,no,yes,no,383,no,1.4,93.918,-42.7,4.961,5228.1,no
42,blue-collar,married,basic.4y,no,no,no,51,yes,1.1,93.994,-36.4,4.859,5191,no
48,housemaid,married,high.school,no,no,no,87,no,1.4,94.465,-41.8,4.864,5228.1,no
35,admin.,single,university.degree,no,no,no,167,no,1.4,93.444,-36.1,4.97,5228.1,no
46,blue-collar,married,basic.6y,unknown,yes,yes,440,yes,1.1,93.994,-36.4,4.857,5191,no
57,retired,unknown,basic.4y,no,no,no,673,no,1.1,93.994,-36.4,4.857,5191,no
30,services,married,high.school,no,no,no,151,no,1.4,94.465,-41.8,4.865,5228.1,no
28,technician,single,high.school,no,yes,yes,48,no,-1.8,93.075,-47.1,1.41,5099.1,no
34,services,married,high.school,unknown,yes,no,309,yes,1.1,93.994,-36.4,4.856,5191,no
42,blue-collar,married,basic.4y,unknown,no,no,236,yes,1.4,94.465,-41.8,4.958,5228.1,no
30,admin.,single,university.degree,no,yes,no,288,no,-0.1,93.2,-42,4.153,5195.8,no
27,student,single,basic.9y,no,yes,no,111,yes,-1.7,94.027,-38.3,0.9,4991.6,no
23,entrepreneur,married,university.degree,no,yes,no,87,no,1.4,93.444,-36.1,4.964,5228.1,no
43,blue-collar,married,basic.4y,unknown,yes,no,193,yes,1.1,93.994,-36.4,4.857,5191,no
59,management,married,basic.4y,unknown,yes,yes,318,no,1.1,93.994,-36.4,4.857,5191,no
31,self-employed,single,university.degree,no,no,no,209,yes,-1.7,94.027,-38.3,0.898,4991.6,no
43,self-employed,married,basic.9y,no,no,no,173,yes,1.1,93.994,-36.4,4.858,5191,no
52,technician,married,high.school,no,yes,no,503,no,1.1,93.994,-36.4,4.857,5191,no
26,housemaid,single,high.school,unknown,yes,yes,127,no,1.4,93.918,-42.7,4.963,5228.1,no
24,blue-collar,married,basic.9y,no,yes,yes,101,no,1.1,93.994,-36.4,4.855,5191,no
35,blue-collar,single,basic.6y,no,no,no,370,no,-0.1,93.2,-42,4.076,5195.8,no
59,technician,married,professional.course,no,no,no,1207,yes,-1.7,94.055,-39.8,0.742,4991.6,yes
28,blue-collar,married,basic.6y,unknown,no,no,262,yes,1.1,93.994,-36.4,4.855,5191,no
37,blue-collar,single,basic.9y,no,no,no,211,no,1.1,93.994,-36.4,4.857,5191,no
46,admin.,married,professional.course,no,no,no,609,yes,-1.8,93.075,-47.1,1.405,5099.1,no
26,technician,single,university.degree,no,yes,no,806,no,-1.7,94.215,-40.3,0.861,4991.6,yes
40,management,married,university.degree,no,yes,no,77,yes,1.4,93.444,-36.1,4.963,5228.1,no
56,blue-collar,married,basic.4y,unknown,yes,no,335,yes,1.4,93.918,-42.7,4.961,5228.1,no
40,management,married,university.degree,no,yes,no,459,no,-1.8,92.893,-46.2,1.344,5099.1,no
29,admin.,single,university.degree,no,yes,yes,266,yes,1.1,93.994,-36.4,4.859,5191,no
28,blue-collar,single,basic.9y,no,yes,no,225,no,-1.8,92.893,-46.2,1.266,5099.1,no
48,technician,single,unknown,unknown,no,no,257,yes,1.1,93.994,-36.4,4.86,5191,no
28,unemployed,single,university.degree,no,yes,no,434,unknown,-1.8,92.893,-46.2,1.244,5099.1,no
33,technician,married,professional.course,no,no,no,191,no,1.1,93.994,-36.4,4.86,5191,no
56,entrepreneur,married,university.degree,no,yes,yes,82,yes,1.4,94.465,-41.8,4.961,5228.1,no
57,retired,married,basic.9y,no,no,no,388,yes,1.4,93.444,-36.1,4.965,5228.1,yes
24,admin.,single,high.school,unknown,yes,no,15,no,1.4,93.918,-42.7,4.958,5228.1,no
39,self-employed,married,university.degree,no,no,no,17,no,1.1,93.994,-36.4,4.858,5191,no
40,blue-collar,married,unknown,no,yes,yes,155,no,1.1,93.994,-36.4,4.857,5191,no
54,blue-collar,divorced,unknown,unknown,yes,no,339,no,1.4,94.465,-41.8,4.958,5228.1,no
25,admin.,single,university.degree,no,no,no,188,no,1.4,94.465,-41.8,4.864,5228.1,no
36,blue-collar,married,basic.9y,unknown,no,no,951,yes,-1.8,92.893,-46.2,1.281,5099.1,yes
48,admin.,married,university.degree,no,yes,no,288,yes,-0.1,93.2,-42,4.12,5195.8,no
32,admin.,single,university.degree,no,yes,no,206,no,1.4,93.444,-36.1,4.964,5228.1,no
48,admin.,married,university.degree,no,yes,yes,154,yes,1.4,93.918,-42.7,4.963,5228.1,no
30,technician,married,university.degree,unknown,yes,no,72,yes,1.1,93.994,-36.4,4.858,5191,no
41,admin.,divorced,high.school,no,no,no,293,no,1.1,93.994,-36.4,4.857,5191,no
54,retired,divorced,basic.4y,unknown,yes,no,141,yes,1.4,93.918,-42.7,4.962,5228.1,no
29,admin.,single,university.degree,no,yes,no,215,yes,-1.8,93.369,-34.8,0.639,5008.7,yes
28,blue-collar,single,high.school,no,yes,no,102,no,1.4,94.465,-41.8,4.865,5228.1,no
30,admin.,married,university.degree,no,no,no,178,yes,1.1,93.994,-36.4,4.857,5191,no
54,admin.,married,university.degree,no,yes,no,461,yes,1.1,93.994,-36.4,4.855,5191,no
33,entrepreneur,married,basic.9y,unknown,no,no,82,yes,1.1,93.994,-36.4,4.857,5191,no
38,blue-collar,married,basic.9y,no,no,no,204,yes,-1.8,92.893,-46.2,1.281,5099.1,no
46,housemaid,divorced,basic.6y,no,yes,no,143,yes,1.4,94.465,-41.8,4.864,5228.1,no
38,admin.,divorced,university.degree,no,no,no,50,yes,1.4,94.465,-41.8,4.959,5228.1,no
38,services,married,high.school,no,no,no,81,yes,1.4,93.918,-42.7,4.968,5228.1,no
33,blue-collar,married,high.school,no,yes,no,233,yes,1.1,93.994,-36.4,4.856,5191,no
25,admin.,married,university.degree,no,no,no,56,no,1.1,93.994,-36.4,4.864,5191,no
29,admin.,single,university.degree,unknown,yes,no,104,no,-1.8,92.893,-46.2,1.25,5099.1,no
60,technician,married,professional.course,unknown,no,no,55,no,1.4,93.918,-42.7,4.961,5228.1,no
57,services,married,high.school,no,yes,no,126,no,-1.8,92.893,-46.2,1.244,5099.1,no
36,admin.,single,university.degree,no,no,no,142,yes,1.4,93.444,-36.1,4.965,5228.1,no
54,admin.,married,university.degree,no,no,no,9,yes,1.4,93.918,-42.7,4.968,5228.1,no
25,self-employed,single,university.degree,no,no,no,247,yes,1.1,93.994,-36.4,4.856,5191,no
41,entrepreneur,married,university.degree,no,no,no,130,yes,1.1,93.994,-36.4,4.856,5191,no
54,management,married,university.degree,no,yes,no,336,yes,-1.8,93.075,-47.1,1.405,5099.1,no
39,blue-collar,divorced,basic.6y,unknown,no,no,101,yes,-1.8,92.893,-46.2,1.281,5099.1,no
55,entrepreneur,divorced,university.degree,unknown,no,no,56,no,-1.8,92.893,-46.2,1.313,5099.1,no
40,admin.,married,high.school,no,no,no,160,no,1.1,93.994,-36.4,4.857,5191,no
43,unemployed,married,university.degree,unknown,yes,no,424,no,1.1,93.994,-36.4,4.857,5191,no
81,retired,married,basic.4y,no,no,no,617,yes,-1.8,92.893,-46.2,1.354,5099.1,yes
43,technician,divorced,professional.course,no,yes,no,143,yes,-1.8,92.893,-46.2,1.264,5099.1,no
34,admin.,married,high.school,no,yes,no,238,no,-1.7,94.055,-39.8,0.704,4991.6,yes
42,technician,married,high.school,no,yes,no,188,yes,1.4,93.444,-36.1,4.968,5228.1,no
30,services,married,basic.6y,no,no,no,154,yes,-0.1,93.2,-42,4.153,5195.8,no
24,services,single,basic.9y,unknown,no,yes,222,yes,1.4,94.465,-41.8,4.865,5228.1,no
51,unknown,married,unknown,unknown,yes,no,10,yes,1.4,93.444,-36.1,4.963,5228.1,no
42,blue-collar,married,basic.9y,no,no,no,632,unknown,-1.8,92.893,-46.2,1.344,5099.1,no
51,self-employed,married,basic.4y,unknown,no,yes,91,no,1.1,93.994,-36.4,4.859,5191,no
38,blue-collar,married,high.school,unknown,no,no,90,yes,1.4,93.918,-42.7,4.962,5228.1,no
45,blue-collar,married,basic.4y,unknown,yes,yes,187,yes,1.4,93.444,-36.1,4.965,5228.1,no
51,admin.,divorced,university.degree,unknown,no,no,86,no,1.4,93.444,-36.1,4.963,5228.1,no
44,admin.,married,university.degree,unknown,no,no,165,no,1.1,93.994,-36.4,4.859,5191,no
52,technician,married,basic.9y,no,yes,no,102,yes,-0.1,93.2,-42,4.021,5195.8,no
49,admin.,married,university.degree,no,yes,no,212,yes,1.1,93.994,-36.4,4.857,5191,no
49,technician,married,professional.course,no,yes,no,57,no,1.1,93.994,-36.4,4.856,5191,no
52,unknown,married,basic.6y,no,no,no,54,no,1.1,93.994,-36.4,4.864,5191,no
32,entrepreneur,married,university.degree,no,no,no,73,yes,-0.1,93.2,-42,4.076,5195.8,no
27,services,married,high.school,no,no,no,184,no,1.4,93.918,-42.7,4.963,5228.1,no
44,admin.,divorced,high.school,no,yes,no,173,no,-1.8,92.893,-46.2,1.291,5099.1,no
33,admin.,single,university.degree,no,no,no,6,no,-1.8,92.893,-46.2,1.281,5099.1,no
30,services,married,basic.9y,no,no,no,70,yes,1.4,93.918,-42.7,4.961,5228.1,no
32,admin.,single,university.degree,no,yes,no,96,yes,1.4,93.918,-42.7,4.958,5228.1,no
36,blue-collar,married,professional.course,unknown,yes,yes,102,yes,1.4,94.465,-41.8,4.961,5228.1,no
49,unemployed,married,high.school,no,yes,no,98,yes,1.4,93.918,-42.7,4.963,5228.1,no
48,services,single,basic.4y,unknown,yes,yes,106,yes,-1.8,92.893,-46.2,1.266,5099.1,no
48,technician,married,professional.course,no,yes,no,336,no,1.4,93.444,-36.1,4.964,5228.1,yes
42,blue-collar,married,basic.4y,no,no,no,456,yes,1.1,93.994,-36.4,4.857,5191,no
28,admin.,married,high.school,no,yes,no,293,no,-1.8,92.893,-46.2,1.334,5099.1,no
52,management,married,university.degree,unknown,yes,yes,118,yes,1.4,93.444,-36.1,4.968,5228.1,no
23,management,single,university.degree,no,yes,no,314,yes,1.4,93.918,-42.7,4.961,5228.1,no
36,blue-collar,married,basic.6y,no,yes,no,167,yes,1.1,93.994,-36.4,4.858,5191,no
43,admin.,divorced,university.degree,unknown,no,no,111,yes,1.4,93.444,-36.1,4.966,5228.1,no
31,services,divorced,high.school,unknown,yes,no,236,yes,-1.8,92.893,-46.2,1.327,5099.1,no
49,unemployed,married,basic.4y,no,yes,no,155,yes,1.4,93.444,-36.1,4.964,5228.1,no
36,blue-collar,married,basic.9y,no,yes,no,80,no,1.4,93.918,-42.7,4.962,5228.1,no
47,management,divorced,basic.4y,no,no,no,241,yes,1.1,93.994,-36.4,4.855,5191,no
31,technician,single,professional.course,no,unknown,unknown,202,yes,1.4,93.444,-36.1,4.963,5228.1,no
46,entrepreneur,married,professional.course,unknown,no,no,88,no,1.4,94.465,-41.8,4.961,5228.1,no
54,blue-collar,married,basic.9y,unknown,yes,no,439,no,1.4,93.444,-36.1,4.966,5228.1,no
35,admin.,married,university.degree,no,no,no,322,yes,-1.8,92.893,-46.2,1.27,5099.1,no
37,admin.,divorced,high.school,no,no,no,51,no,1.1,93.994,-36.4,4.86,5191,no
44,blue-collar,married,basic.9y,unknown,yes,no,147,no,1.4,94.465,-41.8,4.865,5228.1,no
30,unemployed,married,high.school,no,no,no,417,yes,-1.8,92.893,-46.2,1.354,5099.1,yes
33,admin.,single,high.school,no,yes,no,498,no,1.4,93.918,-42.7,4.961,5228.1,no
57,services,divorced,unknown,no,no,no,405,no,-1.8,92.893,-46.2,1.313,5099.1,no
39,admin.,single,unknown,no,no,yes,219,no,1.1,93.994,-36.4,4.857,5191,no
43,unemployed,married,basic.4y,no,no,no,117,yes,-1.8,92.893,-46.2,1.334,5099.1,no
32,services,married,high.school,no,unknown,unknown,72,yes,1.1,93.994,-36.4,4.857,5191,no
29,technician,single,university.degree,no,no,no,68,no,-1.8,92.893,-46.2,1.244,5099.1,no
35,admin.,divorced,high.school,no,yes,yes,82,yes,-1.8,92.893,-46.2,1.299,5099.1,no
47,admin.,married,high.school,no,no,no,99,no,-1.8,92.893,-46.2,1.27,5099.1,no
37,management,married,university.degree,no,yes,no,252,yes,-0.1,93.2,-42,4.076,5195.8,no
35,technician,single,university.degree,unknown,no,no,712,no,-1.8,93.075,-47.1,1.405,5099.1,no
37,self-employed,married,basic.9y,no,yes,yes,171,yes,1.4,93.918,-42.7,4.963,5228.1,no
36,technician,married,high.school,unknown,yes,no,112,yes,1.4,93.444,-36.1,4.964,5228.1,no
50,admin.,married,basic.9y,no,no,no,84,no,1.4,93.444,-36.1,4.968,5228.1,no
30,admin.,single,university.degree,no,no,no,135,no,1.4,93.444,-36.1,4.965,5228.1,no
33,blue-collar,married,basic.9y,no,yes,no,132,no,1.4,93.918,-42.7,4.961,5228.1,no
37,admin.,single,high.school,no,no,yes,223,no,1.4,93.918,-42.7,4.961,5228.1,no
45,self-employed,divorced,university.degree,no,no,yes,133,yes,-1.8,92.893,-46.2,1.25,5099.1,no
30,admin.,single,university.degree,no,no,no,258,yes,-0.1,93.2,-42,4.021,5195.8,no
51,management,divorced,university.degree,no,no,no,345,no,-1.8,92.893,-46.2,1.334,5099.1,no
49,self-employed,single,basic.9y,no,no,no,58,yes,1.1,93.994,-36.4,4.858,5191,no
31,technician,single,university.degree,no,yes,no,958,no,1.4,93.444,-36.1,4.962,5228.1,no
40,admin.,single,university.degree,no,yes,no,250,yes,1.4,93.918,-42.7,4.962,5228.1,no
41,technician,married,professional.course,no,no,yes,898,yes,1.4,93.444,-36.1,4.963,5228.1,no
58,retired,married,basic.4y,no,yes,no,185,no,-1.8,93.075,-47.1,1.365,5099.1,no
49,blue-collar,married,basic.4y,unknown,yes,no,282,yes,1.1,93.994,-36.4,4.86,5191,no
39,technician,divorced,professional.course,no,yes,no,135,no,1.1,93.994,-36.4,4.855,5191,no
48,technician,married,basic.6y,no,no,yes,175,yes,1.1,93.994,-36.4,4.857,5191,no
50,entrepreneur,married,basic.4y,unknown,no,no,235,unknown,1.4,93.918,-42.7,4.958,5228.1,no
54,blue-collar,married,unknown,no,yes,no,99,no,1.4,93.444,-36.1,4.964,5228.1,no
38,blue-collar,married,unknown,unknown,no,yes,181,yes,1.1,93.994,-36.4,4.856,5191,no
51,blue-collar,married,basic.4y,no,no,no,132,yes,1.4,93.444,-36.1,4.968,5228.1,no
36,admin.,single,university.degree,unknown,no,no,117,no,1.1,93.994,-36.4,4.859,5191,no
35,blue-collar,married,basic.6y,no,yes,no,372,no,-0.1,93.2,-42,4.153,5195.8,no
44,admin.,married,high.school,no,no,no,126,no,1.4,93.444,-36.1,4.965,5228.1,no
43,blue-collar,married,basic.4y,no,no,yes,69,no,-1.8,92.893,-46.2,1.281,5099.1,no
30,technician,single,university.degree,no,no,no,183,no,1.4,93.444,-36.1,4.963,5228.1,no
41,technician,divorced,basic.4y,no,yes,no,270,yes,1.1,93.994,-36.4,4.856,5191,no
27,management,single,university.degree,no,yes,no,134,yes,1.1,93.994,-36.4,4.856,5191,no
45,blue-collar,married,high.school,no,yes,yes,449,no,-1.1,94.767,-50.8,1.05,4963.6,yes
26,admin.,single,high.school,no,yes,no,160,yes,1.1,93.994,-36.4,4.864,5191,no
36,technician,married,professional.course,no,unknown,unknown,155,yes,1.1,93.994,-36.4,4.857,5191,no
24,student,single,high.school,no,no,no,115,no,-2.9,92.469,-33.6,1.029,5076.2,no
46,management,married,university.degree,no,yes,no,205,yes,-0.1,93.2,-42,4.076,5195.8,no
61,blue-collar,married,basic.6y,no,yes,yes,403,yes,-1.8,93.876,-40,0.695,5008.7,yes
50,admin.,divorced,basic.9y,no,no,no,145,no,1.1,93.994,-36.4,4.857,5191,no
49,technician,married,professional.course,unknown,yes,no,82,yes,1.1,93.994,-36.4,4.856,5191,no
55,admin.,married,basic.4y,no,yes,no,548,yes,-1.8,93.075,-47.1,1.405,5099.1,no
54,blue-collar,married,basic.4y,no,yes,no,109,yes,1.4,93.444,-36.1,4.964,5228.1,no
40,blue-collar,divorced,basic.9y,no,yes,no,207,yes,1.4,93.918,-42.7,4.962,5228.1,no
58,blue-collar,married,basic.4y,unknown,yes,yes,173,yes,-1.8,92.893,-46.2,1.281,5099.1,no
58,entrepreneur,married,university.degree,no,no,no,175,yes,1.4,93.918,-42.7,4.963,5228.1,no
36,admin.,single,university.degree,no,yes,no,379,yes,1.4,93.444,-36.1,4.963,5228.1,no
30,admin.,single,university.degree,no,yes,no,105,yes,1.4,93.444,-36.1,4.964,5228.1,no
45,admin.,single,university.degree,no,yes,no,544,no,1.4,93.918,-42.7,4.958,5228.1,no
40,management,married,university.degree,no,yes,no,401,no,-0.1,93.2,-42,4.021,5195.8,no
42,self-employed,married,university.degree,no,no,no,84,no,1.4,93.918,-42.7,4.962,5228.1,no
43,blue-collar,married,unknown,no,yes,no,128,no,-1.8,92.893,-46.2,1.291,5099.1,no
24,student,single,high.school,unknown,no,no,86,yes,1.4,93.918,-42.7,4.962,5228.1,no
49,management,married,university.degree,no,no,no,549,yes,1.4,93.918,-42.7,4.962,5228.1,no
55,unemployed,married,basic.4y,no,yes,no,6,yes,-1.1,94.199,-37.5,0.879,4963.6,no
49,admin.,married,high.school,no,yes,no,183,yes,1.4,93.444,-36.1,4.966,5228.1,no
48,blue-collar,married,basic.4y,no,no,yes,291,yes,1.4,94.465,-41.8,4.864,5228.1,no
49,admin.,married,high.school,no,no,no,151,yes,1.4,93.444,-36.1,4.966,5228.1,no
40,blue-collar,married,high.school,unknown,yes,no,98,no,1.1,93.994,-36.4,4.857,5191,no
35,services,married,high.school,no,no,no,301,no,-1.8,92.893,-46.2,1.313,5099.1,no
32,admin.,single,professional.course,no,yes,no,16,no,1.1,93.994,-36.4,4.857,5191,no
67,housemaid,divorced,professional.course,no,yes,no,655,yes,-1.1,94.767,-50.8,1.039,4963.6,yes
41,technician,married,university.degree,no,yes,yes,170,yes,-1.8,92.893,-46.2,1.313,5099.1,no
73,retired,married,university.degree,no,yes,no,179,no,-1.8,92.843,-50,1.531,5099.1,yes
32,management,single,basic.4y,no,no,no,73,yes,1.1,93.994,-36.4,4.858,5191,no
33,management,married,university.degree,no,yes,no,113,yes,1.4,93.444,-36.1,4.964,5228.1,no
36,technician,married,professional.course,no,yes,no,86,yes,-1.8,92.893,-46.2,1.27,5099.1,no
40,technician,married,professional.course,no,yes,no,180,yes,-0.1,93.2,-42,4.076,5195.8,no
25,blue-collar,single,basic.9y,no,yes,yes,212,unknown,1.4,93.918,-42.7,4.962,5228.1,no
60,entrepreneur,married,unknown,no,no,no,130,no,-2.9,92.201,-31.4,0.883,5076.2,no
45,management,married,university.degree,no,yes,no,391,yes,1.4,93.918,-42.7,4.968,5228.1,no
33,technician,married,university.degree,no,no,no,91,yes,-0.1,93.2,-42,4.12,5195.8,no
31,admin.,married,university.degree,no,yes,no,280,no,1.4,93.444,-36.1,4.963,5228.1,no
48,self-employed,married,university.degree,unknown,yes,no,750,no,1.1,93.994,-36.4,4.86,5191,no
42,services,married,university.degree,no,yes,no,257,yes,-1.8,93.075,-47.1,1.405,5099.1,no
40,management,married,university.degree,no,no,yes,454,yes,1.4,93.444,-36.1,4.966,5228.1,no
30,technician,married,university.degree,no,no,no,171,no,-1.7,94.055,-39.8,0.748,4991.6,no
41,blue-collar,married,basic.4y,unknown,no,no,38,no,1.4,94.465,-41.8,4.864,5228.1,no
36,housemaid,married,basic.4y,no,unknown,unknown,23,yes,1.4,93.444,-36.1,4.965,5228.1,no
41,management,divorced,basic.6y,no,no,no,268,no,-0.1,93.2,-42,4.076,5195.8,no
60,unknown,married,university.degree,no,no,yes,112,no,1.1,93.994,-36.4,4.86,5191,no
32,services,single,high.school,no,unknown,unknown,363,no,-1.8,92.893,-46.2,1.281,5099.1,no
44,self-employed,single,professional.course,no,yes,no,775,yes,-1.8,92.893,-46.2,1.354,5099.1,yes
25,services,married,high.school,no,yes,no,164,yes,1.4,93.918,-42.7,4.957,5228.1,no
30,blue-collar,married,basic.9y,no,no,no,988,yes,1.4,93.918,-42.7,4.963,5228.1,yes
25,admin.,married,university.degree,no,yes,no,109,yes,1.4,94.465,-41.8,4.967,5228.1,no
31,technician,divorced,university.degree,no,yes,no,132,yes,1.4,93.444,-36.1,4.963,5228.1,no
44,blue-collar,married,basic.4y,no,unknown,unknown,471,no,1.4,94.465,-41.8,4.866,5228.1,no
29,technician,single,university.degree,no,no,no,259,yes,1.4,93.918,-42.7,4.963,5228.1,no
47,admin.,married,university.degree,no,no,no,42,no,1.1,93.994,-36.4,4.855,5191,no
18,student,single,unknown,no,no,no,385,yes,-3.4,92.379,-29.8,0.809,5017.5,yes
25,admin.,married,high.school,no,no,yes,125,yes,1.1,93.994,-36.4,4.856,5191,no
29,technician,married,professional.course,no,no,no,886,yes,1.1,93.994,-36.4,4.864,5191,yes
53,unknown,married,unknown,unknown,no,no,51,yes,1.4,93.444,-36.1,4.965,5228.1,no
36,self-employed,married,basic.9y,unknown,no,no,406,yes,1.4,93.444,-36.1,4.964,5228.1,no
45,blue-collar,single,basic.9y,no,no,no,185,no,1.4,94.465,-41.8,4.865,5228.1,no
31,technician,single,university.degree,no,no,no,154,yes,-0.1,93.798,-40.4,4.794,5195.8,yes
54,admin.,married,unknown,unknown,no,no,34,yes,1.4,94.465,-41.8,4.967,5228.1,no
51,blue-collar,married,basic.4y,unknown,yes,no,334,no,1.4,94.465,-41.8,4.961,5228.1,no
44,entrepreneur,married,basic.4y,no,yes,no,955,no,-1.8,92.893,-46.2,1.344,5099.1,yes
24,blue-collar,single,basic.9y,no,yes,no,545,yes,1.4,93.918,-42.7,4.963,5228.1,no
40,admin.,married,university.degree,no,yes,no,124,no,1.4,93.444,-36.1,4.966,5228.1,no
39,services,married,basic.4y,no,no,no,126,no,1.1,93.994,-36.4,4.86,5191,no
44,blue-collar,married,basic.4y,unknown,no,no,659,yes,-1.8,92.893,-46.2,1.344,5099.1,no
44,management,divorced,university.degree,no,yes,no,230,no,-1.8,93.075,-47.1,1.479,5099.1,no
52,entrepreneur,married,basic.9y,unknown,yes,no,699,no,1.4,94.465,-41.8,4.961,5228.1,no
51,blue-collar,married,high.school,no,yes,no,809,no,-1.8,92.893,-46.2,1.281,5099.1,yes
38,management,married,university.degree,no,yes,no,1276,yes,-1.8,92.893,-46.2,1.313,5099.1,yes
34,technician,married,professional.course,no,no,no,83,yes,-1.8,92.893,-46.2,1.313,5099.1,no
23,blue-collar,single,high.school,no,no,no,251,no,1.4,93.918,-42.7,4.957,5228.1,no
30,admin.,single,university.degree,no,no,no,25,yes,1.1,93.994,-36.4,4.856,5191,no
26,blue-collar,married,basic.6y,no,no,no,389,no,1.1,93.994,-36.4,4.859,5191,no
24,unknown,single,university.degree,no,yes,yes,696,yes,-2.9,92.963,-40.8,1.262,5076.2,no
34,admin.,married,basic.6y,no,yes,yes,102,no,-0.1,93.2,-42,4.12,5195.8,no
59,unknown,married,unknown,unknown,no,no,701,yes,1.4,94.465,-41.8,4.866,5228.1,yes
32,management,divorced,university.degree,no,no,no,342,yes,-1.8,92.893,-46.2,1.344,5099.1,no
27,self-employed,single,university.degree,no,yes,yes,161,no,1.4,94.465,-41.8,4.864,5228.1,no
39,housemaid,married,basic.4y,unknown,yes,no,223,no,1.4,93.444,-36.1,4.963,5228.1,no
29,blue-collar,married,professional.course,no,no,no,34,no,-1.8,92.893,-46.2,1.281,5099.1,no
42,technician,single,university.degree,no,yes,yes,275,no,1.4,93.444,-36.1,4.965,5228.1,no
60,management,married,unknown,unknown,no,no,230,yes,1.4,93.918,-42.7,4.96,5228.1,no
30,technician,single,university.degree,no,no,yes,81,yes,1.4,93.444,-36.1,4.964,5228.1,no
38,management,married,university.degree,no,yes,no,172,no,-1.8,92.893,-46.2,1.281,5099.1,no
49,blue-collar,married,basic.6y,no,no,no,139,yes,1.4,93.444,-36.1,4.963,5228.1,no
30,admin.,single,university.degree,no,yes,no,232,no,-1.8,92.893,-46.2,1.299,5099.1,no
41,blue-collar,married,high.school,no,yes,no,239,yes,-1.8,92.893,-46.2,1.25,5099.1,no
56,blue-collar,married,basic.9y,unknown,no,no,143,yes,1.4,94.465,-41.8,4.967,5228.1,no
58,blue-collar,single,basic.9y,no,yes,no,127,no,-1.8,92.893,-46.2,1.334,5099.1,no
52,blue-collar,divorced,basic.4y,no,yes,no,291,yes,-1.8,93.075,-47.1,1.41,5099.1,no
32,admin.,married,professional.course,no,yes,no,173,no,1.4,93.918,-42.7,4.963,5228.1,no
51,management,married,university.degree,no,yes,no,131,yes,-1.8,93.876,-40,0.697,5008.7,no
31,self-employed,married,university.degree,no,yes,no,73,unknown,1.4,93.444,-36.1,4.963,5228.1,no
34,technician,married,professional.course,no,yes,no,36,no,1.4,93.444,-36.1,4.963,5228.1,no
60,retired,married,unknown,no,yes,no,600,yes,1.4,93.444,-36.1,4.965,5228.1,yes
36,admin.,married,university.degree,no,yes,no,334,yes,-1.8,92.893,-46.2,1.313,5099.1,no
30,services,divorced,basic.9y,no,no,no,177,no,1.1,93.994,-36.4,4.86,5191,no
51,admin.,single,university.degree,no,yes,yes,263,no,-2.9,92.963,-40.8,1.268,5076.2,no
26,blue-collar,married,basic.9y,no,yes,no,159,no,1.4,93.918,-42.7,4.96,5228.1,no
39,admin.,married,university.degree,no,yes,no,217,no,1.4,93.444,-36.1,4.968,5228.1,no
38,entrepreneur,married,university.degree,unknown,no,no,477,no,1.1,93.994,-36.4,4.857,5191,no
41,blue-collar,married,basic.9y,no,no,no,216,yes,1.1,93.994,-36.4,4.856,5191,no
43,unknown,married,high.school,unknown,yes,yes,329,yes,1.1,93.994,-36.4,4.857,5191,no
60,entrepreneur,married,basic.4y,no,unknown,unknown,101,no,1.1,93.994,-36.4,4.86,5191,no
28,blue-collar,married,basic.6y,unknown,no,no,151,yes,1.4,94.465,-41.8,4.864,5228.1,no
34,technician,married,professional.course,no,yes,no,144,yes,1.4,93.918,-42.7,4.962,5228.1,no
64,unemployed,divorced,basic.9y,no,yes,no,604,no,-1.1,94.601,-49.5,0.959,4963.6,no
35,blue-collar,married,professional.course,no,yes,yes,634,yes,1.1,93.994,-36.4,4.858,5191,no
40,blue-collar,married,basic.9y,no,yes,no,107,yes,1.4,93.918,-42.7,4.961,5228.1,no
46,blue-collar,single,basic.6y,unknown,no,yes,245,no,-1.8,92.893,-46.2,1.327,5099.1,no
33,admin.,married,university.degree,no,yes,no,690,yes,-2.9,92.963,-40.8,1.262,5076.2,yes
74,retired,married,university.degree,no,no,no,160,yes,-1.1,94.601,-49.5,0.977,4963.6,no
40,management,married,high.school,no,yes,no,286,yes,1.4,93.444,-36.1,4.965,5228.1,no
46,services,married,high.school,no,no,no,93,yes,1.4,93.918,-42.7,4.962,5228.1,no
41,entrepreneur,divorced,professional.course,no,yes,no,72,yes,1.4,93.918,-42.7,4.963,5228.1,no
30,technician,single,university.degree,unknown,yes,no,103,yes,1.4,93.444,-36.1,4.968,5228.1,no
44,admin.,married,university.degree,no,yes,no,201,yes,-1.8,92.893,-46.2,1.344,5099.1,no
47,blue-collar,married,high.school,no,unknown,unknown,153,yes,1.4,93.444,-36.1,4.965,5228.1,no
50,blue-collar,married,basic.4y,unknown,yes,no,74,no,1.1,93.994,-36.4,4.859,5191,no
29,technician,single,professional.course,no,yes,no,245,no,-1.8,92.893,-46.2,1.244,5099.1,no
51,blue-collar,divorced,basic.4y,no,yes,no,314,no,-1.8,92.893,-46.2,1.291,5099.1,no
52,blue-collar,married,basic.4y,no,no,no,136,no,1.1,93.994,-36.4,4.859,5191,no
27,admin.,single,high.school,no,no,no,198,yes,-1.8,93.075,-47.1,1.41,5099.1,no
44,self-employed,married,basic.9y,no,yes,no,249,yes,1.4,94.465,-41.8,4.864,5228.1,no
34,unemployed,married,basic.9y,no,no,no,123,yes,-1.8,92.893,-46.2,1.299,5099.1,no
23,student,single,high.school,no,yes,no,226,yes,-1.1,94.601,-49.5,1.032,4963.6,yes
30,technician,single,professional.course,no,no,no,136,yes,1.4,93.918,-42.7,4.962,5228.1,no
26,student,single,high.school,no,yes,no,113,yes,-1.8,92.893,-46.2,1.244,5099.1,no
35,technician,married,university.degree,no,yes,no,262,no,-1.8,92.893,-46.2,1.299,5099.1,no
24,technician,single,university.degree,no,no,no,141,no,1.4,93.918,-42.7,4.963,5228.1,no
38,unemployed,married,basic.4y,unknown,no,no,1058,no,1.4,93.918,-42.7,4.961,5228.1,yes
36,admin.,married,high.school,no,no,no,263,yes,1.1,93.994,-36.4,4.86,5191,no
24,technician,single,university.degree,no,no,no,299,yes,1.4,93.918,-42.7,4.968,5228.1,no
31,management,married,university.degree,no,yes,no,181,no,1.4,93.444,-36.1,4.964,5228.1,no
41,admin.,married,university.degree,no,yes,no,206,yes,1.4,93.444,-36.1,4.965,5228.1,no
39,unemployed,married,university.degree,no,yes,no,168,yes,1.1,93.994,-36.4,4.855,5191,no
36,technician,divorced,professional.course,unknown,no,no,90,yes,1.4,94.465,-41.8,4.865,5228.1,no
47,retired,married,basic.4y,unknown,unknown,unknown,441,yes,1.1,93.994,-36.4,4.856,5191,no
33,technician,married,professional.course,no,no,no,285,unknown,-1.8,93.075,-47.1,1.41,5099.1,yes
34,blue-collar,married,professional.course,no,yes,no,135,no,-0.1,93.2,-42,4.153,5195.8,no
42,technician,divorced,professional.course,unknown,no,yes,286,yes,1.1,93.994,-36.4,4.859,5191,no
51,blue-collar,married,high.school,no,no,no,11,yes,-0.1,93.2,-42,4.021,5195.8,no
34,blue-collar,single,basic.6y,no,yes,yes,195,no,1.4,93.918,-42.7,4.957,5228.1,no
33,admin.,single,university.degree,no,yes,yes,275,no,1.4,93.444,-36.1,4.963,5228.1,no
37,management,married,university.degree,no,yes,no,292,yes,-1.7,94.215,-40.3,0.896,4991.6,yes
33,blue-collar,married,basic.9y,no,no,yes,9,yes,-1.7,94.215,-40.3,0.827,4991.6,no
36,housemaid,married,basic.4y,no,no,no,73,no,1.4,93.444,-36.1,4.965,5228.1,no
43,services,married,high.school,no,no,no,81,no,-0.1,93.2,-42,4.076,5195.8,no
47,blue-collar,married,basic.6y,no,yes,yes,298,yes,1.4,93.918,-42.7,4.962,5228.1,no
32,admin.,married,university.degree,no,yes,yes,224,no,1.4,93.444,-36.1,4.965,5228.1,no
42,admin.,single,university.degree,no,no,no,1013,no,-1.7,94.027,-38.3,0.898,4991.6,no
36,admin.,married,university.degree,no,yes,no,248,no,-0.1,93.2,-42,4.021,5195.8,no
42,blue-collar,divorced,basic.9y,no,unknown,unknown,100,yes,1.1,93.994,-36.4,4.858,5191,no
31,blue-collar,single,basic.9y,no,no,no,285,yes,-1.8,93.075,-47.1,1.483,5099.1,no
41,admin.,divorced,basic.6y,no,no,no,141,yes,1.4,93.918,-42.7,4.96,5228.1,no
31,technician,married,basic.9y,no,no,yes,1319,yes,1.4,93.918,-42.7,4.958,5228.1,yes
36,technician,single,professional.course,no,no,no,146,yes,-2.9,92.963,-40.8,1.268,5076.2,yes
46,services,married,basic.9y,no,no,yes,227,no,-1.8,92.893,-46.2,1.334,5099.1,no
35,admin.,divorced,high.school,no,no,no,49,yes,-0.1,93.2,-42,4.191,5195.8,no
30,technician,married,high.school,no,yes,no,212,no,1.1,93.994,-36.4,4.86,5191,no
35,technician,single,university.degree,no,yes,no,294,yes,1.1,93.994,-36.4,4.857,5191,no
47,management,married,basic.4y,unknown,no,no,190,yes,1.1,93.994,-36.4,4.857,5191,no
35,management,single,high.school,no,yes,yes,130,yes,-1.8,92.893,-46.2,1.313,5099.1,no
77,management,married,unknown,no,yes,no,160,yes,-1.7,94.027,-38.3,0.905,4991.6,yes
39,technician,married,professional.course,no,unknown,unknown,575,yes,1.1,93.994,-36.4,4.858,5191,no
37,admin.,single,high.school,no,yes,no,49,no,1.4,93.918,-42.7,4.961,5228.1,no
31,admin.,single,university.degree,no,no,no,237,yes,1.1,93.994,-36.4,4.857,5191,no
49,technician,divorced,high.school,no,yes,no,388,yes,1.4,93.918,-42.7,4.958,5228.1,no
57,self-employed,married,university.degree,unknown,no,no,83,no,1.4,93.918,-42.7,4.962,5228.1,no
33,blue-collar,divorced,basic.9y,no,yes,no,155,no,1.4,94.465,-41.8,4.958,5228.1,no
35,blue-collar,married,basic.6y,no,yes,no,115,yes,1.1,93.994,-36.4,4.864,5191,no
39,technician,single,university.degree,no,yes,yes,861,no,-1.8,93.075,-47.1,1.405,5099.1,no
34,technician,married,basic.9y,no,yes,no,95,no,-1.8,92.893,-46.2,1.299,5099.1,no
32,admin.,single,high.school,no,no,yes,180,yes,1.4,94.465,-41.8,4.967,5228.1,no
35,student,single,university.degree,unknown,no,no,618,no,1.4,94.465,-41.8,4.961,5228.1,yes
53,self-employed,married,university.degree,no,no,no,59,no,1.4,93.444,-36.1,4.963,5228.1,no
30,technician,married,university.degree,no,yes,no,31,no,1.4,93.918,-42.7,4.963,5228.1,no
30,student,single,unknown,unknown,yes,no,114,yes,1.1,93.994,-36.4,4.857,5191,no
44,blue-collar,married,high.school,no,no,no,271,yes,-1.8,93.075,-47.1,1.466,5099.1,no
50,admin.,married,basic.9y,no,no,no,23,no,1.4,93.444,-36.1,4.962,5228.1,no
56,retired,married,high.school,no,yes,no,167,yes,1.1,93.994,-36.4,4.857,5191,no
58,retired,divorced,high.school,no,yes,no,145,no,-2.9,92.963,-40.8,1.262,5076.2,no
54,technician,married,university.degree,unknown,no,no,322,yes,1.4,94.465,-41.8,4.958,5228.1,no
40,technician,single,university.degree,no,no,no,130,no,-3.4,92.649,-30.1,0.714,5017.5,yes
31,blue-collar,married,basic.6y,no,no,no,103,yes,1.4,93.918,-42.7,4.963,5228.1,no
41,admin.,married,high.school,no,yes,no,181,yes,-1.8,92.893,-46.2,1.344,5099.1,no
31,blue-collar,single,high.school,no,yes,no,361,no,-1.8,92.893,-46.2,1.327,5099.1,no
39,services,married,high.school,no,yes,yes,200,no,-1.8,92.893,-46.2,1.344,5099.1,no
37,admin.,married,high.school,no,yes,no,166,no,1.1,93.994,-36.4,4.857,5191,no
41,unknown,single,unknown,unknown,yes,no,94,no,1.4,94.465,-41.8,4.967,5228.1,no
50,technician,married,university.degree,no,yes,no,367,yes,1.4,93.918,-42.7,4.962,5228.1,no
49,blue-collar,married,basic.4y,unknown,no,no,187,yes,1.1,93.994,-36.4,4.859,5191,no
31,admin.,married,university.degree,no,no,no,197,no,1.1,93.994,-36.4,4.859,5191,no
35,services,married,professional.course,no,yes,no,218,yes,-1.8,93.749,-34.6,0.644,5008.7,yes
52,management,married,university.degree,no,yes,no,412,no,1.1,93.994,-36.4,4.859,5191,no
33,management,married,university.degree,no,no,no,166,yes,1.1,93.994,-36.4,4.855,5191,no
32,blue-collar,married,basic.4y,no,no,no,299,yes,-1.8,92.893,-46.2,1.299,5099.1,no
35,management,married,university.degree,no,yes,no,584,no,-1.8,93.075,-47.1,1.365,5099.1,no
54,admin.,married,university.degree,no,yes,yes,204,yes,-2.9,92.201,-31.4,0.849,5076.2,yes
27,services,single,high.school,unknown,no,no,509,no,1.4,93.918,-42.7,4.962,5228.1,yes
52,management,married,professional.course,no,yes,yes,280,yes,1.1,93.994,-36.4,4.857,5191,no
32,admin.,married,university.degree,no,yes,yes,131,unknown,-2.9,92.201,-31.4,0.881,5076.2,no
36,admin.,single,high.school,no,yes,no,27,no,-1.8,92.893,-46.2,1.327,5099.1,no
27,admin.,married,professional.course,no,no,no,584,yes,-1.8,92.893,-46.2,1.266,5099.1,no
39,blue-collar,single,basic.9y,no,yes,no,78,yes,-0.1,93.2,-42,4.191,5195.8,no
34,entrepreneur,married,university.degree,no,no,yes,77,no,-1.8,93.075,-47.1,1.405,5099.1,no
35,blue-collar,married,basic.9y,no,yes,no,162,no,1.1,93.994,-36.4,4.858,5191,no
32,admin.,single,university.degree,no,no,no,180,no,1.1,93.994,-36.4,4.859,5191,no
42,technician,married,professional.course,no,no,no,96,no,-2.9,92.201,-31.4,0.879,5076.2,no
42,admin.,married,high.school,no,no,no,651,no,-0.1,93.2,-42,4.191,5195.8,yes
37,management,single,university.degree,no,yes,no,415,yes,1.1,93.994,-36.4,4.857,5191,no
34,admin.,married,university.degree,no,yes,yes,85,yes,-0.1,93.2,-42,4.021,5195.8,no
27,admin.,single,high.school,no,yes,no,130,no,1.4,93.918,-42.7,4.958,5228.1,no
49,blue-collar,married,basic.9y,unknown,no,no,1149,yes,1.4,94.465,-41.8,4.866,5228.1,yes
35,admin.,married,university.degree,no,no,no,235,yes,1.1,93.994,-36.4,4.857,5191,no
22,blue-collar,single,basic.9y,no,yes,no,110,no,1.4,93.918,-42.7,4.96,5228.1,no
45,housemaid,divorced,university.degree,no,yes,no,105,yes,1.1,93.994,-36.4,4.86,5191,no
29,blue-collar,married,high.school,no,yes,no,42,yes,1.4,93.918,-42.7,4.962,5228.1,no
59,technician,married,professional.course,no,yes,no,240,no,-2.9,92.201,-31.4,0.834,5076.2,no
55,retired,divorced,basic.6y,unknown,no,no,228,yes,1.4,94.465,-41.8,4.865,5228.1,no
32,blue-collar,married,unknown,no,no,no,366,yes,-0.1,93.2,-42,4.076,5195.8,no
49,blue-collar,divorced,unknown,unknown,yes,no,284,yes,1.4,93.918,-42.7,4.957,5228.1,no
43,admin.,married,professional.course,no,yes,no,193,yes,1.4,94.465,-41.8,4.866,5228.1,no
47,blue-collar,married,high.school,no,yes,no,181,yes,-1.8,92.893,-46.2,1.25,5099.1,no
41,blue-collar,divorced,basic.9y,no,yes,no,102,yes,-1.8,92.893,-46.2,1.327,5099.1,no
50,blue-collar,married,basic.9y,unknown,yes,no,192,yes,1.1,93.994,-36.4,4.857,5191,no
46,entrepreneur,married,university.degree,no,yes,no,148,yes,-0.1,93.2,-42,4.153,5195.8,no
32,services,married,high.school,no,yes,yes,184,no,1.1,93.994,-36.4,4.858,5191,no
47,retired,single,basic.6y,unknown,yes,yes,431,no,1.4,93.918,-42.7,4.962,5228.1,no
54,admin.,married,university.degree,unknown,no,yes,82,no,1.1,93.994,-36.4,4.86,5191,no
29,technician,married,university.degree,no,no,no,135,no,-1.8,93.749,-34.6,0.645,5008.7,no
33,admin.,married,university.degree,no,no,no,157,yes,-1.8,93.749,-34.6,0.659,5008.7,no
31,student,single,university.degree,no,no,no,608,yes,-1.7,94.215,-40.3,0.885,4991.6,yes
27,blue-collar,single,basic.9y,no,yes,no,339,yes,-1.8,92.893,-46.2,1.291,5099.1,no
25,student,single,high.school,no,no,no,244,yes,-1.1,94.767,-50.8,1.041,4963.6,yes
34,technician,married,university.degree,no,yes,no,686,yes,-0.1,93.2,-42,4.12,5195.8,yes
35,admin.,married,high.school,no,no,no,165,yes,1.1,93.994,-36.4,4.857,5191,no
37,services,married,basic.9y,unknown,yes,no,211,no,-1.8,92.893,-46.2,1.281,5099.1,no
34,technician,single,university.degree,no,yes,yes,455,no,1.4,93.444,-36.1,4.967,5228.1,yes
33,blue-collar,single,basic.4y,no,no,yes,807,no,-1.8,92.893,-46.2,1.291,5099.1,no
54,self-employed,married,high.school,no,yes,no,204,yes,1.4,93.444,-36.1,4.964,5228.1,no
30,blue-collar,married,basic.9y,no,yes,no,175,yes,-0.1,93.2,-42,4.12,5195.8,no
40,blue-collar,married,basic.4y,no,no,no,258,no,1.4,94.465,-41.8,4.961,5228.1,no
37,technician,single,high.school,no,yes,no,44,yes,-1.8,93.075,-47.1,1.41,5099.1,no
34,housemaid,divorced,university.degree,no,yes,yes,73,yes,-1.8,93.075,-47.1,1.405,5099.1,no
25,unemployed,married,high.school,unknown,unknown,unknown,147,yes,1.4,93.918,-42.7,4.963,5228.1,no
59,retired,married,university.degree,no,yes,no,17,yes,1.4,93.444,-36.1,4.962,5228.1,no
25,admin.,single,university.degree,no,yes,no,420,unknown,-3.4,92.379,-29.8,0.809,5017.5,no
58,unemployed,married,university.degree,no,yes,no,344,no,-1.1,94.767,-50.8,1.041,4963.6,yes
42,blue-collar,single,basic.4y,no,unknown,unknown,385,yes,1.4,93.918,-42.7,4.962,5228.1,no
33,technician,married,university.degree,no,yes,no,182,yes,-1.8,92.893,-46.2,1.244,5099.1,no
50,blue-collar,married,basic.4y,unknown,yes,no,80,no,1.4,93.444,-36.1,4.966,5228.1,no
39,blue-collar,married,basic.6y,no,no,no,393,no,1.1,93.994,-36.4,4.855,5191,no
30,technician,single,high.school,no,no,no,638,yes,1.4,93.444,-36.1,4.963,5228.1,yes
33,management,married,high.school,unknown,yes,no,641,yes,1.1,93.994,-36.4,4.858,5191,no
33,management,married,university.degree,no,no,no,21,no,1.1,93.994,-36.4,4.855,5191,no
41,technician,married,professional.course,no,yes,no,446,no,1.1,93.994,-36.4,4.858,5191,no
36,management,married,university.degree,no,yes,no,170,yes,1.1,93.994,-36.4,4.864,5191,no
44,entrepreneur,married,university.degree,no,yes,yes,96,no,-0.1,93.2,-42,4.076,5195.8,no
57,retired,married,basic.4y,no,yes,yes,1348,no,-1.8,93.075,-47.1,1.405,5099.1,yes
40,blue-collar,married,basic.6y,unknown,no,no,85,no,1.1,93.994,-36.4,4.856,5191,no
42,blue-collar,married,basic.9y,unknown,no,no,148,yes,1.1,93.994,-36.4,4.859,5191,no
41,self-employed,single,university.degree,no,yes,yes,23,yes,1.1,93.994,-36.4,4.857,5191,no
41,entrepreneur,married,university.degree,no,yes,no,324,yes,-1.7,94.027,-38.3,0.904,4991.6,yes
33,services,married,professional.course,no,yes,yes,331,yes,1.4,93.444,-36.1,4.962,5228.1,no
32,technician,single,high.school,no,no,no,40,yes,1.4,93.918,-42.7,4.963,5228.1,no
45,unemployed,married,university.degree,no,no,no,550,no,1.1,93.994,-36.4,4.856,5191,no
29,technician,single,university.degree,no,no,no,442,yes,-2.9,92.963,-40.8,1.26,5076.2,no
35,technician,single,basic.9y,no,no,no,178,no,-0.1,93.2,-42,4.12,5195.8,no
35,admin.,married,university.degree,no,yes,no,110,yes,-1.1,94.199,-37.5,0.886,4963.6,no
86,retired,married,unknown,unknown,yes,yes,211,yes,-1.1,94.199,-37.5,0.877,4963.6,yes
45,admin.,married,university.degree,no,no,no,27,yes,1.4,93.444,-36.1,4.963,5228.1,no
34,technician,married,professional.course,no,no,yes,388,yes,1.1,93.994,-36.4,4.855,5191,no
41,technician,married,professional.course,no,yes,no,545,yes,-1.1,94.767,-50.8,1.039,4963.6,yes
50,blue-collar,married,basic.4y,no,yes,no,146,no,-1.8,92.893,-46.2,1.334,5099.1,no
28,management,single,basic.9y,no,yes,no,166,yes,-1.8,92.893,-46.2,1.266,5099.1,no
33,admin.,married,university.degree,no,yes,no,139,yes,1.1,93.994,-36.4,4.86,5191,no
42,technician,married,university.degree,unknown,yes,no,301,no,-1.8,92.893,-46.2,1.334,5099.1,no
43,blue-collar,married,basic.6y,no,no,no,218,no,1.1,93.994,-36.4,4.859,5191,no
42,services,married,university.degree,no,no,no,179,yes,-3,92.713,-33,0.715,5023.5,yes
56,blue-collar,married,basic.4y,unknown,no,yes,360,no,1.4,93.444,-36.1,4.968,5228.1,no
29,student,single,university.degree,no,yes,no,489,no,1.4,93.918,-42.7,4.963,5228.1,no
31,housemaid,single,high.school,no,yes,no,125,yes,1.4,93.918,-42.7,4.963,5228.1,no
31,admin.,single,high.school,no,yes,no,304,no,1.4,93.918,-42.7,4.962,5228.1,no
28,blue-collar,married,basic.4y,no,no,no,189,no,-1.8,92.893,-46.2,1.291,5099.1,no
43,admin.,married,university.degree,no,yes,yes,377,no,1.4,93.918,-42.7,4.962,5228.1,no
44,admin.,single,high.school,no,yes,no,728,yes,-1.8,92.893,-46.2,1.334,5099.1,no
43,admin.,married,high.school,no,yes,no,128,yes,1.4,93.918,-42.7,4.962,5228.1,no
41,retired,single,basic.4y,no,yes,no,278,no,-1.1,94.601,-49.5,0.942,4963.6,no
31,admin.,single,university.degree,no,no,no,387,yes,-2.9,92.201,-31.4,0.883,5076.2,no
59,admin.,married,university.degree,no,yes,yes,29,no,1.1,93.994,-36.4,4.86,5191,no
32,housemaid,single,university.degree,unknown,yes,no,71,yes,1.4,93.918,-42.7,4.961,5228.1,no
24,student,single,high.school,no,no,no,292,no,-1.7,94.055,-39.8,0.737,4991.6,no
31,blue-collar,single,basic.9y,no,no,no,767,yes,1.4,94.465,-41.8,4.864,5228.1,yes
38,admin.,single,high.school,no,yes,yes,1476,yes,-0.1,93.2,-42,4.076,5195.8,no
37,management,divorced,university.degree,no,yes,no,176,no,-1.8,92.893,-46.2,1.244,5099.1,no
33,admin.,married,university.degree,no,yes,no,52,no,1.4,93.918,-42.7,4.963,5228.1,no
27,admin.,single,university.degree,no,yes,yes,150,no,1.4,93.918,-42.7,4.96,5228.1,no
34,services,married,high.school,no,no,no,285,no,1.1,93.994,-36.4,4.86,5191,no
46,self-employed,married,basic.6y,unknown,yes,no,32,yes,-0.1,93.2,-42,4.153,5195.8,no
30,admin.,married,high.school,no,no,no,227,yes,1.4,93.918,-42.7,4.957,5228.1,no
31,unemployed,single,basic.4y,no,no,no,12,no,-0.1,93.2,-42,4.021,5195.8,no
56,management,married,university.degree,no,no,yes,171,yes,1.1,93.994,-36.4,4.858,5191,no
52,services,married,high.school,no,no,no,183,no,1.4,93.918,-42.7,4.962,5228.1,no
30,technician,married,professional.course,no,yes,no,501,yes,1.4,93.918,-42.7,4.966,5228.1,no
34,blue-collar,married,basic.6y,no,no,no,381,yes,1.4,94.465,-41.8,4.947,5228.1,no
31,admin.,married,high.school,no,no,no,142,no,-3.4,92.431,-26.9,0.722,5017.5,yes
33,admin.,married,university.degree,no,yes,no,482,yes,-1.1,94.767,-50.8,1.049,4963.6,yes
33,admin.,single,university.degree,no,yes,yes,117,no,-1.8,93.075,-47.1,1.415,5099.1,no
30,technician,single,university.degree,no,yes,no,14,yes,1.4,93.444,-36.1,4.965,5228.1,no
28,admin.,single,university.degree,no,no,no,69,unknown,-1.8,93.075,-47.1,1.405,5099.1,no
24,technician,single,professional.course,no,no,no,240,no,-1.8,92.893,-46.2,1.266,5099.1,no
41,blue-collar,married,basic.4y,no,yes,yes,389,yes,-1.8,92.893,-46.2,1.334,5099.1,no
26,admin.,married,high.school,no,no,no,326,yes,1.1,93.994,-36.4,4.86,5191,no
40,admin.,married,unknown,no,no,no,387,no,1.1,93.994,-36.4,4.86,5191,no
45,housemaid,single,basic.4y,no,no,no,569,no,-3.4,92.379,-29.8,0.797,5017.5,yes
42,admin.,married,university.degree,unknown,yes,no,160,no,1.4,94.465,-41.8,4.866,5228.1,no
41,technician,married,high.school,no,no,no,697,no,1.4,93.444,-36.1,4.963,5228.1,yes
56,management,divorced,basic.9y,unknown,yes,no,313,no,1.1,93.994,-36.4,4.86,5191,no
25,technician,single,high.school,no,yes,no,581,yes,-1.8,93.876,-40,0.699,5008.7,no
25,blue-collar,single,high.school,unknown,yes,no,23,yes,-1.8,92.893,-46.2,1.299,5099.1,no
33,admin.,single,high.school,no,yes,no,659,no,-1.8,92.893,-46.2,1.344,5099.1,no
34,technician,married,basic.9y,no,no,no,103,yes,-1.8,92.893,-46.2,1.299,5099.1,no
36,technician,single,high.school,no,yes,no,243,yes,-2.9,92.469,-33.6,1.029,5076.2,no
75,retired,married,university.degree,no,yes,no,229,no,-1.7,94.215,-40.3,0.81,4991.6,yes
38,management,married,university.degree,no,no,yes,79,yes,-0.1,93.2,-42,4.021,5195.8,no
28,student,single,unknown,no,yes,no,111,yes,-2.9,92.201,-31.4,0.883,5076.2,no
56,retired,married,basic.4y,unknown,yes,no,102,no,1.4,93.444,-36.1,4.967,5228.1,no
58,blue-collar,married,professional.course,no,no,no,15,yes,1.4,94.465,-41.8,4.959,5228.1,no
30,blue-collar,single,unknown,no,yes,yes,408,yes,1.1,93.994,-36.4,4.857,5191,no
48,admin.,married,university.degree,unknown,yes,no,286,yes,1.4,93.444,-36.1,4.965,5228.1,no
30,admin.,married,high.school,no,yes,no,53,yes,1.4,93.918,-42.7,4.959,5228.1,no
43,admin.,married,high.school,no,unknown,unknown,164,yes,1.1,93.994,-36.4,4.858,5191,no
33,admin.,single,university.degree,no,no,no,305,yes,-1.8,92.893,-46.2,1.244,5099.1,no
36,technician,married,basic.6y,no,no,no,316,yes,-1.8,93.075,-47.1,1.405,5099.1,no
54,retired,single,high.school,no,yes,no,577,yes,1.4,93.918,-42.7,4.962,5228.1,no
29,blue-collar,single,high.school,no,yes,no,90,no,1.4,93.918,-42.7,4.957,5228.1,no
28,admin.,single,university.degree,no,yes,yes,454,no,-3,92.713,-33,0.71,5023.5,no
59,retired,divorced,professional.course,no,no,no,69,no,-1.8,92.893,-46.2,1.281,5099.1,no
45,blue-collar,married,basic.9y,unknown,yes,no,427,no,-1.8,93.075,-47.1,1.423,5099.1,no
32,technician,single,university.degree,no,yes,no,25,yes,1.4,93.444,-36.1,4.964,5228.1,no
55,retired,divorced,professional.course,no,no,yes,217,yes,1.1,93.994,-36.4,4.857,5191,no
29,admin.,single,university.degree,no,no,no,139,yes,1.4,93.444,-36.1,4.963,5228.1,no
31,technician,married,professional.course,no,no,no,257,yes,1.1,93.994,-36.4,4.858,5191,no
34,technician,married,high.school,no,yes,no,107,yes,1.4,93.444,-36.1,4.964,5228.1,no
25,technician,divorced,university.degree,no,yes,no,214,yes,1.4,94.465,-41.8,4.865,5228.1,no
35,blue-collar,married,basic.9y,no,yes,no,105,no,-3,92.713,-33,0.707,5023.5,no
49,technician,married,basic.9y,no,yes,no,146,no,1.1,93.994,-36.4,4.857,5191,no
35,blue-collar,married,basic.9y,unknown,yes,no,19,no,1.4,93.918,-42.7,4.968,5228.1,no
36,admin.,married,university.degree,no,no,no,65,yes,-1.8,92.893,-46.2,1.266,5099.1,no
29,technician,single,university.degree,no,yes,yes,281,yes,-0.1,93.2,-42,4.076,5195.8,no
30,admin.,single,high.school,no,unknown,unknown,229,no,-0.1,93.2,-42,4.153,5195.8,no
24,student,married,university.degree,no,no,no,114,yes,1.4,93.918,-42.7,4.961,5228.1,no
47,admin.,single,university.degree,no,yes,no,243,yes,-2.9,92.963,-40.8,1.281,5076.2,yes
32,blue-collar,married,basic.4y,no,no,yes,80,yes,-1.8,92.893,-46.2,1.266,5099.1,no
34,technician,single,professional.course,no,no,no,468,yes,1.4,93.444,-36.1,4.965,5228.1,no
34,admin.,single,university.degree,no,no,no,101,unknown,-1.8,92.893,-46.2,1.25,5099.1,no
39,technician,married,professional.course,no,no,no,83,no,1.4,94.465,-41.8,4.961,5228.1,no
47,blue-collar,married,basic.9y,no,yes,yes,74,yes,-1.8,92.893,-46.2,1.334,5099.1,no
32,technician,married,high.school,no,yes,no,67,yes,-1.8,92.893,-46.2,1.344,5099.1,no
29,technician,single,university.degree,no,yes,no,438,no,1.4,93.918,-42.7,4.963,5228.1,no
57,retired,married,university.degree,no,yes,no,12,no,1.4,94.465,-41.8,4.959,5228.1,no
49,management,married,high.school,no,no,no,582,yes,-0.1,93.2,-42,4.12,5195.8,no
42,technician,married,professional.course,unknown,yes,no,721,yes,1.4,93.918,-42.7,4.968,5228.1,no
29,admin.,single,university.degree,unknown,yes,no,142,no,1.4,93.444,-36.1,4.966,5228.1,no
34,technician,married,professional.course,no,yes,yes,224,no,1.1,93.994,-36.4,4.855,5191,no
51,entrepreneur,divorced,university.degree,no,yes,no,212,yes,-1.8,92.893,-46.2,1.299,5099.1,no
47,blue-collar,divorced,basic.9y,no,no,no,295,no,-1.8,92.893,-46.2,1.344,5099.1,no
53,technician,married,professional.course,no,yes,no,247,no,-1.8,93.369,-34.8,0.646,5008.7,no
28,technician,married,basic.9y,no,yes,no,236,no,1.4,93.918,-42.7,4.96,5228.1,no
27,technician,single,university.degree,no,yes,no,184,yes,-1.1,94.601,-49.5,1.043,4963.6,yes
23,admin.,single,university.degree,no,yes,no,104,yes,-1.7,94.215,-40.3,0.881,4991.6,no
30,student,single,high.school,no,no,no,200,yes,-1.7,94.027,-38.3,0.904,4991.6,no
42,blue-collar,married,basic.6y,no,yes,no,172,yes,-1.8,92.893,-46.2,1.281,5099.1,no
38,admin.,single,university.degree,no,yes,no,190,yes,1.4,94.465,-41.8,4.962,5228.1,no
29,admin.,married,university.degree,no,yes,yes,245,no,-1.8,93.075,-47.1,1.405,5099.1,no
44,housemaid,married,basic.4y,no,yes,no,31,yes,-1.8,92.893,-46.2,1.281,5099.1,no
59,retired,married,high.school,no,unknown,unknown,204,no,1.4,93.444,-36.1,4.968,5228.1,no
45,management,single,basic.9y,no,yes,no,165,yes,-0.1,93.2,-42,4.076,5195.8,no
51,management,married,university.degree,unknown,no,yes,93,yes,1.4,94.465,-41.8,4.955,5228.1,no
28,services,married,high.school,no,yes,yes,114,yes,1.1,93.994,-36.4,4.857,5191,no
29,technician,married,university.degree,no,yes,yes,94,yes,1.4,93.444,-36.1,4.964,5228.1,no
28,technician,single,professional.course,no,yes,no,477,yes,-1.8,93.075,-47.1,1.483,5099.1,no
29,technician,single,professional.course,no,yes,no,231,no,-1.8,92.893,-46.2,1.281,5099.1,no
40,admin.,single,high.school,unknown,yes,no,142,yes,1.4,94.465,-41.8,4.865,5228.1,no
43,blue-collar,married,basic.4y,no,yes,no,221,yes,-1.8,92.893,-46.2,1.244,5099.1,no
54,management,married,university.degree,no,no,yes,218,no,1.4,93.918,-42.7,4.961,5228.1,no
42,admin.,married,university.degree,no,yes,no,370,no,-1.8,92.893,-46.2,1.354,5099.1,no
55,services,married,high.school,no,no,no,336,yes,-1.8,92.893,-46.2,1.244,5099.1,no
49,blue-collar,single,basic.4y,unknown,no,no,121,no,1.4,93.918,-42.7,4.962,5228.1,no
52,services,married,professional.course,unknown,yes,yes,84,no,1.4,93.444,-36.1,4.965,5228.1,no
32,admin.,married,high.school,no,no,no,52,yes,1.4,93.444,-36.1,4.966,5228.1,no
23,admin.,single,university.degree,no,yes,yes,69,no,1.4,93.918,-42.7,4.96,5228.1,no
34,technician,married,professional.course,no,yes,yes,42,no,-0.1,93.2,-42,4.076,5195.8,no
36,services,married,high.school,no,no,no,98,no,1.4,93.918,-42.7,4.963,5228.1,no
54,admin.,single,university.degree,unknown,no,no,218,yes,1.4,93.444,-36.1,4.968,5228.1,no
39,services,divorced,basic.9y,no,yes,no,51,yes,1.1,93.994,-36.4,4.86,5191,no
50,housemaid,divorced,basic.4y,no,no,no,57,no,-1.1,94.199,-37.5,0.877,4963.6,no
30,services,single,high.school,no,yes,no,181,yes,-2.9,92.963,-40.8,1.26,5076.2,yes
27,blue-collar,married,basic.9y,no,no,yes,1170,no,1.1,93.994,-36.4,4.855,5191,no
32,admin.,divorced,university.degree,no,yes,no,147,yes,1.1,93.994,-36.4,4.86,5191,no
54,technician,married,university.degree,unknown,no,no,71,no,1.4,94.465,-41.8,4.96,5228.1,no
40,blue-collar,married,basic.4y,unknown,unknown,unknown,135,yes,1.4,93.918,-42.7,4.962,5228.1,no
50,blue-collar,married,professional.course,unknown,yes,no,157,yes,-1.8,92.893,-46.2,1.327,5099.1,no
35,technician,single,professional.course,no,unknown,unknown,146,no,-1.8,92.893,-46.2,1.299,5099.1,no
26,admin.,single,university.degree,no,yes,no,355,no,-1.1,94.199,-37.5,0.881,4963.6,no
45,admin.,single,university.degree,no,yes,no,99,no,1.4,93.444,-36.1,4.965,5228.1,no
28,technician,married,high.school,no,no,no,180,no,1.1,93.994,-36.4,4.856,5191,no
28,blue-collar,single,basic.4y,no,yes,no,101,yes,1.1,93.994,-36.4,4.857,5191,no
50,technician,married,professional.course,no,no,no,121,yes,1.1,93.994,-36.4,4.859,5191,no
31,blue-collar,married,basic.6y,no,yes,no,55,no,1.4,94.465,-41.8,4.959,5228.1,no
34,admin.,single,university.degree,no,no,no,114,yes,1.4,93.444,-36.1,4.964,5228.1,no
56,blue-collar,married,basic.4y,unknown,no,no,368,no,1.4,93.918,-42.7,4.961,5228.1,no
29,entrepreneur,married,basic.4y,no,no,no,103,yes,1.4,93.918,-42.7,4.961,5228.1,no
58,admin.,married,university.degree,no,no,no,233,yes,1.4,93.444,-36.1,4.965,5228.1,no
46,blue-collar,married,basic.4y,no,no,no,471,no,-1.8,92.893,-46.2,1.299,5099.1,no
35,blue-collar,divorced,basic.9y,no,no,yes,131,yes,1.1,93.994,-36.4,4.856,5191,no
34,management,married,university.degree,unknown,yes,no,281,no,-1.8,92.893,-46.2,1.327,5099.1,no
39,admin.,single,high.school,no,no,no,297,yes,-1.8,93.075,-47.1,1.405,5099.1,no
40,management,married,unknown,no,yes,no,165,unknown,-0.1,93.2,-42,4.076,5195.8,no
40,admin.,married,university.degree,no,yes,yes,117,no,1.4,93.444,-36.1,4.966,5228.1,no
54,blue-collar,married,basic.4y,unknown,yes,yes,71,yes,1.4,93.918,-42.7,4.962,5228.1,no
25,admin.,single,university.degree,no,no,no,94,yes,-2.9,92.963,-40.8,1.26,5076.2,no
40,unemployed,married,professional.course,no,yes,no,155,no,-3.4,92.379,-29.8,0.773,5017.5,no
49,blue-collar,married,basic.4y,unknown,no,no,67,no,1.4,94.465,-41.8,4.958,5228.1,no
41,admin.,married,unknown,no,yes,no,228,no,-1.1,94.199,-37.5,0.879,4963.6,no
32,admin.,married,high.school,no,no,no,549,no,1.4,93.918,-42.7,4.96,5228.1,no
44,admin.,divorced,university.degree,no,no,no,39,no,1.4,94.465,-41.8,4.959,5228.1,no
41,admin.,married,university.degree,no,no,no,1360,yes,1.4,93.918,-42.7,4.96,5228.1,yes
30,technician,single,university.degree,no,yes,yes,433,yes,1.4,93.444,-36.1,4.966,5228.1,no
27,blue-collar,single,basic.9y,no,yes,no,352,no,-1.8,92.893,-46.2,1.344,5099.1,no
41,blue-collar,married,basic.4y,no,yes,no,152,yes,1.1,93.994,-36.4,4.856,5191,no
36,blue-collar,married,basic.9y,unknown,yes,no,38,yes,-1.8,92.893,-46.2,1.281,5099.1,no
54,entrepreneur,married,professional.course,no,yes,yes,134,no,-0.1,93.2,-42,4.153,5195.8,no
30,blue-collar,single,professional.course,no,no,no,165,yes,-1.8,93.876,-40,0.668,5008.7,no
25,student,single,unknown,unknown,yes,no,81,yes,-2.9,92.201,-31.4,0.825,5076.2,no
42,management,married,high.school,no,no,no,59,no,-0.1,93.2,-42,4.076,5195.8,no
36,services,divorced,basic.9y,no,yes,no,255,yes,-1.8,92.893,-46.2,1.291,5099.1,no
45,admin.,married,university.degree,unknown,yes,no,99,yes,1.1,93.994,-36.4,4.857,5191,no
38,technician,married,university.degree,unknown,no,no,257,yes,1.1,93.994,-36.4,4.855,5191,no
38,admin.,single,professional.course,no,no,no,160,yes,1.1,93.994,-36.4,4.857,5191,no
34,blue-collar,married,basic.4y,no,no,no,78,yes,1.4,94.465,-41.8,4.967,5228.1,no
44,admin.,married,basic.9y,unknown,no,no,217,yes,-1.8,92.893,-46.2,1.334,5099.1,no
37,services,single,basic.9y,no,no,no,37,yes,-1.8,92.893,-46.2,1.344,5099.1,no
39,blue-collar,single,basic.9y,no,no,no,650,yes,1.1,93.994,-36.4,4.856,5191,yes
57,admin.,married,university.degree,no,no,no,230,no,1.4,93.918,-42.7,4.96,5228.1,no
34,technician,married,professional.course,unknown,yes,no,64,no,1.4,93.918,-42.7,4.963,5228.1,no
25,admin.,married,unknown,no,no,no,112,no,1.4,94.465,-41.8,4.865,5228.1,no
52,admin.,married,high.school,no,yes,no,152,no,-1.8,93.075,-47.1,1.435,5099.1,no
23,technician,single,high.school,no,no,no,104,yes,-1.8,92.893,-46.2,1.266,5099.1,no
57,technician,married,basic.4y,unknown,no,no,101,yes,1.1,93.994,-36.4,4.857,5191,no
50,admin.,married,university.degree,no,no,no,206,yes,-0.1,93.2,-42,4.021,5195.8,no
46,technician,married,professional.course,no,no,yes,63,yes,1.4,94.465,-41.8,4.865,5228.1,no
43,blue-collar,single,basic.4y,unknown,no,no,339,yes,1.1,93.994,-36.4,4.858,5191,no
38,management,divorced,university.degree,no,no,no,136,yes,-0.1,93.2,-42,4.191,5195.8,no
53,admin.,single,basic.6y,no,yes,yes,148,no,1.1,93.994,-36.4,4.857,5191,no
35,self-employed,unknown,university.degree,no,no,no,221,no,-0.1,93.2,-42,4.076,5195.8,no
28,services,married,high.school,no,no,no,289,no,1.4,93.918,-42.7,4.962,5228.1,no
25,blue-collar,single,basic.9y,no,yes,no,155,yes,1.1,93.994,-36.4,4.859,5191,no
56,services,divorced,high.school,unknown,no,no,311,yes,1.1,93.994,-36.4,4.86,5191,no
56,technician,married,university.degree,unknown,no,no,17,no,1.4,93.918,-42.7,4.96,5228.1,no
33,services,single,high.school,no,yes,no,326,yes,1.4,94.465,-41.8,4.961,5228.1,no
31,housemaid,single,professional.course,unknown,yes,yes,213,yes,1.4,93.444,-36.1,4.966,5228.1,no
48,admin.,divorced,university.degree,no,no,no,544,yes,-1.7,94.027,-38.3,0.904,4991.6,yes
45,self-employed,divorced,university.degree,no,yes,yes,173,yes,1.4,94.465,-41.8,4.961,5228.1,no
24,blue-collar,married,basic.9y,no,yes,no,160,unknown,-3.4,92.431,-26.9,0.72,5017.5,no
33,blue-collar,married,basic.9y,no,yes,yes,341,no,-1.8,92.893,-46.2,1.291,5099.1,no
38,admin.,married,high.school,unknown,no,no,121,yes,-1.8,93.075,-47.1,1.405,5099.1,no
48,housemaid,married,basic.4y,unknown,no,yes,148,yes,1.4,93.444,-36.1,4.97,5228.1,no
28,entrepreneur,married,basic.9y,unknown,no,no,22,no,-1.8,92.893,-46.2,1.25,5099.1,no
50,self-employed,married,basic.4y,unknown,unknown,unknown,153,no,1.1,93.994,-36.4,4.856,5191,no
29,admin.,married,university.degree,no,yes,yes,281,yes,1.4,94.465,-41.8,4.958,5228.1,no
38,blue-collar,married,basic.6y,no,no,no,177,yes,1.1,93.994,-36.4,4.857,5191,no
18,student,single,unknown,no,yes,yes,297,no,-1.7,94.027,-38.3,0.9,4991.6,no
31,unemployed,married,basic.9y,no,yes,no,43,no,-1.8,92.893,-46.2,1.281,5099.1,no
34,blue-collar,married,basic.9y,no,yes,no,487,yes,1.4,93.918,-42.7,4.963,5228.1,no
38,admin.,married,university.degree,no,yes,no,43,no,1.4,94.465,-41.8,4.961,5228.1,no
57,admin.,single,high.school,no,yes,no,26,no,-1.8,92.893,-46.2,1.244,5099.1,no
35,technician,divorced,unknown,no,yes,yes,432,no,1.1,93.994,-36.4,4.856,5191,no
77,retired,divorced,professional.course,no,no,no,258,yes,-1.7,94.027,-38.3,0.898,4991.6,no
29,blue-collar,single,basic.9y,unknown,yes,yes,532,yes,1.4,93.918,-42.7,4.961,5228.1,no
46,management,married,university.degree,no,no,yes,153,yes,1.4,93.918,-42.7,4.962,5228.1,no
21,student,single,high.school,no,yes,yes,286,yes,-1.7,94.055,-39.8,0.767,4991.6,yes
43,management,married,university.degree,no,no,no,75,yes,-2.9,92.201,-31.4,0.861,5076.2,no
43,admin.,married,basic.9y,unknown,no,no,294,no,1.4,93.918,-42.7,4.958,5228.1,no
31,technician,married,university.degree,no,no,no,146,yes,-1.1,94.601,-49.5,0.982,4963.6,no
39,student,single,unknown,no,yes,no,367,no,1.4,94.465,-41.8,4.961,5228.1,no
44,technician,single,university.degree,no,no,yes,228,yes,1.4,93.918,-42.7,4.963,5228.1,no
32,services,single,high.school,no,yes,no,53,yes,-1.8,92.893,-46.2,1.281,5099.1,no
43,self-employed,single,high.school,unknown,no,no,79,yes,-1.8,92.893,-46.2,1.281,5099.1,no
48,services,married,high.school,no,no,no,11,yes,-1.1,94.199,-37.5,0.881,4963.6,no
28,blue-collar,single,basic.6y,no,no,no,557,yes,1.1,93.994,-36.4,4.855,5191,no
36,blue-collar,married,basic.9y,no,yes,yes,55,no,-1.8,92.893,-46.2,1.281,5099.1,no
52,self-employed,divorced,basic.9y,no,yes,no,26,yes,-0.1,93.2,-42,4.076,5195.8,no
34,services,single,high.school,no,yes,no,541,yes,-1.8,92.893,-46.2,1.327,5099.1,no
37,admin.,married,high.school,no,yes,no,115,no,1.1,93.994,-36.4,4.857,5191,no
25,admin.,single,university.degree,no,no,no,101,no,-1.8,92.893,-46.2,1.334,5099.1,no
48,technician,divorced,professional.course,no,no,no,69,yes,1.4,93.444,-36.1,4.968,5228.1,no
36,self-employed,single,professional.course,no,yes,no,113,no,1.1,93.994,-36.4,4.857,5191,no
27,technician,single,professional.course,no,no,no,148,no,1.1,93.994,-36.4,4.857,5191,no
34,blue-collar,married,basic.9y,no,yes,no,151,yes,-1.8,93.075,-47.1,1.405,5099.1,no
42,services,married,high.school,no,yes,yes,73,no,-1.8,93.075,-47.1,1.405,5099.1,no
37,blue-collar,married,basic.9y,unknown,yes,no,117,no,1.4,93.918,-42.7,4.958,5228.1,no
41,blue-collar,married,basic.9y,unknown,no,no,142,no,1.4,94.465,-41.8,4.866,5228.1,no
51,blue-collar,married,basic.9y,unknown,yes,no,62,yes,-0.1,93.2,-42,4.153,5195.8,no
27,admin.,married,high.school,unknown,no,no,84,yes,1.4,93.918,-42.7,4.968,5228.1,no
35,admin.,single,university.degree,no,yes,no,199,no,1.4,93.918,-42.7,4.957,5228.1,no
31,services,divorced,high.school,no,yes,yes,90,yes,-0.1,93.2,-42,4.191,5195.8,no
31,blue-collar,single,basic.9y,no,yes,no,5,no,-1.1,94.199,-37.5,0.879,4963.6,no
31,blue-collar,married,basic.9y,no,no,no,280,yes,1.4,93.918,-42.7,4.961,5228.1,no
64,unknown,married,unknown,no,yes,no,239,no,-1.7,94.027,-38.3,0.905,4991.6,yes
33,management,married,university.degree,no,yes,no,35,yes,-1.8,92.893,-46.2,1.344,5099.1,no
41,blue-collar,married,basic.4y,unknown,yes,no,150,yes,-1.8,93.075,-47.1,1.405,5099.1,no
34,admin.,single,high.school,no,no,no,423,no,1.4,94.465,-41.8,4.961,5228.1,no
41,admin.,married,basic.9y,no,yes,no,135,no,-0.1,93.2,-42,4.12,5195.8,no
36,blue-collar,married,basic.6y,no,yes,no,70,no,-0.1,93.2,-42,4.12,5195.8,no
59,retired,married,professional.course,unknown,yes,no,59,no,1.4,94.465,-41.8,4.959,5228.1,no
56,management,married,basic.9y,no,yes,no,941,yes,1.4,94.465,-41.8,4.864,5228.1,yes
59,retired,married,professional.course,no,no,no,422,yes,1.1,93.994,-36.4,4.86,5191,no
32,admin.,single,university.degree,no,unknown,unknown,59,no,-0.1,93.2,-42,4.021,5195.8,no
40,technician,married,basic.9y,no,yes,no,34,yes,1.1,93.994,-36.4,4.857,5191,no
38,admin.,married,university.degree,no,yes,no,64,no,-3.4,92.649,-30.1,0.715,5017.5,yes
34,admin.,married,professional.course,no,yes,no,248,yes,1.1,93.994,-36.4,4.856,5191,no
41,unknown,married,unknown,no,no,no,258,yes,1.4,93.444,-36.1,4.97,5228.1,no
33,admin.,single,high.school,no,no,no,31,no,1.4,93.918,-42.7,4.96,5228.1,no
31,technician,single,high.school,no,yes,yes,113,yes,1.4,93.444,-36.1,4.967,5228.1,no
29,blue-collar,divorced,basic.9y,no,yes,no,168,no,-1.8,92.893,-46.2,1.281,5099.1,no
38,admin.,single,basic.9y,unknown,yes,no,247,yes,1.4,94.465,-41.8,4.962,5228.1,no
24,admin.,single,high.school,no,yes,yes,224,unknown,-1.8,92.843,-50,1.602,5099.1,yes
34,admin.,single,basic.6y,no,no,no,22,no,-1.8,92.893,-46.2,1.327,5099.1,no
27,admin.,married,high.school,no,yes,yes,201,yes,-1.8,92.893,-46.2,1.266,5099.1,no
32,blue-collar,married,high.school,no,no,no,319,yes,-1.8,92.893,-46.2,1.313,5099.1,no
49,admin.,married,high.school,no,yes,no,59,no,1.4,93.918,-42.7,4.963,5228.1,no
36,technician,divorced,basic.9y,no,no,no,372,no,1.4,93.918,-42.7,4.962,5228.1,no
46,blue-collar,single,basic.9y,unknown,yes,no,155,no,1.4,93.918,-42.7,4.963,5228.1,no
47,services,divorced,high.school,no,yes,no,313,no,1.1,93.994,-36.4,4.857,5191,no
37,services,married,high.school,unknown,yes,yes,73,no,1.1,93.994,-36.4,4.86,5191,no
31,services,married,high.school,no,unknown,unknown,582,yes,-1.8,92.893,-46.2,1.327,5099.1,no
36,technician,married,university.degree,no,yes,yes,232,yes,1.1,93.994,-36.4,4.856,5191,no
30,technician,single,university.degree,no,yes,no,173,no,-1.1,94.199,-37.5,0.879,4963.6,yes
32,entrepreneur,married,high.school,no,yes,no,100,yes,-0.1,93.2,-42,4.12,5195.8,no
54,management,married,university.degree,no,yes,no,42,yes,-2.9,92.963,-40.8,1.26,5076.2,no
51,blue-collar,married,basic.9y,no,no,yes,653,no,1.1,93.994,-36.4,4.855,5191,yes
28,technician,divorced,university.degree,no,yes,no,136,yes,1.4,93.918,-42.7,4.962,5228.1,no
54,management,married,university.degree,no,no,no,397,yes,-1.8,92.893,-46.2,1.264,5099.1,yes
31,admin.,married,high.school,unknown,yes,no,101,no,1.1,93.994,-36.4,4.856,5191,no
57,admin.,married,basic.6y,no,no,no,259,yes,-1.8,92.893,-46.2,1.259,5099.1,no
49,unemployed,married,professional.course,no,no,no,317,yes,-2.9,92.963,-40.8,1.268,5076.2,no
45,blue-collar,married,basic.6y,unknown,yes,no,157,yes,1.1,93.994,-36.4,4.857,5191,no
33,management,married,university.degree,unknown,yes,yes,258,yes,-1.8,93.075,-47.1,1.423,5099.1,no
53,services,married,university.degree,no,no,no,136,yes,-1.8,92.893,-46.2,1.25,5099.1,no
26,student,single,basic.9y,no,yes,no,1447,yes,-1.8,92.843,-50,1.811,5099.1,yes
31,technician,married,university.degree,no,no,no,56,yes,1.4,93.444,-36.1,4.964,5228.1,no
32,blue-collar,married,basic.9y,no,yes,no,999,yes,1.1,93.994,-36.4,4.856,5191,no
29,technician,married,high.school,unknown,no,no,321,no,1.4,93.918,-42.7,4.958,5228.1,no
31,technician,single,high.school,no,no,no,191,no,1.4,93.444,-36.1,4.966,5228.1,no
29,student,single,unknown,no,no,no,1143,no,-1.8,92.893,-46.2,1.299,5099.1,no
49,blue-collar,married,basic.9y,unknown,no,yes,667,no,1.1,93.994,-36.4,4.857,5191,no
26,admin.,single,university.degree,no,yes,yes,15,yes,-1.8,92.893,-46.2,1.291,5099.1,no
43,blue-collar,married,unknown,unknown,no,yes,73,yes,1.1,93.994,-36.4,4.859,5191,no
56,retired,married,basic.9y,no,yes,yes,71,yes,1.1,93.994,-36.4,4.856,5191,no
29,admin.,single,university.degree,no,yes,no,228,yes,1.4,93.444,-36.1,4.968,5228.1,no
31,technician,married,basic.9y,no,yes,no,17,yes,-0.1,93.2,-42,4.12,5195.8,no
50,blue-collar,married,basic.9y,unknown,yes,no,215,yes,1.4,93.918,-42.7,4.961,5228.1,no
37,technician,married,professional.course,no,yes,no,242,no,1.4,93.918,-42.7,4.955,5228.1,no
42,blue-collar,married,basic.4y,unknown,yes,yes,105,no,1.1,93.994,-36.4,4.857,5191,no
30,services,married,basic.9y,unknown,yes,no,209,no,-0.1,93.2,-42,4.191,5195.8,no
25,blue-collar,married,basic.6y,unknown,yes,no,59,yes,1.4,93.918,-42.7,4.958,5228.1,no
35,self-employed,single,university.degree,no,no,yes,197,yes,-0.1,93.2,-42,4.12,5195.8,no
37,entrepreneur,married,high.school,unknown,no,no,68,no,-0.1,93.2,-42,4.076,5195.8,no
30,entrepreneur,married,high.school,no,yes,no,164,yes,-0.1,93.2,-42,4.12,5195.8,no
33,blue-collar,married,basic.6y,unknown,yes,yes,1132,yes,1.1,93.994,-36.4,4.855,5191,yes
36,technician,married,university.degree,no,no,no,146,yes,1.1,93.994,-36.4,4.857,5191,no
46,services,married,high.school,no,no,no,60,yes,1.1,93.994,-36.4,4.857,5191,no
51,unemployed,married,basic.6y,no,no,no,280,unknown,-2.9,92.963,-40.8,1.26,5076.2,yes
33,technician,single,professional.course,no,yes,no,396,no,1.4,93.444,-36.1,4.966,5228.1,yes
26,entrepreneur,married,unknown,no,no,no,194,yes,1.1,93.994,-36.4,4.855,5191,no
40,blue-collar,divorced,high.school,unknown,no,no,155,yes,1.1,93.994,-36.4,4.86,5191,no
25,blue-collar,single,high.school,no,no,no,1068,no,-1.8,92.893,-46.2,1.25,5099.1,yes
38,management,married,basic.9y,unknown,no,no,772,no,1.1,93.994,-36.4,4.855,5191,yes
54,admin.,single,university.degree,no,no,no,337,yes,-1.8,92.893,-46.2,1.264,5099.1,yes
50,admin.,married,basic.6y,no,yes,no,137,yes,1.4,93.918,-42.7,4.963,5228.1,no
36,management,married,university.degree,no,yes,no,7,no,-1.8,92.893,-46.2,1.354,5099.1,no
43,admin.,single,university.degree,no,yes,no,213,no,1.4,93.444,-36.1,4.963,5228.1,no
57,management,divorced,university.degree,unknown,no,no,322,yes,-1.8,93.075,-47.1,1.405,5099.1,no
38,blue-collar,married,basic.4y,no,no,no,161,no,-1.8,92.893,-46.2,1.334,5099.1,no
27,admin.,single,high.school,no,yes,no,137,no,1.1,93.994,-36.4,4.855,5191,no
35,management,married,university.degree,no,yes,no,400,no,-0.1,93.2,-42,4.12,5195.8,no
28,technician,single,high.school,no,yes,no,124,yes,1.4,93.918,-42.7,4.961,5228.1,no
57,admin.,married,university.degree,unknown,yes,no,161,yes,1.4,93.444,-36.1,4.966,5228.1,no
40,blue-collar,married,basic.4y,unknown,no,no,22,yes,-0.1,93.2,-42,4.076,5195.8,no
43,blue-collar,married,basic.6y,no,no,yes,197,yes,1.4,93.918,-42.7,4.961,5228.1,no
34,technician,divorced,professional.course,no,yes,no,122,yes,-1.8,93.075,-47.1,1.405,5099.1,no
67,retired,married,unknown,no,no,no,140,no,-3.4,92.431,-26.9,0.722,5017.5,no
48,admin.,divorced,high.school,no,yes,no,309,yes,-0.1,93.2,-42,4.191,5195.8,no
35,admin.,single,high.school,no,yes,yes,200,no,-1.8,92.893,-46.2,1.291,5099.1,no
27,admin.,single,university.degree,no,no,no,409,yes,-1.8,92.893,-46.2,1.299,5099.1,no
25,admin.,single,high.school,no,yes,no,103,yes,1.4,93.918,-42.7,4.963,5228.1,no
42,technician,married,professional.course,no,yes,yes,50,yes,-1.8,92.893,-46.2,1.266,5099.1,no
47,admin.,divorced,university.degree,no,yes,no,208,yes,1.1,93.994,-36.4,4.857,5191,no
49,entrepreneur,married,university.degree,no,yes,no,13,yes,-0.1,93.2,-42,4.021,5195.8,no
36,admin.,single,basic.9y,no,yes,no,458,no,-1.8,92.893,-46.2,1.291,5099.1,yes
35,technician,married,professional.course,no,no,no,200,yes,1.4,94.465,-41.8,4.865,5228.1,no
29,blue-collar,married,basic.4y,no,yes,no,127,yes,-0.1,93.2,-42,4.191,5195.8,no
45,technician,married,professional.course,unknown,no,no,124,no,1.4,94.465,-41.8,4.967,5228.1,no
53,blue-collar,married,basic.6y,no,yes,no,95,no,1.1,93.994,-36.4,4.859,5191,no
41,admin.,married,university.degree,no,no,yes,114,yes,1.4,93.444,-36.1,4.965,5228.1,no
50,management,married,high.school,unknown,no,no,65,no,1.4,94.465,-41.8,4.961,5228.1,no
31,management,married,basic.9y,no,no,yes,161,no,1.1,93.994,-36.4,4.858,5191,no
46,services,married,high.school,no,no,no,174,yes,-1.8,92.893,-46.2,1.334,5099.1,no
36,blue-collar,married,high.school,unknown,no,no,713,no,1.1,93.994,-36.4,4.858,5191,no
43,blue-collar,single,professional.course,no,no,no,133,no,1.4,94.465,-41.8,4.866,5228.1,no
48,entrepreneur,married,basic.9y,unknown,yes,no,201,no,1.1,93.994,-36.4,4.856,5191,no
31,services,married,high.school,no,unknown,unknown,215,yes,-1.8,92.893,-46.2,1.327,5099.1,no
21,services,single,high.school,no,yes,yes,820,yes,-1.8,93.075,-47.1,1.435,5099.1,no
56,services,married,high.school,unknown,no,no,310,no,-1.8,92.893,-46.2,1.25,5099.1,no
54,management,married,basic.6y,no,no,no,255,yes,1.4,94.465,-41.8,4.962,5228.1,no
44,services,married,high.school,unknown,no,no,43,no,-0.1,93.2,-42,4.153,5195.8,no
31,unemployed,married,university.degree,no,no,no,91,yes,1.4,93.444,-36.1,4.963,5228.1,no
50,admin.,married,university.degree,no,no,no,587,no,-2.9,92.201,-31.4,0.859,5076.2,yes
48,admin.,married,university.degree,no,yes,yes,288,yes,-1.7,94.027,-38.3,0.9,4991.6,yes
26,self-employed,single,university.degree,no,yes,no,181,yes,-2.9,92.963,-40.8,1.244,5076.2,no
37,services,single,basic.9y,no,yes,no,320,no,1.1,93.994,-36.4,4.859,5191,no
37,unemployed,unknown,university.degree,no,no,no,100,no,-2.9,92.963,-40.8,1.262,5076.2,no
50,services,married,unknown,unknown,no,no,144,no,1.1,93.994,-36.4,4.856,5191,no
47,admin.,married,university.degree,no,yes,no,653,no,1.4,93.444,-36.1,4.965,5228.1,no
41,blue-collar,single,basic.9y,no,no,no,128,yes,-1.8,92.893,-46.2,1.334,5099.1,no
32,blue-collar,single,basic.9y,no,yes,no,22,yes,1.4,94.465,-41.8,4.961,5228.1,no
38,services,married,basic.9y,no,no,yes,177,no,-2.9,92.963,-40.8,1.224,5076.2,no
48,technician,married,professional.course,no,no,no,288,yes,-1.7,94.215,-40.3,0.876,4991.6,no
46,blue-collar,married,basic.4y,unknown,yes,no,566,no,1.1,93.994,-36.4,4.856,5191,no
48,self-employed,married,basic.9y,unknown,yes,no,318,yes,1.1,93.994,-36.4,4.856,5191,no
38,unknown,divorced,high.school,unknown,yes,no,107,yes,1.1,93.994,-36.4,4.857,5191,no
38,admin.,married,university.degree,no,yes,no,748,no,1.4,93.444,-36.1,4.965,5228.1,no
55,retired,married,basic.4y,unknown,no,yes,599,yes,1.4,93.918,-42.7,4.961,5228.1,no
27,admin.,married,high.school,no,yes,yes,101,no,1.4,93.918,-42.7,4.962,5228.1,no
28,services,married,high.school,no,yes,no,223,yes,-1.1,94.767,-50.8,1.048,4963.6,no
29,blue-collar,single,basic.9y,no,no,no,411,unknown,1.4,94.465,-41.8,4.961,5228.1,no
47,services,divorced,basic.4y,no,no,no,149,no,1.4,93.918,-42.7,4.961,5228.1,no
34,student,single,basic.4y,unknown,yes,no,1185,yes,1.1,93.994,-36.4,4.86,5191,no
51,services,divorced,high.school,unknown,no,no,398,yes,-1.8,92.893,-46.2,1.344,5099.1,no
40,admin.,divorced,university.degree,no,yes,yes,65,no,1.4,93.444,-36.1,4.967,5228.1,no
38,admin.,married,high.school,no,yes,no,169,no,1.4,94.465,-41.8,4.865,5228.1,no
42,blue-collar,married,basic.4y,no,no,no,212,no,-1.8,92.893,-46.2,1.299,5099.1,no
30,unemployed,single,university.degree,no,yes,yes,266,no,1.4,93.918,-42.7,4.963,5228.1,no
36,services,married,high.school,unknown,no,no,427,no,1.1,93.994,-36.4,4.857,5191,no
33,admin.,single,high.school,no,no,yes,113,yes,1.4,94.465,-41.8,4.962,5228.1,no
47,management,married,university.degree,no,no,no,51,yes,-1.8,93.075,-47.1,1.405,5099.1,no
33,admin.,married,university.degree,no,yes,no,272,no,-1.1,94.199,-37.5,0.878,4963.6,yes
30,services,single,basic.9y,no,yes,no,22,yes,1.4,93.918,-42.7,4.963,5228.1,no
54,admin.,married,high.school,no,no,no,66,yes,1.1,93.994,-36.4,4.858,5191,no
47,admin.,married,basic.9y,no,no,no,164,no,-0.1,93.2,-42,4.076,5195.8,no
32,technician,single,university.degree,no,yes,no,58,yes,-0.1,93.2,-42,4.12,5195.8,no
32,blue-collar,married,basic.9y,no,yes,no,297,yes,-1.8,92.893,-46.2,1.313,5099.1,no
38,self-employed,married,basic.9y,no,yes,no,26,no,-1.8,92.893,-46.2,1.281,5099.1,no
38,technician,single,high.school,no,no,no,74,yes,1.4,93.444,-36.1,4.964,5228.1,no
38,unknown,married,unknown,no,yes,no,27,yes,1.4,93.444,-36.1,4.962,5228.1,no
53,blue-collar,married,high.school,no,yes,no,118,yes,1.4,93.918,-42.7,4.961,5228.1,no
26,unemployed,single,basic.9y,no,yes,no,112,yes,1.1,93.994,-36.4,4.857,5191,no
27,blue-collar,married,basic.9y,no,unknown,unknown,169,yes,1.1,93.994,-36.4,4.856,5191,no
38,admin.,single,university.degree,no,no,no,103,yes,-2.9,92.963,-40.8,1.099,5076.2,no
41,services,married,high.school,unknown,yes,no,679,yes,1.1,93.994,-36.4,4.857,5191,yes
39,self-employed,divorced,high.school,no,no,no,261,yes,-3.4,92.379,-29.8,0.788,5017.5,yes
48,admin.,divorced,high.school,no,no,no,352,no,1.4,93.918,-42.7,4.96,5228.1,no
32,blue-collar,married,basic.6y,no,yes,no,16,no,1.4,94.465,-41.8,4.959,5228.1,no
35,blue-collar,married,basic.6y,no,no,no,39,no,1.1,93.994,-36.4,4.857,5191,no
51,blue-collar,married,basic.9y,unknown,yes,no,107,no,1.4,93.444,-36.1,4.966,5228.1,no
35,admin.,single,university.degree,no,yes,no,8,yes,-1.8,92.893,-46.2,1.299,5099.1,no
60,blue-collar,married,basic.4y,unknown,yes,no,18,yes,-1.8,93.075,-47.1,1.405,5099.1,no
28,admin.,single,university.degree,no,no,yes,94,yes,1.4,93.918,-42.7,4.963,5228.1,no
52,management,married,high.school,no,yes,yes,167,yes,-2.9,92.201,-31.4,0.883,5076.2,yes
35,blue-collar,married,basic.9y,no,no,no,497,yes,1.4,94.465,-41.8,4.864,5228.1,no
27,admin.,single,university.degree,no,no,no,134,yes,-1.8,92.893,-46.2,1.266,5099.1,no
34,technician,married,high.school,no,no,no,481,no,1.4,93.918,-42.7,4.963,5228.1,no
36,blue-collar,married,basic.4y,no,no,yes,217,no,-0.1,93.2,-42,4.12,5195.8,no
28,blue-collar,married,basic.9y,unknown,no,no,140,no,1.1,93.994,-36.4,4.86,5191,no
32,admin.,married,university.degree,no,yes,yes,175,yes,1.1,93.994,-36.4,4.857,5191,no
49,blue-collar,divorced,basic.6y,unknown,no,no,1065,yes,1.4,93.918,-42.7,4.962,5228.1,yes
55,admin.,married,basic.9y,no,yes,yes,430,no,-0.1,93.2,-42,4.076,5195.8,no
50,technician,married,high.school,no,yes,no,229,yes,-3,92.713,-33,0.717,5023.5,yes
37,admin.,single,university.degree,no,no,no,51,yes,-1.8,92.893,-46.2,1.334,5099.1,no
35,blue-collar,divorced,basic.9y,no,unknown,unknown,276,yes,1.4,94.465,-41.8,4.96,5228.1,no
58,unknown,married,basic.9y,no,yes,no,154,yes,-3,92.713,-33,0.72,5023.5,yes
32,entrepreneur,married,university.degree,no,no,no,95,unknown,1.4,93.444,-36.1,4.965,5228.1,no
35,retired,single,basic.9y,unknown,yes,yes,145,no,1.1,93.994,-36.4,4.857,5191,no
35,technician,single,professional.course,no,yes,no,213,yes,-1.8,92.893,-46.2,1.244,5099.1,no
26,admin.,single,high.school,unknown,no,no,136,yes,-1.8,92.893,-46.2,1.266,5099.1,no
47,blue-collar,married,professional.course,no,yes,no,225,no,-1.8,93.075,-47.1,1.423,5099.1,no
29,blue-collar,single,basic.9y,no,no,no,68,no,-1.8,92.893,-46.2,1.281,5099.1,no
37,entrepreneur,single,basic.9y,no,yes,no,222,yes,-1.8,92.893,-46.2,1.266,5099.1,no
32,technician,single,high.school,no,no,no,239,yes,1.4,93.918,-42.7,4.963,5228.1,no
46,services,married,high.school,no,yes,no,181,no,1.4,93.918,-42.7,4.96,5228.1,no
36,services,married,high.school,no,no,yes,166,no,1.1,93.994,-36.4,4.859,5191,no
35,admin.,married,university.degree,no,no,no,121,yes,-2.9,92.963,-40.8,1.26,5076.2,yes
31,self-employed,married,university.degree,no,yes,no,242,no,1.4,93.918,-42.7,4.962,5228.1,no
29,admin.,single,university.degree,no,no,no,716,no,1.4,93.444,-36.1,4.965,5228.1,yes
46,housemaid,married,basic.4y,unknown,no,no,550,no,1.4,93.918,-42.7,4.963,5228.1,no
85,housemaid,divorced,basic.4y,unknown,yes,no,181,yes,-3.4,92.431,-26.9,0.739,5017.5,no
29,technician,single,basic.9y,no,no,no,20,yes,-1.8,92.893,-46.2,1.266,5099.1,no
31,management,single,university.degree,no,yes,no,165,yes,-1.8,92.893,-46.2,1.266,5099.1,no
34,blue-collar,married,basic.4y,no,yes,no,54,yes,1.4,93.918,-42.7,4.958,5228.1,no
29,technician,single,professional.course,no,yes,yes,215,yes,-0.1,93.2,-42,4.021,5195.8,no
46,admin.,single,university.degree,no,yes,yes,62,no,1.4,93.918,-42.7,4.961,5228.1,no
29,blue-collar,divorced,high.school,no,no,no,760,yes,-1.8,92.893,-46.2,1.25,5099.1,yes
54,blue-collar,single,basic.4y,no,no,no,253,no,1.1,93.994,-36.4,4.86,5191,no
26,management,single,university.degree,no,yes,no,112,yes,-1.1,94.767,-50.8,1.039,4963.6,no
27,admin.,married,professional.course,no,yes,no,143,yes,-1.8,92.893,-46.2,1.266,5099.1,no
57,management,married,basic.4y,unknown,yes,no,10,yes,-1.8,92.893,-46.2,1.25,5099.1,no
32,technician,single,university.degree,no,yes,no,158,yes,1.4,93.444,-36.1,4.965,5228.1,no
35,services,married,high.school,no,yes,no,87,yes,1.1,93.994,-36.4,4.856,5191,no
32,blue-collar,single,high.school,no,unknown,unknown,77,no,-0.1,93.2,-42,4.12,5195.8,no
59,retired,married,basic.9y,no,no,no,551,yes,1.4,93.918,-42.7,4.962,5228.1,no
29,blue-collar,married,basic.9y,no,yes,no,193,yes,-1.8,92.893,-46.2,1.327,5099.1,no
37,admin.,married,high.school,no,no,yes,155,no,1.1,93.994,-36.4,4.86,5191,no
40,admin.,married,high.school,unknown,no,no,675,no,1.4,94.465,-41.8,4.961,5228.1,no
55,admin.,married,professional.course,no,yes,yes,482,yes,1.4,93.444,-36.1,4.968,5228.1,no
33,housemaid,single,university.degree,unknown,yes,no,46,no,1.4,93.444,-36.1,4.967,5228.1,no
36,admin.,single,high.school,no,no,no,193,no,-1.8,93.075,-47.1,1.405,5099.1,no
59,admin.,married,high.school,no,no,no,204,yes,1.4,94.465,-41.8,4.96,5228.1,no
34,blue-collar,single,basic.9y,no,no,no,484,no,-1.8,92.893,-46.2,1.266,5099.1,no
30,self-employed,married,professional.course,no,no,no,34,no,-1.8,92.893,-46.2,1.291,5099.1,no
29,admin.,married,high.school,no,no,no,48,no,1.4,93.918,-42.7,4.958,5228.1,no
34,blue-collar,single,basic.9y,no,no,no,281,yes,-1.8,92.893,-46.2,1.299,5099.1,no
47,blue-collar,single,basic.4y,unknown,yes,no,162,yes,1.1,93.994,-36.4,4.856,5191,no
41,entrepreneur,married,basic.4y,no,yes,no,89,no,1.4,93.918,-42.7,4.959,5228.1,no
30,admin.,single,university.degree,no,yes,no,107,yes,-2.9,92.963,-40.8,1.26,5076.2,no
33,admin.,married,high.school,unknown,yes,no,68,no,1.4,93.444,-36.1,4.963,5228.1,no
33,unemployed,single,unknown,no,no,no,211,yes,1.4,93.918,-42.7,4.961,5228.1,no
33,services,married,high.school,no,unknown,unknown,333,no,-1.8,92.893,-46.2,1.25,5099.1,no
59,retired,married,basic.4y,no,yes,yes,265,yes,1.4,93.444,-36.1,4.964,5228.1,no
29,services,married,basic.9y,no,yes,no,94,yes,1.1,93.994,-36.4,4.857,5191,no
36,admin.,married,high.school,no,no,no,369,no,1.1,93.994,-36.4,4.856,5191,no
41,admin.,single,unknown,unknown,yes,no,464,no,-1.8,93.075,-47.1,1.405,5099.1,no
55,technician,married,basic.9y,unknown,no,no,362,no,1.4,94.465,-41.8,4.865,5228.1,no
39,entrepreneur,married,professional.course,no,yes,no,997,no,-0.1,93.2,-42,4.076,5195.8,no
48,services,married,basic.6y,no,no,no,69,yes,1.4,93.918,-42.7,4.963,5228.1,no
56,admin.,married,university.degree,no,yes,no,177,yes,1.4,93.918,-42.7,4.957,5228.1,no
63,technician,married,unknown,no,yes,no,173,no,-2.9,92.201,-31.4,0.838,5076.2,no
50,self-employed,married,basic.9y,unknown,no,no,287,yes,-1.8,92.893,-46.2,1.266,5099.1,no
42,blue-collar,married,basic.6y,unknown,yes,no,454,no,1.1,93.994,-36.4,4.857,5191,no
43,unemployed,married,university.degree,unknown,no,no,114,yes,1.4,94.465,-41.8,4.865,5228.1,no
32,admin.,married,university.degree,no,yes,yes,51,yes,-0.1,93.2,-42,4.076,5195.8,no
28,blue-collar,single,basic.9y,no,no,no,218,no,-1.8,93.075,-47.1,1.392,5099.1,no
26,blue-collar,married,professional.course,no,yes,no,649,yes,-1.8,92.893,-46.2,1.266,5099.1,no
24,admin.,single,high.school,unknown,yes,no,470,no,1.4,93.918,-42.7,4.958,5228.1,no
38,blue-collar,divorced,unknown,no,no,no,278,yes,1.4,94.465,-41.8,4.967,5228.1,no
30,services,married,high.school,unknown,yes,no,175,unknown,-0.1,93.2,-42,4.076,5195.8,no
29,blue-collar,single,basic.4y,no,yes,no,13,no,-1.8,92.893,-46.2,1.25,5099.1,no
56,management,married,university.degree,no,no,no,442,yes,1.4,93.918,-42.7,4.961,5228.1,no
36,blue-collar,single,basic.9y,no,yes,yes,762,yes,1.4,94.465,-41.8,4.955,5228.1,yes
33,admin.,married,high.school,unknown,yes,no,88,no,1.4,93.918,-42.7,4.961,5228.1,no
47,services,married,unknown,no,no,no,262,no,1.1,93.994,-36.4,4.856,5191,no
50,housemaid,married,basic.4y,unknown,no,no,287,no,1.1,93.994,-36.4,4.857,5191,no
41,services,married,basic.9y,no,no,no,335,no,1.1,93.994,-36.4,4.856,5191,no
54,entrepreneur,divorced,unknown,no,no,yes,461,no,-1.8,93.075,-47.1,1.41,5099.1,no
32,blue-collar,married,basic.9y,no,unknown,unknown,108,yes,-1.8,93.075,-47.1,1.479,5099.1,no
38,admin.,single,university.degree,no,no,no,189,yes,1.1,93.994,-36.4,4.857,5191,no
34,management,single,high.school,no,yes,yes,201,no,-0.1,93.2,-42,4.12,5195.8,no
34,blue-collar,married,basic.9y,no,no,no,192,yes,-1.8,92.893,-46.2,1.291,5099.1,no
55,admin.,married,unknown,no,yes,yes,591,yes,-0.1,93.2,-42,4.076,5195.8,no
31,self-employed,married,university.degree,no,no,no,201,no,1.4,93.444,-36.1,4.966,5228.1,no
43,technician,married,professional.course,no,yes,no,225,yes,1.1,93.994,-36.4,4.857,5191,no
59,unemployed,married,basic.4y,unknown,yes,no,458,yes,1.4,93.918,-42.7,4.962,5228.1,yes
53,technician,married,university.degree,no,unknown,unknown,758,no,-1.8,93.749,-34.6,0.64,5008.7,yes
56,unemployed,married,professional.course,no,no,no,1551,yes,-3.4,92.379,-29.8,0.762,5017.5,no
32,entrepreneur,married,basic.9y,unknown,yes,no,258,yes,1.4,93.918,-42.7,4.962,5228.1,no
36,blue-collar,married,basic.9y,unknown,yes,no,159,yes,1.4,93.918,-42.7,4.958,5228.1,no
42,blue-collar,married,basic.9y,no,no,no,92,yes,1.1,93.994,-36.4,4.857,5191,no
29,admin.,married,university.degree,no,yes,no,209,yes,1.4,93.444,-36.1,4.965,5228.1,no
33,services,married,high.school,unknown,no,no,117,yes,-0.1,93.2,-42,4.076,5195.8,no
56,technician,married,unknown,no,no,no,49,yes,1.4,94.465,-41.8,4.967,5228.1,no
31,entrepreneur,divorced,high.school,no,yes,no,168,yes,1.1,93.994,-36.4,4.857,5191,no
34,management,married,high.school,no,yes,no,228,no,-0.1,93.2,-42,4.12,5195.8,no
33,blue-collar,married,basic.4y,no,yes,no,78,no,1.4,94.465,-41.8,4.959,5228.1,no
23,housemaid,single,basic.4y,no,no,yes,9,no,-1.8,92.893,-46.2,1.266,5099.1,no
26,services,single,high.school,unknown,yes,yes,11,no,1.4,93.918,-42.7,4.957,5228.1,no
55,management,married,university.degree,no,no,no,106,yes,1.4,93.444,-36.1,4.965,5228.1,no
47,services,divorced,basic.4y,no,yes,no,60,yes,1.4,94.465,-41.8,4.959,5228.1,no
36,blue-collar,married,professional.course,unknown,yes,no,324,yes,1.4,94.465,-41.8,4.959,5228.1,no
33,blue-collar,married,basic.6y,unknown,yes,yes,369,yes,1.1,93.994,-36.4,4.855,5191,no
60,retired,married,basic.4y,unknown,yes,no,557,yes,1.1,93.994,-36.4,4.857,5191,no
49,entrepreneur,married,university.degree,no,yes,no,142,yes,1.1,93.994,-36.4,4.864,5191,no
35,admin.,married,high.school,unknown,unknown,unknown,35,no,1.1,93.994,-36.4,4.859,5191,no
47,admin.,divorced,high.school,no,no,no,480,no,1.4,93.918,-42.7,4.96,5228.1,no
30,blue-collar,single,basic.9y,no,no,no,207,no,1.1,93.994,-36.4,4.857,5191,no
27,blue-collar,single,basic.9y,no,no,yes,869,yes,1.4,94.465,-41.8,4.866,5228.1,no
36,admin.,single,high.school,no,no,no,259,yes,1.4,93.918,-42.7,4.961,5228.1,no
46,services,divorced,high.school,no,no,no,222,no,-1.8,92.893,-46.2,1.299,5099.1,no
30,entrepreneur,divorced,basic.6y,no,no,yes,149,yes,-1.8,92.893,-46.2,1.327,5099.1,no
88,retired,divorced,basic.4y,no,yes,yes,82,yes,-1.8,92.843,-50,1.663,5099.1,no
45,services,divorced,high.school,unknown,no,no,166,yes,1.1,93.994,-36.4,4.857,5191,no
30,admin.,married,university.degree,no,yes,yes,82,yes,-1.8,93.075,-47.1,1.483,5099.1,no
43,technician,single,basic.9y,no,yes,no,461,unknown,1.4,94.465,-41.8,4.967,5228.1,no
48,retired,married,basic.4y,unknown,yes,yes,27,yes,1.4,93.918,-42.7,4.962,5228.1,no
56,unemployed,divorced,university.degree,unknown,yes,no,98,no,1.1,93.994,-36.4,4.857,5191,no
42,technician,single,high.school,unknown,yes,no,617,yes,1.1,93.994,-36.4,4.857,5191,no
30,technician,single,university.degree,no,yes,yes,63,yes,1.4,93.918,-42.7,4.962,5228.1,no
56,housemaid,divorced,basic.4y,unknown,yes,no,77,yes,1.4,94.465,-41.8,4.961,5228.1,no
35,technician,married,high.school,no,unknown,unknown,61,yes,1.4,93.444,-36.1,4.963,5228.1,no
39,services,single,high.school,unknown,no,no,206,yes,1.1,93.994,-36.4,4.86,5191,no
49,unemployed,married,high.school,no,yes,no,96,yes,-1.8,92.893,-46.2,1.354,5099.1,no
30,admin.,married,university.degree,no,yes,no,129,yes,-1.8,92.893,-46.2,1.313,5099.1,no
39,admin.,married,university.degree,no,no,no,979,yes,1.4,94.465,-41.8,4.961,5228.1,no
32,technician,single,university.degree,no,yes,no,119,no,1.4,93.918,-42.7,4.962,5228.1,no
59,admin.,divorced,high.school,unknown,no,yes,630,no,1.4,93.918,-42.7,4.962,5228.1,yes
38,technician,married,high.school,no,unknown,unknown,234,no,1.4,93.444,-36.1,4.966,5228.1,no
49,technician,married,professional.course,no,yes,no,354,no,1.4,93.918,-42.7,4.957,5228.1,no
28,admin.,married,high.school,no,unknown,unknown,502,yes,1.4,93.918,-42.7,4.961,5228.1,no
39,technician,married,high.school,no,yes,no,451,yes,-1.8,92.893,-46.2,1.291,5099.1,no
37,blue-collar,married,basic.6y,no,unknown,unknown,93,yes,-3.4,92.431,-26.9,0.73,5017.5,no
51,services,married,basic.9y,no,yes,no,250,yes,1.4,94.465,-41.8,4.959,5228.1,no
31,blue-collar,married,basic.4y,unknown,no,yes,241,yes,1.1,93.994,-36.4,4.859,5191,no
59,technician,divorced,basic.9y,no,yes,no,142,yes,1.4,93.918,-42.7,4.963,5228.1,no
46,admin.,divorced,university.degree,no,yes,no,304,no,1.1,93.994,-36.4,4.857,5191,no
36,blue-collar,married,basic.9y,unknown,no,no,296,no,1.1,93.994,-36.4,4.856,5191,no
28,management,single,university.degree,no,no,no,651,no,1.4,94.465,-41.8,4.958,5228.1,yes
31,admin.,married,university.degree,no,yes,no,102,yes,1.1,93.994,-36.4,4.86,5191,no
26,services,single,high.school,no,yes,no,188,yes,1.1,93.994,-36.4,4.856,5191,no
36,blue-collar,single,basic.9y,unknown,yes,no,221,no,1.4,93.918,-42.7,4.96,5228.1,no
50,entrepreneur,married,university.degree,no,yes,no,57,yes,-0.1,93.2,-42,4.076,5195.8,no
41,unemployed,married,basic.9y,no,yes,no,263,yes,-1.8,93.075,-47.1,1.466,5099.1,no
50,self-employed,married,professional.course,no,no,no,73,yes,1.4,93.918,-42.7,4.968,5228.1,no
32,blue-collar,single,high.school,no,no,yes,204,yes,-1.8,92.893,-46.2,1.281,5099.1,no
56,self-employed,married,university.degree,no,no,no,83,unknown,-1.8,93.075,-47.1,1.405,5099.1,no
42,admin.,married,high.school,no,yes,no,111,no,-1.8,92.893,-46.2,1.344,5099.1,no
38,technician,married,professional.course,unknown,no,no,407,yes,1.1,93.994,-36.4,4.857,5191,no
36,admin.,single,university.degree,no,no,no,12,yes,-1.8,92.893,-46.2,1.244,5099.1,no
45,blue-collar,married,basic.6y,no,yes,no,134,no,1.4,94.465,-41.8,4.865,5228.1,no
52,retired,married,basic.4y,unknown,unknown,unknown,143,no,1.4,93.918,-42.7,4.962,5228.1,no
55,technician,married,university.degree,no,no,no,126,yes,1.4,94.465,-41.8,4.961,5228.1,no
38,self-employed,single,university.degree,no,no,no,238,yes,1.1,93.994,-36.4,4.855,5191,no
71,retired,married,basic.4y,no,yes,yes,120,no,-3.4,92.431,-26.9,0.728,5017.5,no
22,services,single,basic.4y,no,no,no,91,no,1.1,93.994,-36.4,4.858,5191,no
30,admin.,single,university.degree,no,no,no,331,yes,-0.1,93.2,-42,4.021,5195.8,yes
78,retired,married,high.school,no,yes,no,754,no,-1.8,92.893,-46.2,1.264,5099.1,no
30,admin.,divorced,university.degree,no,yes,no,589,no,-0.1,93.2,-42,4.12,5195.8,no
51,blue-collar,married,basic.6y,no,yes,no,89,no,-1.8,93.075,-47.1,1.372,5099.1,no
35,management,divorced,university.degree,no,unknown,unknown,123,yes,1.4,93.444,-36.1,4.965,5228.1,no
26,student,single,unknown,no,yes,no,92,yes,-3.4,92.649,-30.1,0.716,5017.5,no
34,services,married,high.school,no,no,no,9,yes,1.4,94.465,-41.8,4.959,5228.1,no
49,management,married,university.degree,no,yes,no,87,yes,1.4,93.444,-36.1,4.968,5228.1,no
50,blue-collar,divorced,basic.4y,no,no,no,150,yes,1.4,93.918,-42.7,4.962,5228.1,no
51,entrepreneur,married,university.degree,no,no,no,98,no,1.1,93.994,-36.4,4.856,5191,no
57,retired,married,university.degree,no,yes,no,187,yes,-2.9,92.201,-31.4,0.834,5076.2,no
33,admin.,divorced,university.degree,no,yes,no,76,no,-0.1,93.2,-42,4.191,5195.8,no
35,admin.,married,university.degree,no,no,no,41,yes,1.1,93.994,-36.4,4.856,5191,no
37,admin.,single,high.school,no,no,no,609,yes,-1.7,94.215,-40.3,0.782,4991.6,yes
39,admin.,single,university.degree,no,yes,no,514,yes,-0.1,93.2,-42,4.12,5195.8,no
39,services,married,high.school,no,no,no,919,yes,1.1,93.994,-36.4,4.856,5191,no
20,student,single,high.school,no,no,no,187,yes,-3.4,92.649,-30.1,0.715,5017.5,no
55,blue-collar,married,professional.course,unknown,yes,no,530,no,1.1,93.994,-36.4,4.857,5191,no
27,student,single,professional.course,no,no,no,72,yes,-0.1,93.2,-42,4.245,5195.8,no
33,admin.,married,high.school,no,no,no,595,yes,1.4,93.918,-42.7,4.957,5228.1,no
24,blue-collar,married,basic.9y,unknown,yes,no,226,no,1.1,93.994,-36.4,4.855,5191,no
39,management,married,university.degree,no,no,no,168,no,1.4,93.444,-36.1,4.965,5228.1,no
55,blue-collar,married,basic.9y,no,yes,yes,142,yes,1.4,93.444,-36.1,4.963,5228.1,no
35,unknown,married,basic.9y,no,no,no,108,no,1.1,93.994,-36.4,4.855,5191,no
55,retired,divorced,basic.4y,unknown,no,no,526,no,-1.8,92.893,-46.2,1.281,5099.1,yes
42,self-employed,married,high.school,no,no,no,83,yes,1.1,93.994,-36.4,4.856,5191,no
50,self-employed,divorced,university.degree,no,no,no,59,no,-0.1,93.2,-42,4.076,5195.8,no
39,management,married,university.degree,no,yes,no,53,no,-1.8,92.893,-46.2,1.313,5099.1,no
40,services,single,high.school,no,no,no,197,no,-1.8,92.893,-46.2,1.334,5099.1,no
51,services,single,high.school,unknown,no,no,329,yes,1.4,94.465,-41.8,4.961,5228.1,no
59,retired,unknown,university.degree,unknown,no,no,253,yes,1.1,93.994,-36.4,4.857,5191,no
54,technician,married,high.school,no,no,no,58,no,-1.8,93.075,-47.1,1.405,5099.1,no
42,management,married,university.degree,unknown,yes,no,109,yes,1.4,93.444,-36.1,4.968,5228.1,no
33,technician,divorced,professional.course,no,yes,yes,679,no,1.4,93.444,-36.1,4.97,5228.1,no
26,admin.,single,basic.4y,no,yes,yes,68,yes,1.4,94.465,-41.8,4.961,5228.1,no
27,management,married,university.degree,no,no,no,54,no,-1.8,93.075,-47.1,1.392,5099.1,no
30,technician,single,high.school,no,yes,no,230,yes,1.4,93.444,-36.1,4.963,5228.1,no
42,self-employed,married,high.school,unknown,yes,no,77,yes,-0.1,93.2,-42,4.076,5195.8,no
53,unemployed,married,university.degree,no,unknown,unknown,126,no,-0.1,93.2,-42,4.191,5195.8,no
36,management,married,university.degree,no,unknown,unknown,331,no,-1.1,94.199,-37.5,0.876,4963.6,yes
29,management,single,university.degree,no,yes,no,139,no,1.4,93.444,-36.1,4.963,5228.1,no
45,services,married,professional.course,no,unknown,unknown,133,no,1.4,93.444,-36.1,4.963,5228.1,no
35,services,single,basic.9y,no,no,no,102,yes,1.4,93.918,-42.7,4.962,5228.1,no
33,blue-collar,married,high.school,unknown,yes,no,494,yes,-1.8,92.843,-50,1.51,5099.1,no
38,admin.,married,university.degree,no,yes,no,19,no,1.4,93.444,-36.1,4.965,5228.1,no
29,blue-collar,married,basic.6y,no,no,yes,168,yes,1.1,93.994,-36.4,4.859,5191,no
32,admin.,married,high.school,no,yes,yes,24,no,-1.8,93.075,-47.1,1.405,5099.1,no
34,technician,married,professional.course,no,unknown,unknown,35,yes,-1.8,92.893,-46.2,1.327,5099.1,no
36,blue-collar,married,high.school,no,yes,no,234,yes,-0.2,92.756,-45.9,3.329,5176.3,no
51,management,married,university.degree,no,no,no,16,no,1.4,94.465,-41.8,4.962,5228.1,no
34,blue-collar,married,basic.4y,no,no,yes,23,yes,1.1,93.994,-36.4,4.86,5191,no
50,technician,married,university.degree,no,yes,yes,1353,no,-3.4,92.379,-29.8,0.749,5017.5,no
54,blue-collar,married,basic.4y,unknown,no,no,65,yes,1.4,93.444,-36.1,4.963,5228.1,no
53,management,married,university.degree,no,no,no,88,unknown,1.4,93.444,-36.1,4.962,5228.1,no
52,blue-collar,married,high.school,no,no,no,57,no,-1.8,92.893,-46.2,1.344,5099.1,no
71,retired,married,high.school,no,no,no,363,yes,-1.1,94.199,-37.5,0.879,4963.6,yes
52,retired,married,university.degree,no,yes,yes,215,yes,-0.1,93.2,-42,4.191,5195.8,no
53,technician,married,professional.course,no,no,no,332,no,1.1,93.994,-36.4,4.856,5191,no
36,admin.,single,university.degree,no,yes,no,287,no,-0.1,93.2,-42,4.076,5195.8,no
43,admin.,married,high.school,no,yes,no,67,no,1.1,93.994,-36.4,4.855,5191,no
31,technician,single,professional.course,no,no,no,122,no,1.4,93.444,-36.1,4.965,5228.1,no
58,admin.,single,university.degree,no,no,no,1234,no,1.1,93.994,-36.4,4.857,5191,yes
46,technician,married,university.degree,no,no,no,124,yes,1.4,93.918,-42.7,4.968,5228.1,no
38,blue-collar,married,basic.6y,unknown,no,no,456,yes,1.4,93.918,-42.7,4.963,5228.1,no
34,admin.,married,university.degree,no,no,no,329,no,-1.8,92.893,-46.2,1.281,5099.1,no
37,services,married,high.school,unknown,yes,no,58,yes,-1.8,92.893,-46.2,1.299,5099.1,no
40,self-employed,single,university.degree,no,no,yes,54,yes,-2.9,92.963,-40.8,1.244,5076.2,no
42,blue-collar,divorced,high.school,no,no,no,256,no,1.4,94.465,-41.8,4.961,5228.1,no
40,technician,single,high.school,no,no,no,85,yes,1.4,93.444,-36.1,4.964,5228.1,no
27,unemployed,married,high.school,no,yes,no,23,yes,1.4,94.465,-41.8,4.959,5228.1,no
57,unknown,married,unknown,unknown,yes,no,48,no,1.1,93.994,-36.4,4.857,5191,no
45,services,married,high.school,unknown,yes,no,79,yes,-1.8,93.075,-47.1,1.405,5099.1,no
46,admin.,divorced,university.degree,no,yes,yes,184,yes,-0.1,93.2,-42,4.12,5195.8,no
47,admin.,married,university.degree,no,yes,yes,129,yes,-1.7,94.215,-40.3,0.896,4991.6,no
56,retired,married,basic.4y,unknown,no,no,687,yes,1.4,93.444,-36.1,4.964,5228.1,no
32,entrepreneur,married,high.school,no,yes,no,314,yes,1.1,93.994,-36.4,4.857,5191,no
54,services,married,unknown,no,no,no,192,yes,1.1,93.994,-36.4,4.856,5191,no
58,services,married,high.school,no,no,no,155,yes,1.4,93.444,-36.1,4.964,5228.1,no
30,admin.,married,university.degree,no,yes,no,123,yes,1.4,93.444,-36.1,4.964,5228.1,no
39,blue-collar,married,basic.6y,unknown,no,yes,122,no,1.4,93.918,-42.7,4.963,5228.1,no
41,services,married,high.school,unknown,yes,no,255,no,-0.1,93.2,-42,4.076,5195.8,no
32,admin.,married,university.degree,no,yes,no,428,no,1.4,93.444,-36.1,4.964,5228.1,no
32,services,married,high.school,no,no,no,181,no,1.1,93.994,-36.4,4.857,5191,no
29,management,single,university.degree,no,yes,yes,207,yes,1.1,93.994,-36.4,4.857,5191,no
43,management,divorced,high.school,no,yes,no,488,yes,-0.1,93.2,-42,4.191,5195.8,no
41,services,divorced,basic.9y,no,yes,no,189,yes,1.1,93.994,-36.4,4.857,5191,no
30,admin.,married,university.degree,no,yes,no,355,yes,1.1,93.994,-36.4,4.859,5191,no
28,services,married,high.school,no,unknown,unknown,81,yes,1.4,93.918,-42.7,4.968,5228.1,no
35,admin.,single,high.school,no,yes,no,106,yes,-0.1,93.2,-42,4.153,5195.8,no
44,blue-collar,married,basic.6y,no,yes,no,10,no,-1.1,94.199,-37.5,0.884,4963.6,no
25,blue-collar,married,high.school,unknown,yes,no,94,no,1.4,93.918,-42.7,4.961,5228.1,no
47,blue-collar,married,basic.9y,unknown,yes,no,118,no,1.4,93.444,-36.1,4.963,5228.1,no
32,unemployed,married,professional.course,no,yes,no,486,yes,-0.1,93.2,-42,4.343,5195.8,yes
26,student,single,high.school,no,no,no,235,yes,-1.7,94.215,-40.3,0.893,4991.6,no
35,admin.,single,university.degree,no,yes,no,167,no,1.4,93.918,-42.7,4.96,5228.1,no
34,blue-collar,married,basic.9y,no,no,no,206,yes,1.4,94.465,-41.8,4.96,5228.1,no
57,management,divorced,university.degree,no,yes,no,236,yes,1.1,93.994,-36.4,4.856,5191,no
38,blue-collar,single,basic.6y,unknown,no,yes,42,yes,-1.8,92.893,-46.2,1.334,5099.1,no
33,admin.,single,high.school,no,yes,no,61,yes,-3.4,92.431,-26.9,0.731,5017.5,no
32,admin.,married,high.school,no,no,no,219,unknown,-0.1,93.2,-42,4.021,5195.8,no
47,blue-collar,married,basic.4y,unknown,yes,yes,114,no,1.4,93.918,-42.7,4.958,5228.1,no
34,blue-collar,single,basic.6y,no,no,no,204,yes,-1.8,92.893,-46.2,1.299,5099.1,no
36,admin.,single,high.school,no,yes,no,413,yes,-1.8,93.075,-47.1,1.405,5099.1,no
28,technician,single,professional.course,no,yes,no,77,no,-1.8,92.893,-46.2,1.299,5099.1,no
72,retired,divorced,university.degree,no,no,no,270,no,-2.9,92.201,-31.4,0.884,5076.2,no
27,services,single,basic.9y,no,yes,yes,88,yes,1.4,93.918,-42.7,4.961,5228.1,no
43,admin.,divorced,high.school,no,yes,yes,892,yes,-1.8,92.893,-46.2,1.327,5099.1,no
39,entrepreneur,single,university.degree,no,yes,no,452,no,-1.8,92.893,-46.2,1.25,5099.1,no
27,admin.,single,university.degree,no,no,no,238,no,-1.8,93.369,-34.8,0.635,5008.7,yes
35,admin.,single,university.degree,no,yes,no,614,yes,-1.8,92.893,-46.2,1.344,5099.1,no
34,technician,married,professional.course,no,no,no,123,no,-2.9,92.201,-31.4,0.861,5076.2,no
36,services,married,high.school,unknown,yes,yes,57,no,1.4,94.465,-41.8,4.962,5228.1,no
39,technician,married,high.school,no,no,no,749,no,-0.1,93.2,-42,4.021,5195.8,yes
35,management,divorced,high.school,no,yes,no,176,yes,1.4,94.465,-41.8,4.959,5228.1,no
56,retired,married,basic.4y,no,no,no,130,yes,-0.1,93.2,-42,4.153,5195.8,no
31,admin.,single,university.degree,no,yes,no,1327,yes,1.4,93.918,-42.7,4.963,5228.1,yes
31,services,single,high.school,no,yes,no,28,yes,-1.8,92.893,-46.2,1.344,5099.1,no
45,admin.,single,university.degree,no,no,no,27,yes,-0.1,93.2,-42,4.021,5195.8,no
20,student,single,unknown,no,yes,yes,47,no,-1.8,93.075,-47.1,1.405,5099.1,no
42,blue-collar,divorced,basic.9y,no,no,no,111,yes,1.4,93.918,-42.7,4.96,5228.1,no
39,admin.,married,university.degree,no,no,no,272,no,-1.8,92.893,-46.2,1.25,5099.1,no
45,blue-collar,married,basic.4y,unknown,no,yes,65,yes,1.4,94.465,-41.8,4.961,5228.1,no
50,services,married,high.school,no,yes,no,54,yes,1.4,93.444,-36.1,4.965,5228.1,no
29,admin.,single,university.degree,no,no,no,641,yes,1.4,94.465,-41.8,4.961,5228.1,no
38,unknown,married,unknown,unknown,no,no,362,yes,1.1,93.994,-36.4,4.857,5191,no
34,entrepreneur,married,basic.4y,no,yes,no,474,yes,1.1,93.994,-36.4,4.856,5191,no
36,admin.,married,university.degree,no,no,no,61,no,1.4,93.918,-42.7,4.96,5228.1,no
35,admin.,single,university.degree,no,no,no,234,yes,1.1,93.994,-36.4,4.858,5191,no
41,technician,married,professional.course,unknown,no,no,677,yes,1.1,93.994,-36.4,4.857,5191,no
42,admin.,single,university.degree,no,yes,no,87,no,1.1,93.994,-36.4,4.864,5191,no
39,technician,married,professional.course,no,yes,no,247,no,-2.9,92.201,-31.4,0.884,5076.2,no
34,blue-collar,married,basic.6y,unknown,no,yes,164,yes,1.4,93.918,-42.7,4.962,5228.1,no
52,admin.,married,high.school,no,no,no,643,no,1.1,93.994,-36.4,4.857,5191,no
47,admin.,divorced,university.degree,no,yes,no,2653,no,1.4,94.465,-41.8,4.967,5228.1,yes
59,management,married,university.degree,no,no,no,112,yes,-3,92.713,-33,0.7,5023.5,no
37,services,married,high.school,no,no,yes,175,no,-1.8,93.075,-47.1,1.405,5099.1,no
33,management,married,university.degree,no,yes,no,85,no,-1.8,92.893,-46.2,1.334,5099.1,no
35,blue-collar,married,basic.9y,unknown,yes,no,288,no,1.4,94.465,-41.8,4.959,5228.1,no
33,admin.,married,high.school,no,yes,no,67,yes,1.1,93.994,-36.4,4.857,5191,no
40,technician,single,university.degree,no,yes,yes,44,yes,-0.1,93.2,-42,4.021,5195.8,no
39,admin.,married,university.degree,unknown,no,no,302,no,1.1,93.994,-36.4,4.857,5191,no
32,technician,married,university.degree,no,yes,no,77,yes,-3.4,92.649,-30.1,0.714,5017.5,no
29,technician,single,high.school,no,yes,no,130,no,1.4,93.444,-36.1,4.965,5228.1,no
32,admin.,single,high.school,no,no,no,1143,yes,-1.8,93.075,-47.1,1.365,5099.1,yes
35,admin.,divorced,university.degree,no,yes,no,221,no,1.1,93.994,-36.4,4.859,5191,no
36,admin.,married,university.degree,no,yes,no,570,yes,1.4,93.918,-42.7,4.962,5228.1,yes
38,blue-collar,married,basic.4y,no,no,no,239,yes,-1.8,93.075,-47.1,1.453,5099.1,no
32,admin.,married,university.degree,no,yes,no,66,no,1.4,93.444,-36.1,4.965,5228.1,no
32,admin.,single,university.degree,no,no,no,200,no,1.4,93.444,-36.1,4.97,5228.1,no
34,self-employed,single,high.school,no,yes,no,581,no,-0.1,93.2,-42,4.153,5195.8,no
42,admin.,single,university.degree,no,yes,yes,938,no,1.1,93.994,-36.4,4.858,5191,yes
28,technician,single,basic.9y,no,no,no,223,yes,-1.8,92.893,-46.2,1.291,5099.1,no
53,technician,married,professional.course,no,no,no,260,yes,1.1,93.994,-36.4,4.857,5191,no
27,services,single,basic.9y,no,no,no,93,no,1.1,93.994,-36.4,4.857,5191,no
43,entrepreneur,married,professional.course,no,yes,yes,114,yes,-1.8,92.893,-46.2,1.259,5099.1,no
51,unemployed,married,professional.course,unknown,yes,yes,901,no,1.4,93.918,-42.7,4.963,5228.1,yes
35,blue-collar,single,basic.6y,no,no,no,81,yes,1.4,94.465,-41.8,4.959,5228.1,no
42,admin.,married,university.degree,no,yes,no,168,yes,1.4,93.444,-36.1,4.963,5228.1,no
36,technician,single,professional.course,no,no,yes,114,no,1.1,93.994,-36.4,4.858,5191,no
35,blue-collar,divorced,basic.9y,no,no,no,138,yes,1.4,94.465,-41.8,4.961,5228.1,no
38,services,married,basic.9y,no,no,no,31,no,1.4,94.465,-41.8,4.967,5228.1,no
45,blue-collar,married,basic.6y,unknown,no,no,272,yes,1.4,94.465,-41.8,4.866,5228.1,no
24,blue-collar,single,basic.9y,no,yes,no,590,unknown,1.4,93.918,-42.7,4.963,5228.1,no
30,technician,married,university.degree,unknown,yes,no,231,no,1.4,93.918,-42.7,4.962,5228.1,no
31,entrepreneur,divorced,basic.4y,no,no,no,152,yes,-0.1,93.2,-42,4.153,5195.8,no
30,management,married,university.degree,no,yes,no,217,yes,1.4,93.918,-42.7,4.963,5228.1,no
68,retired,married,university.degree,no,yes,no,546,no,-1.7,94.215,-40.3,0.889,4991.6,yes
50,blue-collar,married,basic.6y,unknown,no,no,137,no,1.4,93.444,-36.1,4.966,5228.1,no
32,unemployed,married,university.degree,no,yes,no,85,no,1.4,93.444,-36.1,4.962,5228.1,no
55,services,married,high.school,no,no,yes,371,no,1.4,93.918,-42.7,4.963,5228.1,no
31,admin.,married,high.school,unknown,yes,yes,135,no,1.4,94.465,-41.8,4.864,5228.1,no
55,services,married,basic.4y,no,no,yes,64,yes,1.4,93.444,-36.1,4.964,5228.1,no
37,admin.,married,high.school,no,unknown,unknown,56,yes,1.4,93.918,-42.7,4.968,5228.1,no
41,blue-collar,single,basic.4y,no,unknown,unknown,107,no,1.4,93.918,-42.7,4.96,5228.1,no
34,self-employed,single,university.degree,no,yes,no,102,yes,-1.8,92.893,-46.2,1.299,5099.1,no
33,blue-collar,married,basic.9y,no,no,no,728,yes,-1.8,92.893,-46.2,1.313,5099.1,yes
42,services,married,high.school,no,no,no,312,no,-1.8,92.893,-46.2,1.354,5099.1,no
56,admin.,married,university.degree,no,no,no,55,yes,1.4,93.918,-42.7,4.957,5228.1,no
46,entrepreneur,married,basic.9y,no,no,no,245,yes,1.4,94.465,-41.8,4.865,5228.1,no
42,admin.,single,high.school,no,no,no,163,no,1.4,93.918,-42.7,4.962,5228.1,no
33,admin.,divorced,university.degree,no,yes,no,214,yes,-0.1,93.2,-42,4.076,5195.8,no
53,technician,married,professional.course,unknown,yes,no,264,yes,1.1,93.994,-36.4,4.864,5191,no
43,self-employed,married,basic.4y,no,no,yes,206,yes,-0.1,93.2,-42,4.12,5195.8,no
52,services,married,basic.6y,no,no,yes,161,yes,1.4,93.918,-42.7,4.96,5228.1,no
40,technician,single,unknown,no,yes,no,145,yes,1.4,93.918,-42.7,4.963,5228.1,no
49,housemaid,single,university.degree,no,no,yes,334,yes,-3,92.713,-33,0.717,5023.5,no
41,admin.,married,university.degree,no,yes,no,47,yes,1.4,93.444,-36.1,4.963,5228.1,no
26,blue-collar,single,basic.4y,no,yes,yes,215,yes,1.4,93.918,-42.7,4.962,5228.1,no
39,blue-collar,divorced,basic.9y,unknown,no,no,304,no,1.1,93.994,-36.4,4.856,5191,no
33,blue-collar,married,basic.9y,unknown,no,no,164,no,1.4,94.465,-41.8,4.864,5228.1,no
36,admin.,single,basic.6y,no,yes,no,125,no,-1.8,92.893,-46.2,1.334,5099.1,no
33,blue-collar,married,basic.9y,unknown,no,yes,321,no,1.4,94.465,-41.8,4.961,5228.1,no
36,services,married,high.school,unknown,no,no,49,yes,1.4,94.465,-41.8,4.961,5228.1,no
61,self-employed,divorced,university.degree,no,no,no,102,yes,-1.8,93.369,-34.8,0.649,5008.7,no
40,admin.,married,basic.9y,no,no,no,224,yes,1.1,93.994,-36.4,4.856,5191,no
31,technician,single,professional.course,no,no,no,141,yes,1.4,93.918,-42.7,4.959,5228.1,no
41,blue-collar,married,basic.4y,no,yes,no,132,yes,1.4,94.465,-41.8,4.865,5228.1,no
39,services,married,high.school,no,yes,no,22,yes,-1.8,92.893,-46.2,1.266,5099.1,no
39,admin.,divorced,high.school,no,no,no,121,no,1.4,93.918,-42.7,4.961,5228.1,no
38,management,married,university.degree,no,yes,no,328,no,-2.9,92.201,-31.4,0.873,5076.2,no
47,management,married,high.school,no,no,yes,245,no,-1.8,93.075,-47.1,1.405,5099.1,no
24,admin.,single,high.school,no,yes,no,722,yes,1.4,93.918,-42.7,4.96,5228.1,no
45,blue-collar,divorced,high.school,unknown,no,no,323,yes,1.4,93.918,-42.7,4.963,5228.1,no
34,technician,divorced,unknown,no,no,no,40,no,1.4,93.918,-42.7,4.968,5228.1,no
51,entrepreneur,married,basic.9y,no,yes,no,142,yes,1.1,93.994,-36.4,4.856,5191,no
53,unknown,married,professional.course,no,no,no,217,yes,-2.9,92.963,-40.8,1.26,5076.2,no
24,technician,single,professional.course,no,yes,no,211,yes,-2.9,92.963,-40.8,1.262,5076.2,no
24,services,married,high.school,no,no,no,10,yes,-1.8,92.893,-46.2,1.266,5099.1,no
35,technician,married,university.degree,unknown,yes,no,108,unknown,-0.1,93.2,-42,4.12,5195.8,no
71,retired,single,university.degree,no,yes,no,167,no,-3.4,92.431,-26.9,0.742,5017.5,no
27,admin.,single,university.degree,no,yes,yes,98,yes,-1.8,93.075,-47.1,1.445,5099.1,no
32,services,married,high.school,no,no,no,217,yes,-3.4,92.431,-26.9,0.739,5017.5,no
56,technician,divorced,university.degree,unknown,no,yes,13,no,1.4,93.918,-42.7,4.968,5228.1,no
35,services,single,high.school,no,yes,no,66,no,-1.8,92.893,-46.2,1.327,5099.1,no
35,technician,single,professional.course,no,yes,yes,347,yes,1.4,93.444,-36.1,4.964,5228.1,no
38,services,single,basic.9y,no,yes,no,193,yes,1.1,93.994,-36.4,4.86,5191,no
52,services,single,high.school,no,yes,no,43,no,1.4,94.465,-41.8,4.962,5228.1,no
27,admin.,single,university.degree,unknown,yes,no,72,no,1.4,93.918,-42.7,4.961,5228.1,no
35,student,single,unknown,unknown,no,no,103,yes,1.4,93.918,-42.7,4.963,5228.1,no
40,technician,married,professional.course,no,no,no,26,no,1.1,93.994,-36.4,4.856,5191,no
38,blue-collar,married,high.school,no,yes,no,122,no,1.4,93.918,-42.7,4.963,5228.1,no
32,management,single,university.degree,no,no,no,162,no,-1.8,92.893,-46.2,1.266,5099.1,no
35,admin.,married,high.school,no,no,no,95,yes,-0.1,93.2,-42,4.153,5195.8,no
28,blue-collar,single,professional.course,no,yes,no,611,yes,1.4,93.918,-42.7,4.962,5228.1,no
25,blue-collar,married,basic.4y,no,no,no,420,yes,1.4,93.918,-42.7,4.958,5228.1,no
28,admin.,single,university.degree,no,no,no,202,yes,-2.9,92.201,-31.4,0.879,5076.2,no
31,technician,married,university.degree,no,no,no,244,yes,-1.1,94.199,-37.5,0.878,4963.6,yes
38,technician,married,university.degree,no,no,no,539,no,-2.9,92.963,-40.8,1.26,5076.2,yes
53,services,married,high.school,unknown,yes,no,75,yes,1.4,94.465,-41.8,4.961,5228.1,no
32,technician,divorced,professional.course,no,yes,no,76,no,1.1,93.994,-36.4,4.859,5191,no
73,retired,married,professional.course,no,yes,no,135,yes,-2.9,92.201,-31.4,0.873,5076.2,no
34,admin.,single,high.school,no,yes,no,359,yes,1.1,93.994,-36.4,4.856,5191,no
64,housemaid,married,unknown,no,yes,no,671,yes,-1.8,93.876,-40,0.697,5008.7,yes
41,technician,divorced,university.degree,no,yes,no,167,yes,1.4,93.444,-36.1,4.966,5228.1,no
51,blue-collar,married,basic.4y,unknown,no,yes,781,yes,1.4,94.465,-41.8,4.961,5228.1,yes
34,technician,married,university.degree,no,no,no,116,no,-2.9,92.963,-40.8,1.262,5076.2,no
50,management,married,unknown,no,yes,no,1005,yes,1.4,94.465,-41.8,4.866,5228.1,no
39,retired,single,high.school,no,no,no,109,yes,1.1,93.994,-36.4,4.855,5191,no
34,technician,married,professional.course,no,yes,no,93,no,-1.8,92.843,-50,1.629,5099.1,no
37,housemaid,divorced,basic.9y,unknown,yes,no,226,no,-1.8,92.893,-46.2,1.299,5099.1,no
40,admin.,married,high.school,unknown,yes,no,85,yes,1.4,94.465,-41.8,4.967,5228.1,no
38,admin.,married,university.degree,no,yes,no,197,no,1.4,94.465,-41.8,4.866,5228.1,no
41,admin.,divorced,university.degree,no,yes,no,188,no,1.4,93.444,-36.1,4.964,5228.1,no
38,admin.,married,university.degree,no,yes,no,191,yes,1.4,93.444,-36.1,4.968,5228.1,no
47,technician,divorced,high.school,no,yes,no,303,no,1.4,93.918,-42.7,4.962,5228.1,no
23,blue-collar,single,basic.9y,no,yes,no,523,no,1.4,93.918,-42.7,4.962,5228.1,no
30,blue-collar,single,basic.9y,no,no,no,83,no,1.4,94.465,-41.8,4.864,5228.1,no
49,technician,married,university.degree,no,yes,no,91,yes,-0.1,93.2,-42,4.076,5195.8,no
51,admin.,married,basic.6y,unknown,yes,no,343,yes,1.1,93.994,-36.4,4.859,5191,no
36,technician,single,professional.course,no,yes,no,225,no,-1.8,92.893,-46.2,1.281,5099.1,no
49,blue-collar,married,basic.6y,no,no,no,383,yes,1.4,93.444,-36.1,4.965,5228.1,no
21,student,single,professional.course,no,no,no,250,no,-3.4,92.649,-30.1,0.716,5017.5,no
34,unemployed,married,high.school,no,no,no,284,yes,1.4,93.918,-42.7,4.968,5228.1,no
45,blue-collar,married,basic.4y,no,yes,no,367,no,1.4,93.918,-42.7,4.962,5228.1,yes
54,unemployed,married,basic.9y,no,no,no,193,yes,-1.8,92.893,-46.2,1.27,5099.1,yes
34,services,married,high.school,no,no,no,71,yes,-1.8,92.893,-46.2,1.27,5099.1,no
36,blue-collar,married,basic.6y,no,no,no,193,no,-1.8,92.893,-46.2,1.299,5099.1,no
45,admin.,single,professional.course,no,no,no,265,no,1.1,93.994,-36.4,4.857,5191,no
37,admin.,married,university.degree,no,no,no,274,no,-0.1,93.2,-42,4.12,5195.8,no
32,blue-collar,single,basic.9y,no,yes,no,75,no,-0.1,93.2,-42,4.076,5195.8,no
51,admin.,married,basic.4y,unknown,no,no,142,yes,-1.8,92.893,-46.2,1.344,5099.1,no
35,blue-collar,married,basic.6y,unknown,no,no,418,yes,1.1,93.994,-36.4,4.857,5191,no
36,admin.,single,university.degree,no,yes,yes,18,no,1.4,93.918,-42.7,4.968,5228.1,no
32,admin.,divorced,basic.9y,no,yes,no,118,yes,1.4,93.918,-42.7,4.96,5228.1,no
34,services,married,high.school,no,no,no,211,no,1.1,93.994,-36.4,4.856,5191,no
51,technician,married,university.degree,unknown,yes,no,65,yes,1.4,93.918,-42.7,4.962,5228.1,no
24,admin.,single,university.degree,no,no,no,147,yes,-2.9,92.201,-31.4,0.851,5076.2,no
37,services,married,high.school,no,yes,no,91,no,-2.9,92.469,-33.6,0.944,5076.2,no
37,blue-collar,married,high.school,no,yes,no,90,yes,1.4,94.465,-41.8,4.961,5228.1,no
56,blue-collar,married,basic.4y,unknown,yes,no,147,no,1.4,93.444,-36.1,4.963,5228.1,no
27,admin.,single,high.school,no,yes,no,24,yes,-0.1,93.2,-42,3.853,5195.8,no
59,retired,divorced,basic.9y,unknown,yes,no,141,unknown,1.4,94.465,-41.8,4.959,5228.1,no
54,retired,married,basic.4y,no,no,yes,164,no,-3.4,92.431,-26.9,0.722,5017.5,yes
34,blue-collar,married,high.school,no,no,no,144,yes,-1.8,92.893,-46.2,1.266,5099.1,no
36,housemaid,married,basic.6y,no,yes,no,45,yes,1.4,94.465,-41.8,4.865,5228.1,no
54,blue-collar,married,professional.course,unknown,yes,yes,198,no,1.1,93.994,-36.4,4.857,5191,no
30,admin.,married,high.school,no,yes,no,434,no,1.1,93.994,-36.4,4.857,5191,no
37,management,married,university.degree,no,yes,no,263,no,1.4,93.444,-36.1,4.968,5228.1,no
46,technician,married,professional.course,no,yes,no,34,no,-1.8,92.893,-46.2,1.291,5099.1,no
50,services,married,basic.9y,unknown,yes,no,113,no,1.4,93.444,-36.1,4.963,5228.1,no
35,services,single,university.degree,no,unknown,unknown,419,yes,-2.9,92.201,-31.4,0.884,5076.2,no
78,retired,married,basic.4y,no,no,no,1148,yes,-1.7,94.215,-40.3,0.87,4991.6,yes
27,services,single,high.school,no,no,no,423,no,-1.7,94.215,-40.3,0.79,4991.6,yes
55,technician,married,university.degree,no,no,no,349,yes,1.1,93.994,-36.4,4.857,5191,no
51,retired,married,basic.9y,no,yes,no,259,yes,-0.1,93.2,-42,4.076,5195.8,no
41,technician,married,professional.course,no,yes,yes,204,no,-1.8,92.893,-46.2,1.27,5099.1,no
54,retired,married,high.school,no,no,no,172,yes,-0.1,93.2,-42,4.153,5195.8,no
46,admin.,divorced,high.school,no,yes,no,3253,yes,-0.1,93.798,-40.4,5.045,5195.8,no
30,admin.,married,university.degree,no,no,no,329,no,-0.1,93.2,-42,4.191,5195.8,no
33,blue-collar,single,basic.9y,unknown,yes,no,280,yes,1.4,94.465,-41.8,4.864,5228.1,no
38,services,divorced,high.school,no,no,no,503,yes,1.4,93.918,-42.7,4.963,5228.1,no
36,blue-collar,married,high.school,no,no,no,286,yes,1.1,93.994,-36.4,4.857,5191,no
36,blue-collar,married,unknown,no,yes,no,349,yes,-1.8,92.893,-46.2,1.327,5099.1,no
46,technician,divorced,professional.course,no,yes,no,165,yes,1.4,93.918,-42.7,4.968,5228.1,no
40,admin.,married,university.degree,no,yes,no,606,yes,1.4,94.465,-41.8,4.967,5228.1,no
38,blue-collar,single,university.degree,unknown,no,no,894,yes,1.1,93.994,-36.4,4.859,5191,yes
35,technician,married,professional.course,no,yes,no,117,yes,1.4,94.465,-41.8,4.961,5228.1,no
55,blue-collar,divorced,basic.4y,unknown,no,no,148,no,-1.8,92.893,-46.2,1.281,5099.1,no
49,blue-collar,married,basic.9y,unknown,no,no,813,no,1.1,93.994,-36.4,4.856,5191,no
36,admin.,single,high.school,no,no,no,140,no,-1.8,93.075,-47.1,1.405,5099.1,no
42,admin.,married,university.degree,no,no,yes,81,no,1.4,93.444,-36.1,4.963,5228.1,no
48,admin.,divorced,unknown,no,yes,no,16,yes,-1.8,92.893,-46.2,1.281,5099.1,no
40,management,single,university.degree,no,no,no,309,yes,1.4,93.918,-42.7,4.958,5228.1,no
53,technician,married,professional.course,no,yes,no,178,yes,1.4,93.444,-36.1,4.964,5228.1,no
42,blue-collar,married,high.school,unknown,no,no,257,yes,1.4,94.465,-41.8,4.962,5228.1,no
40,admin.,married,university.degree,unknown,yes,no,163,yes,1.1,93.994,-36.4,4.857,5191,no
38,admin.,single,university.degree,no,yes,no,195,yes,-2.9,92.469,-33.6,0.914,5076.2,no
34,admin.,single,university.degree,no,yes,no,98,no,1.4,93.444,-36.1,4.964,5228.1,no
36,blue-collar,single,basic.4y,no,yes,no,250,no,1.4,94.465,-41.8,4.947,5228.1,no
38,admin.,divorced,university.degree,no,no,no,79,no,-1.8,92.893,-46.2,1.299,5099.1,no
32,admin.,married,high.school,no,no,no,187,yes,-1.8,92.893,-46.2,1.327,5099.1,no
32,services,married,basic.4y,unknown,no,no,891,yes,1.4,93.918,-42.7,4.96,5228.1,yes
49,entrepreneur,married,university.degree,no,yes,no,334,no,-1.8,93.075,-47.1,1.405,5099.1,no
35,admin.,married,high.school,unknown,no,no,585,yes,-1.8,92.893,-46.2,1.25,5099.1,yes
38,management,married,university.degree,no,no,no,61,yes,-0.1,93.2,-42,4.153,5195.8,no
38,technician,single,university.degree,no,yes,no,210,yes,1.4,93.918,-42.7,4.963,5228.1,no
28,blue-collar,single,high.school,no,no,no,16,yes,-1.8,92.893,-46.2,1.327,5099.1,no
26,technician,single,professional.course,no,yes,no,249,unknown,-1.1,94.199,-37.5,0.879,4963.6,yes
27,admin.,single,high.school,no,no,no,192,yes,1.4,93.918,-42.7,4.962,5228.1,no
59,retired,married,basic.6y,no,yes,no,807,no,1.4,93.918,-42.7,4.961,5228.1,no
26,services,single,high.school,no,no,no,155,yes,1.1,93.994,-36.4,4.855,5191,no
38,technician,single,professional.course,no,yes,no,268,yes,1.4,93.918,-42.7,4.963,5228.1,no
39,entrepreneur,single,basic.6y,no,yes,no,77,yes,1.1,93.994,-36.4,4.86,5191,no
30,services,married,unknown,no,yes,no,274,yes,1.1,93.994,-36.4,4.856,5191,no
40,technician,married,university.degree,unknown,no,no,185,yes,1.4,93.918,-42.7,4.96,5228.1,no
37,admin.,divorced,university.degree,unknown,yes,no,31,yes,-1.8,92.893,-46.2,1.281,5099.1,no
31,services,married,basic.9y,no,no,no,74,yes,-1.8,93.075,-47.1,1.405,5099.1,no
47,admin.,divorced,university.degree,no,yes,no,94,yes,1.4,93.444,-36.1,4.964,5228.1,no
54,blue-collar,married,high.school,no,yes,yes,184,no,-1.8,92.893,-46.2,1.334,5099.1,no
32,management,married,university.degree,no,yes,yes,1067,no,-0.1,93.2,-42,4.021,5195.8,no
41,technician,married,professional.course,no,unknown,unknown,154,no,1.1,93.994,-36.4,4.856,5191,no
55,technician,married,professional.course,no,no,yes,543,no,-1.8,92.893,-46.2,1.25,5099.1,no
80,retired,married,basic.4y,no,no,no,382,yes,-1.8,93.876,-40,0.697,5008.7,yes
29,technician,married,professional.course,no,no,no,492,yes,1.1,93.994,-36.4,4.856,5191,no
32,admin.,single,university.degree,no,yes,no,412,yes,-1.8,92.893,-46.2,1.27,5099.1,yes
47,admin.,single,university.degree,no,no,no,310,yes,1.4,93.444,-36.1,4.963,5228.1,no
49,blue-collar,divorced,basic.4y,unknown,no,no,122,yes,1.4,94.465,-41.8,4.959,5228.1,no
33,blue-collar,married,basic.6y,no,no,no,1183,yes,1.1,93.994,-36.4,4.857,5191,yes
51,admin.,married,high.school,no,no,no,286,no,-0.1,93.2,-42,4.12,5195.8,no
40,entrepreneur,married,university.degree,no,yes,no,145,no,1.4,93.444,-36.1,4.97,5228.1,no
44,services,divorced,high.school,no,no,no,903,no,-1.8,92.893,-46.2,1.244,5099.1,yes
28,self-employed,single,basic.9y,no,yes,no,4,yes,1.1,93.994,-36.4,4.857,5191,no
46,technician,married,professional.course,no,no,no,64,yes,-0.1,93.2,-42,4.191,5195.8,no
46,entrepreneur,married,university.degree,no,yes,no,105,no,1.1,93.994,-36.4,4.858,5191,no
52,self-employed,married,basic.9y,unknown,yes,no,90,yes,1.1,93.994,-36.4,4.857,5191,no
25,student,single,high.school,no,no,no,345,yes,-3.4,92.649,-30.1,0.715,5017.5,no
31,entrepreneur,single,basic.6y,unknown,yes,no,12,yes,1.4,94.465,-41.8,4.959,5228.1,no
38,blue-collar,divorced,unknown,no,no,no,258,yes,1.1,93.994,-36.4,4.856,5191,no
52,blue-collar,married,basic.4y,no,yes,no,249,unknown,-1.8,93.075,-47.1,1.445,5099.1,no
39,admin.,divorced,university.degree,no,no,yes,375,no,-1.7,94.215,-40.3,0.827,4991.6,yes
44,admin.,divorced,high.school,no,yes,no,1628,yes,-3.4,92.649,-30.1,0.719,5017.5,yes
39,admin.,single,high.school,no,yes,no,361,yes,1.4,93.918,-42.7,4.962,5228.1,no
54,retired,married,basic.4y,no,yes,no,840,no,-1.8,93.075,-47.1,1.405,5099.1,yes
55,retired,married,university.degree,no,yes,no,188,no,1.4,93.918,-42.7,4.963,5228.1,no
46,admin.,divorced,basic.9y,no,yes,no,56,yes,1.1,93.994,-36.4,4.86,5191,no
55,blue-collar,divorced,basic.4y,unknown,yes,no,164,yes,-1.8,93.075,-47.1,1.483,5099.1,no
45,services,married,high.school,no,yes,no,651,no,-1.8,93.075,-47.1,1.415,5099.1,no
29,blue-collar,single,basic.9y,no,no,yes,107,no,-3.4,92.431,-26.9,0.735,5017.5,yes
46,technician,divorced,professional.course,no,no,no,231,yes,1.4,93.918,-42.7,4.961,5228.1,no
50,unknown,married,unknown,unknown,yes,no,237,no,1.4,93.918,-42.7,4.961,5228.1,no
39,blue-collar,married,basic.4y,unknown,yes,yes,157,no,1.4,93.918,-42.7,4.961,5228.1,no
50,admin.,married,university.degree,no,no,yes,20,no,1.1,93.994,-36.4,4.857,5191,no
34,admin.,married,university.degree,no,no,no,1167,yes,1.1,93.994,-36.4,4.856,5191,no
36,entrepreneur,married,university.degree,no,no,no,386,yes,1.1,93.994,-36.4,4.857,5191,no
29,blue-collar,single,basic.4y,no,yes,yes,104,yes,-0.1,93.2,-42,4.076,5195.8,no
43,housemaid,married,basic.4y,unknown,no,yes,228,yes,1.1,93.994,-36.4,4.858,5191,no
42,unemployed,married,high.school,unknown,no,no,181,yes,1.1,93.994,-36.4,4.857,5191,no
51,housemaid,married,unknown,no,yes,no,121,no,-2.9,92.201,-31.4,0.881,5076.2,no
26,blue-collar,single,basic.9y,no,yes,no,369,yes,1.4,93.918,-42.7,4.96,5228.1,no
31,student,single,unknown,no,yes,no,868,no,-1.7,94.027,-38.3,0.898,4991.6,yes
47,blue-collar,married,basic.4y,unknown,yes,yes,168,yes,1.4,94.465,-41.8,4.961,5228.1,no
54,blue-collar,single,basic.9y,no,yes,no,14,yes,-1.8,93.075,-47.1,1.405,5099.1,no
40,technician,married,professional.course,no,yes,no,258,yes,1.4,93.444,-36.1,4.962,5228.1,no
29,admin.,married,university.degree,no,no,yes,347,yes,-1.7,94.055,-39.8,0.702,4991.6,yes
39,blue-collar,married,basic.9y,unknown,yes,no,327,yes,-1.8,92.893,-46.2,1.299,5099.1,no
55,blue-collar,married,basic.4y,no,no,no,525,no,1.4,93.918,-42.7,4.957,5228.1,no
43,technician,married,professional.course,no,no,no,265,yes,1.1,93.994,-36.4,4.864,5191,no
26,self-employed,single,university.degree,no,no,no,78,yes,-1.8,92.893,-46.2,1.27,5099.1,no
33,technician,divorced,professional.course,no,yes,no,170,no,1.4,93.444,-36.1,4.97,5228.1,no
42,entrepreneur,married,basic.4y,unknown,yes,no,485,no,1.4,93.918,-42.7,4.958,5228.1,no
36,admin.,married,university.degree,no,yes,no,506,yes,-1.8,93.075,-47.1,1.405,5099.1,no
33,blue-collar,married,basic.6y,no,yes,no,351,no,-1.8,93.075,-47.1,1.498,5099.1,yes
36,technician,single,high.school,no,yes,yes,629,no,1.4,93.444,-36.1,4.963,5228.1,no
45,unknown,married,unknown,unknown,no,no,315,yes,1.1,93.994,-36.4,4.857,5191,no
39,technician,married,professional.course,no,no,no,273,no,1.1,93.994,-36.4,4.856,5191,no
36,admin.,unknown,university.degree,no,yes,no,529,no,1.4,93.444,-36.1,4.965,5228.1,yes
28,admin.,married,university.degree,no,no,no,161,no,-1.7,94.027,-38.3,0.898,4991.6,no
38,blue-collar,married,basic.9y,no,no,no,333,yes,1.4,94.465,-41.8,4.958,5228.1,no
49,blue-collar,married,basic.4y,unknown,no,no,122,yes,1.1,93.994,-36.4,4.855,5191,no
38,management,single,university.degree,no,no,no,76,no,1.4,93.918,-42.7,4.963,5228.1,no
36,blue-collar,single,basic.9y,no,no,no,234,yes,1.4,93.918,-42.7,4.962,5228.1,no
51,blue-collar,married,university.degree,no,yes,no,99,no,-1.8,92.893,-46.2,1.313,5099.1,no
57,retired,married,professional.course,unknown,no,yes,1720,yes,1.4,93.918,-42.7,4.962,5228.1,no
44,services,divorced,high.school,no,yes,no,533,no,-1.8,92.893,-46.2,1.266,5099.1,yes
27,admin.,single,university.degree,no,yes,no,429,yes,-2.9,92.201,-31.4,0.879,5076.2,yes
58,management,divorced,university.degree,no,yes,no,174,yes,1.4,93.918,-42.7,4.957,5228.1,no
28,services,single,high.school,no,no,no,406,no,1.4,94.465,-41.8,4.961,5228.1,no
41,admin.,married,university.degree,no,no,no,766,no,1.4,93.444,-36.1,4.968,5228.1,yes
34,blue-collar,married,basic.9y,no,yes,no,232,no,1.4,94.465,-41.8,4.959,5228.1,no
29,services,single,high.school,no,yes,yes,431,no,-2.9,92.963,-40.8,1.26,5076.2,yes
55,blue-collar,divorced,basic.4y,unknown,no,no,130,yes,-1.8,92.893,-46.2,1.281,5099.1,no
37,technician,single,university.degree,no,yes,no,481,yes,-1.7,94.027,-38.3,0.899,4991.6,yes
18,student,single,unknown,no,yes,no,183,no,-1.8,93.876,-40,0.677,5008.7,no
39,blue-collar,married,professional.course,unknown,yes,no,27,yes,1.4,94.465,-41.8,4.866,5228.1,no
36,blue-collar,married,basic.9y,no,no,no,360,no,1.1,93.994,-36.4,4.859,5191,no
34,blue-collar,married,basic.9y,no,no,yes,50,yes,-1.8,92.893,-46.2,1.334,5099.1,no
35,blue-collar,married,basic.9y,no,yes,no,212,yes,-1.1,94.767,-50.8,1.05,4963.6,no
36,unemployed,married,university.degree,no,no,no,616,no,1.4,93.918,-42.7,4.968,5228.1,no
55,admin.,married,high.school,no,no,yes,307,yes,-1.8,93.075,-47.1,1.405,5099.1,yes
50,blue-collar,married,basic.4y,no,no,no,1130,no,1.4,93.918,-42.7,4.962,5228.1,yes
37,blue-collar,married,professional.course,no,yes,no,93,yes,-1.8,93.075,-47.1,1.405,5099.1,no
24,student,single,high.school,no,no,no,132,unknown,1.4,94.465,-41.8,4.864,5228.1,no
57,technician,married,university.degree,unknown,no,yes,76,no,1.1,93.994,-36.4,4.857,5191,no
59,retired,divorced,high.school,no,yes,no,247,yes,-1.8,93.749,-34.6,0.644,5008.7,no
32,admin.,single,university.degree,no,yes,yes,69,yes,-3.4,92.379,-29.8,0.819,5017.5,no
36,self-employed,divorced,professional.course,unknown,yes,yes,110,no,1.4,93.918,-42.7,4.961,5228.1,no
48,management,married,university.degree,no,yes,yes,747,no,-3.4,92.649,-30.1,0.715,5017.5,yes
33,admin.,single,university.degree,unknown,unknown,unknown,313,no,1.4,93.444,-36.1,4.963,5228.1,no
43,technician,divorced,professional.course,no,yes,no,99,no,1.4,94.465,-41.8,4.961,5228.1,no
39,blue-collar,married,unknown,no,no,no,496,no,1.1,93.994,-36.4,4.857,5191,no
26,blue-collar,single,high.school,no,no,no,49,yes,-1.8,92.893,-46.2,1.25,5099.1,no
47,admin.,divorced,high.school,no,yes,no,188,yes,-3.4,92.379,-29.8,0.77,5017.5,no
24,technician,single,professional.course,no,yes,no,171,no,1.4,93.918,-42.7,4.962,5228.1,no
35,self-employed,married,university.degree,no,no,no,81,yes,-0.1,93.2,-42,4.191,5195.8,no
26,student,single,basic.9y,no,yes,no,75,yes,-3.4,92.431,-26.9,0.742,5017.5,no
31,unemployed,single,university.degree,no,yes,no,11,no,-1.8,92.893,-46.2,1.344,5099.1,no
33,blue-collar,single,high.school,no,no,no,2301,yes,-1.8,92.893,-46.2,1.244,5099.1,yes
53,admin.,single,high.school,no,yes,yes,75,yes,-1.8,93.075,-47.1,1.372,5099.1,no
43,technician,married,professional.course,no,no,no,460,no,-1.8,93.876,-40,0.699,5008.7,yes
34,technician,single,professional.course,no,yes,yes,64,yes,1.4,93.444,-36.1,4.97,5228.1,no
41,technician,single,professional.course,no,yes,no,54,yes,1.4,93.444,-36.1,4.968,5228.1,no
33,blue-collar,married,basic.6y,unknown,no,no,139,yes,-1.8,92.893,-46.2,1.281,5099.1,no
33,technician,married,professional.course,no,no,no,220,yes,1.4,94.465,-41.8,4.961,5228.1,no
47,technician,married,unknown,unknown,yes,no,239,yes,1.4,93.918,-42.7,4.957,5228.1,no
29,admin.,married,high.school,no,yes,yes,36,yes,1.4,93.444,-36.1,4.963,5228.1,no
25,blue-collar,single,basic.9y,no,no,no,170,yes,-1.8,92.893,-46.2,1.25,5099.1,no
35,admin.,married,high.school,unknown,no,no,66,yes,1.1,93.994,-36.4,4.857,5191,no
29,technician,married,professional.course,no,yes,no,332,no,1.4,93.918,-42.7,4.962,5228.1,no
57,retired,married,university.degree,no,no,no,81,no,-1.8,93.075,-47.1,1.365,5099.1,no
49,unemployed,married,basic.6y,unknown,no,no,68,no,-1.8,93.075,-47.1,1.405,5099.1,no
35,admin.,married,university.degree,no,yes,no,150,no,1.1,93.994,-36.4,4.859,5191,no
31,blue-collar,married,basic.6y,no,no,no,439,yes,1.1,93.994,-36.4,4.857,5191,no
43,admin.,married,high.school,no,no,no,127,yes,-0.1,93.2,-42,4.153,5195.8,no
34,blue-collar,married,basic.6y,no,yes,no,320,yes,1.4,93.918,-42.7,4.96,5228.1,no
38,admin.,single,university.degree,no,yes,no,284,yes,1.4,94.465,-41.8,4.864,5228.1,no
43,admin.,married,university.degree,no,yes,no,281,yes,1.4,93.444,-36.1,4.964,5228.1,no
38,management,married,university.degree,no,yes,no,83,yes,-0.1,93.2,-42,4.076,5195.8,no
46,blue-collar,married,professional.course,no,no,no,247,no,1.1,93.994,-36.4,4.857,5191,no
39,admin.,single,high.school,unknown,no,no,344,no,1.1,93.994,-36.4,4.86,5191,no
47,entrepreneur,married,professional.course,no,no,no,400,no,1.1,93.994,-36.4,4.857,5191,no
25,blue-collar,single,basic.4y,no,yes,no,304,yes,1.1,93.994,-36.4,4.859,5191,no
38,management,married,high.school,no,no,no,776,yes,1.1,93.994,-36.4,4.857,5191,no
36,technician,married,professional.course,no,no,yes,247,no,1.4,94.465,-41.8,4.958,5228.1,no
30,admin.,married,university.degree,no,yes,no,496,yes,-1.8,93.075,-47.1,1.423,5099.1,yes
34,admin.,single,university.degree,no,yes,no,568,yes,-1.8,93.369,-34.8,0.652,5008.7,yes
47,self-employed,married,university.degree,no,unknown,unknown,95,yes,1.4,93.444,-36.1,4.965,5228.1,no
46,entrepreneur,married,high.school,no,yes,no,109,yes,-2.9,92.201,-31.4,0.861,5076.2,no
45,admin.,married,basic.9y,no,yes,no,173,unknown,1.1,93.994,-36.4,4.857,5191,no
38,housemaid,married,university.degree,no,yes,no,295,no,1.4,93.444,-36.1,4.968,5228.1,no
30,housemaid,married,high.school,no,yes,no,207,yes,1.1,93.994,-36.4,4.858,5191,no
31,management,divorced,university.degree,no,yes,no,156,yes,-1.8,92.893,-46.2,1.313,5099.1,no
52,admin.,divorced,high.school,no,no,no,87,no,1.4,93.918,-42.7,4.962,5228.1,no
48,unemployed,divorced,basic.4y,no,no,yes,119,no,1.4,94.465,-41.8,4.96,5228.1,no
27,blue-collar,single,basic.6y,no,no,no,68,yes,1.4,93.918,-42.7,4.961,5228.1,no
43,blue-collar,married,basic.4y,unknown,yes,no,173,yes,1.4,94.465,-41.8,4.962,5228.1,no
45,blue-collar,married,basic.6y,unknown,no,no,333,no,1.4,94.465,-41.8,4.866,5228.1,no
32,admin.,married,university.degree,no,yes,yes,152,no,1.4,93.444,-36.1,4.964,5228.1,no
30,admin.,married,university.degree,unknown,yes,no,142,yes,1.4,93.444,-36.1,4.963,5228.1,no
60,retired,married,professional.course,no,yes,no,448,no,1.4,93.444,-36.1,4.968,5228.1,no
32,admin.,single,basic.9y,no,yes,no,77,no,1.4,93.918,-42.7,4.958,5228.1,no
32,blue-collar,married,basic.9y,no,no,no,78,no,1.4,94.465,-41.8,4.961,5228.1,no
54,entrepreneur,married,university.degree,no,yes,no,39,yes,1.4,94.465,-41.8,4.864,5228.1,no
53,management,married,high.school,no,yes,no,8,yes,-1.8,92.893,-46.2,1.354,5099.1,no
36,admin.,single,unknown,no,no,no,209,yes,1.4,93.918,-42.7,4.961,5228.1,no
27,technician,single,high.school,no,yes,no,43,yes,1.1,93.994,-36.4,4.855,5191,no
29,blue-collar,married,basic.6y,no,no,no,342,yes,-1.8,92.893,-46.2,1.291,5099.1,no
55,unemployed,single,basic.4y,unknown,unknown,unknown,147,no,1.1,93.994,-36.4,4.855,5191,no
38,admin.,married,high.school,no,yes,no,26,yes,1.1,93.994,-36.4,4.86,5191,no
28,blue-collar,single,basic.4y,unknown,no,no,186,no,1.4,93.918,-42.7,4.963,5228.1,no
37,admin.,single,high.school,no,yes,no,316,yes,1.4,93.918,-42.7,4.961,5228.1,no
37,housemaid,married,high.school,unknown,yes,no,481,yes,1.4,93.444,-36.1,4.968,5228.1,no
30,technician,single,university.degree,unknown,yes,no,78,yes,1.4,93.444,-36.1,4.968,5228.1,no
32,admin.,single,university.degree,no,yes,no,159,yes,1.4,93.444,-36.1,4.964,5228.1,no
43,technician,single,university.degree,no,yes,no,534,yes,1.4,93.918,-42.7,4.958,5228.1,no
35,blue-collar,single,basic.9y,no,yes,no,126,no,1.4,93.918,-42.7,4.962,5228.1,no
47,blue-collar,married,unknown,unknown,no,no,1334,yes,1.1,93.994,-36.4,4.856,5191,yes
42,technician,married,professional.course,no,no,no,295,yes,-1.7,94.027,-38.3,0.899,4991.6,yes
39,blue-collar,married,basic.6y,no,yes,no,391,no,-0.1,93.2,-42,4.076,5195.8,no
41,entrepreneur,married,university.degree,no,yes,no,1138,no,1.1,93.994,-36.4,4.856,5191,yes
38,admin.,married,professional.course,no,no,no,182,yes,1.4,93.918,-42.7,4.96,5228.1,no
29,services,single,high.school,unknown,yes,no,289,no,1.4,93.918,-42.7,4.963,5228.1,no
33,blue-collar,married,basic.9y,no,yes,no,1019,no,1.4,93.918,-42.7,4.957,5228.1,yes
41,admin.,single,university.degree,no,yes,no,279,yes,-1.8,93.075,-47.1,1.405,5099.1,no
45,management,married,basic.9y,no,yes,no,165,no,-1.8,93.876,-40,0.692,5008.7,no
35,admin.,married,university.degree,no,yes,no,146,no,1.4,93.444,-36.1,4.968,5228.1,no
56,retired,married,basic.6y,no,yes,no,172,no,-1.8,93.075,-47.1,1.466,5099.1,no
30,admin.,single,university.degree,no,yes,no,188,yes,-1.8,92.893,-46.2,1.299,5099.1,no
41,management,divorced,university.degree,unknown,yes,yes,341,yes,1.1,93.994,-36.4,4.855,5191,no
41,blue-collar,married,basic.9y,unknown,no,no,105,no,1.1,93.994,-36.4,4.858,5191,no
31,technician,married,professional.course,no,no,no,157,yes,1.1,93.994,-36.4,4.857,5191,no
29,technician,single,professional.course,no,yes,yes,202,no,1.4,93.444,-36.1,4.964,5228.1,no
38,unknown,divorced,high.school,unknown,yes,no,73,yes,1.1,93.994,-36.4,4.857,5191,no
48,blue-collar,married,basic.9y,no,no,no,284,no,1.1,93.994,-36.4,4.857,5191,no
24,student,single,high.school,no,yes,yes,316,yes,-1.7,94.215,-40.3,0.835,4991.6,no
53,blue-collar,divorced,basic.4y,no,no,no,64,yes,1.4,93.918,-42.7,4.961,5228.1,no
56,self-employed,married,basic.9y,no,yes,no,41,no,1.4,93.444,-36.1,4.964,5228.1,no
32,technician,single,university.degree,unknown,yes,no,322,no,1.4,93.444,-36.1,4.964,5228.1,no
29,admin.,single,university.degree,no,no,no,71,no,-1.8,93.075,-47.1,1.41,5099.1,no
32,management,married,university.degree,no,yes,no,106,no,1.4,93.444,-36.1,4.964,5228.1,no
28,student,single,high.school,no,yes,yes,604,yes,1.4,94.465,-41.8,4.962,5228.1,no
33,technician,single,professional.course,no,yes,no,201,yes,-1.8,92.893,-46.2,1.281,5099.1,no
28,technician,divorced,university.degree,no,no,no,265,no,1.4,93.918,-42.7,4.962,5228.1,no
43,blue-collar,married,basic.4y,unknown,yes,no,180,yes,1.1,93.994,-36.4,4.856,5191,no
54,management,married,university.degree,no,yes,no,173,no,-1.8,92.893,-46.2,1.25,5099.1,no
31,blue-collar,single,basic.4y,no,yes,no,111,yes,-0.1,93.2,-42,4.076,5195.8,no
36,admin.,single,high.school,no,yes,no,140,yes,1.4,93.918,-42.7,4.963,5228.1,no
56,retired,married,professional.course,no,no,no,135,no,1.4,93.918,-42.7,4.963,5228.1,no
45,technician,married,high.school,no,yes,yes,474,yes,1.4,93.444,-36.1,4.963,5228.1,no
54,technician,married,basic.6y,no,no,no,112,no,1.4,93.918,-42.7,4.962,5228.1,no
48,services,married,high.school,no,yes,no,193,yes,-1.8,93.075,-47.1,1.405,5099.1,no
60,management,married,unknown,unknown,yes,no,35,unknown,1.4,94.465,-41.8,4.96,5228.1,no
35,admin.,married,university.degree,no,yes,no,252,no,1.4,93.444,-36.1,4.967,5228.1,no
27,services,single,high.school,no,yes,no,88,yes,-1.8,92.893,-46.2,1.266,5099.1,no
51,admin.,married,university.degree,no,yes,no,212,yes,-2.9,92.201,-31.4,0.829,5076.2,yes
40,admin.,single,university.degree,no,no,no,136,no,1.4,94.465,-41.8,4.961,5228.1,no
36,admin.,married,high.school,no,yes,no,88,no,-0.1,93.2,-42,4.191,5195.8,no
34,management,married,university.degree,no,no,no,29,no,-0.1,93.2,-42,4.076,5195.8,no
44,services,married,high.school,no,yes,no,10,no,-1.8,92.893,-46.2,1.344,5099.1,no
37,technician,single,professional.course,no,yes,no,286,no,1.4,93.444,-36.1,4.964,5228.1,no
46,blue-collar,married,unknown,no,yes,no,257,yes,1.4,93.918,-42.7,4.959,5228.1,no
52,blue-collar,married,basic.4y,no,yes,no,362,yes,1.4,93.444,-36.1,4.966,5228.1,no
23,admin.,single,university.degree,no,no,yes,343,no,-1.8,93.075,-47.1,1.405,5099.1,no
39,admin.,married,university.degree,no,yes,no,36,yes,-1.8,92.893,-46.2,1.354,5099.1,no
34,technician,single,professional.course,no,yes,yes,136,yes,-1.8,92.843,-50,1.726,5099.1,no
36,management,divorced,university.degree,no,yes,no,422,no,-1.7,94.055,-39.8,0.72,4991.6,yes
43,blue-collar,married,basic.6y,no,yes,no,286,yes,-1.8,92.893,-46.2,1.344,5099.1,no
45,technician,single,professional.course,no,yes,no,121,yes,1.1,93.994,-36.4,4.857,5191,no
86,retired,married,unknown,unknown,yes,no,340,no,-1.1,94.199,-37.5,0.877,4963.6,yes
34,blue-collar,married,professional.course,no,yes,no,377,yes,-1.8,93.075,-47.1,1.405,5099.1,no
37,entrepreneur,divorced,high.school,no,no,no,298,yes,-3.4,92.649,-30.1,0.719,5017.5,no
32,technician,married,high.school,no,yes,no,55,yes,1.4,93.444,-36.1,4.965,5228.1,no
37,technician,single,university.degree,no,yes,no,300,yes,-1.7,94.055,-39.8,0.748,4991.6,yes
66,housemaid,married,high.school,no,yes,no,210,yes,-1.8,92.893,-46.2,1.259,5099.1,no
32,technician,married,basic.9y,no,no,no,271,yes,1.4,93.918,-42.7,4.963,5228.1,no
35,services,married,basic.9y,no,yes,no,26,yes,-1.8,93.075,-47.1,1.405,5099.1,no
30,self-employed,married,university.degree,no,no,no,212,yes,-1.7,94.055,-39.8,0.72,4991.6,yes
33,services,married,high.school,unknown,no,no,131,no,1.1,93.994,-36.4,4.856,5191,no
57,blue-collar,married,basic.4y,no,yes,no,145,no,-1.8,92.893,-46.2,1.344,5099.1,no
57,retired,single,basic.4y,no,yes,no,107,no,1.4,94.465,-41.8,4.961,5228.1,no
47,services,divorced,basic.4y,unknown,no,no,67,no,1.4,93.918,-42.7,4.963,5228.1,no
56,services,divorced,high.school,unknown,no,no,185,yes,1.1,93.994,-36.4,4.855,5191,no
38,admin.,married,university.degree,no,yes,yes,62,yes,1.4,93.444,-36.1,4.963,5228.1,no
40,admin.,divorced,high.school,no,yes,yes,52,yes,1.4,93.918,-42.7,4.962,5228.1,no
59,entrepreneur,married,university.degree,unknown,no,no,146,yes,1.1,93.994,-36.4,4.86,5191,no
31,self-employed,single,university.degree,no,no,no,854,yes,-3,92.713,-33,0.715,5023.5,yes
34,technician,single,university.degree,no,yes,no,244,yes,1.4,93.444,-36.1,4.964,5228.1,no
28,unemployed,single,basic.9y,no,no,yes,261,no,-1.7,94.027,-38.3,0.899,4991.6,yes
40,services,married,high.school,no,yes,yes,141,no,1.1,93.994,-36.4,4.864,5191,no
42,technician,married,high.school,no,yes,no,163,no,-1.8,93.075,-47.1,1.406,5099.1,yes
49,admin.,married,basic.9y,no,yes,no,161,yes,1.4,93.444,-36.1,4.963,5228.1,no
48,admin.,married,high.school,unknown,yes,yes,64,yes,1.4,93.918,-42.7,4.958,5228.1,no
41,technician,single,university.degree,unknown,no,no,79,no,1.1,93.994,-36.4,4.856,5191,no
37,technician,married,university.degree,no,yes,no,364,yes,-3.4,92.431,-26.9,0.742,5017.5,yes
39,services,married,high.school,no,yes,yes,149,yes,1.4,94.465,-41.8,4.961,5228.1,no
42,services,single,basic.6y,no,yes,yes,11,yes,-1.8,92.893,-46.2,1.281,5099.1,no
32,services,married,high.school,no,no,no,1090,yes,-1.8,93.075,-47.1,1.479,5099.1,no
47,admin.,married,high.school,no,yes,no,145,unknown,1.4,93.444,-36.1,4.968,5228.1,no
35,admin.,married,professional.course,no,no,no,139,no,1.4,93.918,-42.7,4.961,5228.1,no
60,admin.,married,basic.9y,no,yes,no,259,yes,1.4,93.444,-36.1,4.962,5228.1,no
30,blue-collar,married,basic.9y,unknown,yes,no,18,yes,1.4,93.918,-42.7,4.958,5228.1,no
54,entrepreneur,married,basic.9y,no,no,yes,249,no,1.4,94.465,-41.8,4.967,5228.1,no
39,blue-collar,married,basic.4y,unknown,yes,no,85,no,1.1,93.994,-36.4,4.858,5191,no
61,unknown,single,basic.4y,no,yes,yes,131,yes,-1.8,92.893,-46.2,1.266,5099.1,no
43,unemployed,married,basic.9y,unknown,yes,yes,252,yes,-0.1,93.2,-42,4.191,5195.8,no
32,technician,single,university.degree,unknown,no,no,857,no,1.1,93.994,-36.4,4.858,5191,yes
48,blue-collar,married,professional.course,no,yes,yes,231,no,1.1,93.994,-36.4,4.857,5191,no
37,entrepreneur,divorced,university.degree,no,no,yes,95,yes,-1.8,92.893,-46.2,1.27,5099.1,no
34,blue-collar,married,basic.6y,no,no,no,168,no,-1.8,92.893,-46.2,1.334,5099.1,no
41,admin.,married,university.degree,no,yes,no,269,no,-1.7,94.215,-40.3,0.896,4991.6,no
36,self-employed,married,high.school,unknown,yes,no,101,no,1.4,93.444,-36.1,4.963,5228.1,no
33,services,married,high.school,no,no,no,147,yes,1.1,93.994,-36.4,4.857,5191,no
36,admin.,married,university.degree,no,yes,no,120,yes,1.4,94.465,-41.8,4.864,5228.1,no
58,housemaid,married,basic.4y,unknown,no,no,533,yes,1.4,93.918,-42.7,4.961,5228.1,no
40,services,married,high.school,no,no,no,377,yes,-1.8,93.075,-47.1,1.466,5099.1,no
36,management,married,university.degree,no,yes,no,161,yes,-0.1,93.2,-42,4.12,5195.8,no
49,admin.,divorced,high.school,no,yes,no,181,no,-1.8,92.893,-46.2,1.291,5099.1,no
45,blue-collar,married,unknown,no,yes,yes,637,yes,-1.8,93.075,-47.1,1.405,5099.1,no
36,self-employed,single,university.degree,no,no,yes,458,no,-1.7,94.055,-39.8,0.72,4991.6,yes
32,unemployed,single,professional.course,no,yes,yes,310,yes,-1.7,94.055,-39.8,0.704,4991.6,yes
55,entrepreneur,divorced,unknown,no,no,no,67,yes,1.4,93.918,-42.7,4.961,5228.1,no
28,blue-collar,married,basic.9y,no,yes,no,497,yes,1.4,93.918,-42.7,4.96,5228.1,no
76,retired,married,professional.course,unknown,yes,no,352,yes,-1.7,94.055,-39.8,0.761,4991.6,yes
46,management,married,university.degree,no,yes,no,247,yes,-1.8,92.893,-46.2,1.327,5099.1,no
28,management,single,university.degree,no,yes,no,368,no,-3.4,92.379,-29.8,0.819,5017.5,no
30,technician,married,high.school,unknown,yes,no,115,yes,-1.8,92.893,-46.2,1.266,5099.1,no
52,housemaid,single,university.degree,no,no,no,188,yes,1.4,93.918,-42.7,4.958,5228.1,no
42,technician,divorced,basic.9y,no,no,no,474,no,1.1,93.994,-36.4,4.857,5191,no
51,management,divorced,university.degree,no,no,no,269,no,1.1,93.994,-36.4,4.857,5191,no
29,technician,unknown,high.school,no,yes,no,536,yes,1.4,93.444,-36.1,4.965,5228.1,no
47,housemaid,divorced,basic.4y,unknown,yes,yes,475,no,-0.1,93.2,-42,4.12,5195.8,no
56,technician,divorced,university.degree,no,no,no,178,no,-3.4,92.649,-30.1,0.716,5017.5,yes
33,blue-collar,single,basic.4y,no,no,no,313,yes,-1.8,92.893,-46.2,1.291,5099.1,no
38,blue-collar,single,high.school,unknown,no,no,147,no,1.4,93.918,-42.7,4.962,5228.1,no
32,admin.,single,university.degree,no,yes,no,210,no,-1.7,94.215,-40.3,0.846,4991.6,no
31,student,single,unknown,no,no,no,243,no,-1.8,93.876,-40,0.677,5008.7,yes
35,self-employed,married,university.degree,no,no,yes,188,yes,1.1,93.994,-36.4,4.86,5191,no
41,blue-collar,married,basic.6y,unknown,no,yes,178,yes,-1.8,92.893,-46.2,1.291,5099.1,no
41,admin.,married,university.degree,no,yes,no,95,no,-3.4,92.649,-30.1,0.715,5017.5,yes
30,services,married,high.school,unknown,no,no,629,yes,1.1,93.994,-36.4,4.856,5191,no
36,admin.,single,high.school,no,yes,no,245,no,-1.8,93.075,-47.1,1.405,5099.1,no
38,self-employed,married,high.school,no,yes,no,121,yes,1.4,93.918,-42.7,4.961,5228.1,no
28,student,single,unknown,unknown,yes,no,453,no,-1.7,94.027,-38.3,0.9,4991.6,no
35,admin.,married,university.degree,no,yes,no,330,yes,-1.8,93.749,-34.6,0.644,5008.7,yes
42,technician,single,unknown,no,yes,no,158,yes,-2.9,92.201,-31.4,0.884,5076.2,no
40,unemployed,single,basic.4y,no,no,no,355,no,-2.9,92.963,-40.8,1.252,5076.2,yes
31,entrepreneur,single,basic.6y,unknown,yes,yes,8,no,1.4,94.465,-41.8,4.959,5228.1,no
39,technician,single,university.degree,no,no,no,50,no,1.4,93.444,-36.1,4.967,5228.1,no
37,housemaid,married,basic.4y,no,no,no,56,no,1.4,93.918,-42.7,4.961,5228.1,no
52,housemaid,married,basic.6y,no,yes,no,112,yes,1.4,93.444,-36.1,4.966,5228.1,no
33,admin.,married,university.degree,no,yes,no,240,yes,-0.1,93.2,-42,4.076,5195.8,no
37,unemployed,married,university.degree,no,no,yes,85,no,1.4,93.918,-42.7,4.959,5228.1,no
34,services,single,high.school,no,no,no,29,yes,1.4,93.918,-42.7,4.961,5228.1,no
32,admin.,single,university.degree,no,no,no,47,no,1.1,93.994,-36.4,4.864,5191,no
56,blue-collar,married,basic.9y,unknown,no,no,99,yes,1.4,94.465,-41.8,4.864,5228.1,no
47,services,married,high.school,no,yes,no,140,yes,1.4,93.444,-36.1,4.97,5228.1,no
41,technician,single,university.degree,no,no,no,186,no,1.4,93.918,-42.7,4.962,5228.1,no
34,admin.,single,university.degree,no,yes,no,145,yes,1.4,93.444,-36.1,4.965,5228.1,no
35,admin.,married,university.degree,unknown,no,no,70,no,1.4,93.444,-36.1,4.966,5228.1,no
19,student,single,high.school,unknown,yes,no,338,yes,-1.8,92.893,-46.2,1.344,5099.1,no
28,unemployed,single,high.school,no,yes,no,203,unknown,1.4,93.918,-42.7,4.956,5228.1,no
41,blue-collar,divorced,basic.6y,no,yes,yes,343,no,1.1,93.994,-36.4,4.858,5191,no
27,services,single,high.school,unknown,no,no,54,yes,-1.8,92.893,-46.2,1.25,5099.1,no
36,blue-collar,married,basic.9y,no,yes,no,57,yes,-1.8,93.075,-47.1,1.405,5099.1,no
35,blue-collar,married,basic.9y,no,yes,no,231,no,-0.1,93.2,-42,4.153,5195.8,no
32,services,single,basic.9y,no,no,no,168,no,1.4,93.918,-42.7,4.963,5228.1,no
43,management,married,professional.course,no,no,no,764,no,1.1,93.994,-36.4,4.856,5191,no
42,admin.,married,university.degree,no,no,no,73,no,1.4,93.918,-42.7,4.963,5228.1,no
30,self-employed,single,basic.9y,no,no,yes,5,no,-1.1,94.601,-49.5,0.953,4963.6,no
34,admin.,single,university.degree,no,no,no,62,yes,-2.9,92.963,-40.8,1.266,5076.2,no
26,technician,married,professional.course,no,yes,no,345,yes,1.1,93.994,-36.4,4.857,5191,no
30,technician,single,professional.course,no,no,no,125,no,1.4,93.918,-42.7,4.962,5228.1,no
61,retired,married,basic.9y,no,no,no,165,yes,-1.8,93.749,-34.6,0.659,5008.7,no
48,admin.,married,university.degree,no,yes,yes,179,yes,1.4,93.918,-42.7,4.96,5228.1,no
38,blue-collar,married,basic.6y,no,yes,no,382,no,1.4,94.465,-41.8,4.864,5228.1,no
50,blue-collar,married,unknown,unknown,no,no,84,yes,1.4,93.918,-42.7,4.958,5228.1,no
32,technician,married,professional.course,no,yes,no,185,yes,1.4,93.444,-36.1,4.965,5228.1,no
36,technician,married,high.school,no,no,no,46,no,1.4,93.444,-36.1,4.965,5228.1,no
28,admin.,married,high.school,no,yes,no,267,yes,1.4,94.465,-41.8,4.865,5228.1,no
35,management,married,university.degree,no,no,yes,67,yes,1.4,93.444,-36.1,4.965,5228.1,no
37,technician,single,high.school,no,no,no,394,yes,1.4,94.465,-41.8,4.96,5228.1,no
48,blue-collar,married,basic.6y,no,yes,no,130,yes,1.4,94.465,-41.8,4.961,5228.1,no
35,unemployed,married,basic.4y,no,yes,no,57,yes,-0.1,93.2,-42,4.191,5195.8,no
47,technician,single,professional.course,no,yes,no,108,yes,1.4,93.918,-42.7,4.962,5228.1,no
29,admin.,single,university.degree,no,no,no,873,yes,1.4,93.918,-42.7,4.957,5228.1,yes
53,self-employed,married,university.degree,no,yes,no,119,yes,1.4,94.465,-41.8,4.864,5228.1,no
27,services,married,high.school,unknown,no,yes,100,no,1.1,93.994,-36.4,4.857,5191,no
28,services,married,high.school,no,yes,no,69,no,1.4,93.918,-42.7,4.968,5228.1,no
52,management,divorced,university.degree,no,yes,no,161,no,-0.1,93.2,-42,4.191,5195.8,no
39,admin.,married,basic.6y,unknown,no,no,1176,no,1.4,93.918,-42.7,4.963,5228.1,yes
56,retired,single,professional.course,unknown,yes,no,161,yes,1.4,93.918,-42.7,4.962,5228.1,no
39,technician,married,professional.course,no,no,no,77,yes,1.4,93.444,-36.1,4.965,5228.1,no
33,admin.,married,university.degree,no,yes,no,24,yes,1.4,93.444,-36.1,4.963,5228.1,no
53,technician,married,professional.course,no,yes,no,384,yes,-3.4,92.379,-29.8,0.803,5017.5,no
32,blue-collar,married,professional.course,no,no,no,278,yes,1.1,93.994,-36.4,4.864,5191,no
29,unemployed,single,university.degree,no,yes,no,33,yes,-2.9,92.201,-31.4,0.859,5076.2,no
36,admin.,married,high.school,no,yes,no,305,no,-2.9,92.469,-33.6,0.937,5076.2,no
24,technician,single,professional.course,no,no,no,582,no,-1.8,92.893,-46.2,1.25,5099.1,no
49,blue-collar,married,basic.9y,no,no,no,199,no,1.1,93.994,-36.4,4.856,5191,no
28,admin.,single,university.degree,no,yes,no,187,yes,-1.8,92.893,-46.2,1.266,5099.1,no
51,blue-collar,married,basic.4y,unknown,no,no,200,yes,1.4,93.918,-42.7,4.96,5228.1,no
33,unemployed,married,high.school,no,yes,yes,109,no,-1.8,92.893,-46.2,1.264,5099.1,no
34,technician,single,university.degree,no,yes,yes,38,yes,1.4,93.444,-36.1,4.964,5228.1,no
35,technician,married,professional.course,no,no,no,225,yes,-1.8,93.075,-47.1,1.415,5099.1,no
39,unemployed,single,university.degree,no,yes,no,387,yes,-3,92.713,-33,0.706,5023.5,yes
34,management,married,university.degree,unknown,no,no,84,yes,1.4,94.465,-41.8,4.96,5228.1,no
29,admin.,single,university.degree,no,yes,no,67,unknown,1.4,93.444,-36.1,4.968,5228.1,no
49,blue-collar,married,basic.9y,unknown,no,yes,290,yes,-1.8,92.893,-46.2,1.299,5099.1,no
32,admin.,single,university.degree,no,yes,no,8,no,-1.8,92.893,-46.2,1.244,5099.1,no
53,self-employed,married,basic.9y,no,yes,no,600,yes,-1.8,92.893,-46.2,1.291,5099.1,no
51,blue-collar,single,basic.4y,unknown,no,no,448,yes,1.1,93.994,-36.4,4.857,5191,no
37,technician,single,university.degree,no,no,no,62,yes,1.1,93.994,-36.4,4.864,5191,no
29,admin.,single,university.degree,no,yes,no,602,yes,1.4,93.444,-36.1,4.964,5228.1,no
51,management,married,basic.4y,no,no,no,104,yes,1.4,93.918,-42.7,4.96,5228.1,no
30,admin.,single,university.degree,no,yes,no,617,yes,-2.9,92.963,-40.8,1.26,5076.2,yes
41,management,married,unknown,no,yes,no,143,yes,1.4,94.465,-41.8,4.967,5228.1,no
39,blue-collar,married,basic.6y,no,yes,no,476,yes,-1.8,92.893,-46.2,1.327,5099.1,yes
27,blue-collar,married,basic.4y,no,yes,no,185,no,1.4,93.918,-42.7,4.961,5228.1,no
26,admin.,married,high.school,no,yes,no,338,no,-3.4,92.649,-30.1,0.714,5017.5,yes
31,blue-collar,single,basic.9y,no,yes,no,115,no,1.1,93.994,-36.4,4.856,5191,no
49,retired,divorced,professional.course,no,yes,yes,128,no,1.4,93.444,-36.1,4.966,5228.1,no
47,technician,married,professional.course,no,yes,no,69,yes,1.1,93.994,-36.4,4.86,5191,no
39,admin.,married,high.school,no,yes,no,0,yes,1.1,93.994,-36.4,4.857,5191,no
56,technician,married,professional.course,no,no,no,51,yes,-0.1,93.2,-42,4.076,5195.8,no
42,admin.,married,university.degree,no,yes,no,375,yes,-0.1,93.2,-42,4.191,5195.8,no
44,admin.,married,high.school,no,yes,yes,177,yes,1.1,93.994,-36.4,4.857,5191,no
52,services,married,high.school,no,yes,no,251,yes,-0.1,93.2,-42,4.153,5195.8,no
25,services,single,high.school,no,no,no,553,no,-2.9,92.201,-31.4,0.869,5076.2,no
36,admin.,single,university.degree,no,no,no,154,no,-0.1,93.2,-42,4.12,5195.8,no
41,blue-collar,single,basic.9y,no,no,no,74,no,1.1,93.994,-36.4,4.86,5191,no
37,technician,single,high.school,no,yes,no,63,yes,-1.8,93.075,-47.1,1.41,5099.1,no
38,management,married,university.degree,no,no,no,461,yes,1.1,93.994,-36.4,4.859,5191,no
34,blue-collar,married,basic.4y,no,no,no,223,no,-0.1,93.2,-42,4.076,5195.8,no
31,management,single,high.school,no,no,no,90,yes,-1.8,92.893,-46.2,1.334,5099.1,no
39,technician,married,professional.course,unknown,yes,no,145,yes,1.4,93.444,-36.1,4.964,5228.1,no
36,housemaid,divorced,basic.4y,no,yes,no,163,yes,-0.1,93.2,-42,4.153,5195.8,no
38,blue-collar,married,basic.9y,unknown,unknown,unknown,319,yes,1.4,93.918,-42.7,4.962,5228.1,no
39,technician,divorced,professional.course,no,yes,yes,80,unknown,1.4,93.444,-36.1,4.966,5228.1,no
32,admin.,married,high.school,no,yes,no,689,no,-1.8,92.893,-46.2,1.299,5099.1,yes
51,services,married,high.school,no,no,no,236,yes,1.4,94.465,-41.8,4.961,5228.1,no
52,admin.,married,high.school,no,yes,yes,81,yes,-1.8,92.893,-46.2,1.313,5099.1,no
55,technician,married,professional.course,no,no,no,182,no,-0.1,93.2,-42,4.021,5195.8,no
35,admin.,single,university.degree,no,no,no,90,no,1.4,93.444,-36.1,4.965,5228.1,no
41,admin.,married,university.degree,no,yes,yes,75,yes,1.4,94.465,-41.8,4.961,5228.1,no
29,blue-collar,married,high.school,no,no,no,718,yes,1.4,94.465,-41.8,4.866,5228.1,no
38,blue-collar,married,professional.course,no,yes,no,321,no,1.1,93.994,-36.4,4.857,5191,no
51,technician,married,high.school,no,no,no,198,no,-0.1,93.2,-42,4.191,5195.8,no
35,entrepreneur,single,basic.9y,no,yes,no,42,yes,-0.1,93.2,-42,4.191,5195.8,no
34,admin.,single,high.school,no,yes,no,195,no,-1.8,92.893,-46.2,1.281,5099.1,no
47,housemaid,married,unknown,no,yes,no,87,no,-0.1,93.2,-42,4.12,5195.8,no
32,technician,married,professional.course,no,yes,no,322,no,1.1,93.994,-36.4,4.864,5191,no
39,admin.,married,basic.9y,unknown,no,no,131,yes,1.4,93.918,-42.7,4.962,5228.1,no
56,self-employed,married,university.degree,no,no,no,129,yes,1.4,94.465,-41.8,4.959,5228.1,no
31,blue-collar,married,professional.course,no,yes,no,458,yes,1.4,93.918,-42.7,4.963,5228.1,yes
46,technician,divorced,university.degree,no,yes,no,796,yes,-0.1,93.2,-42,4.021,5195.8,yes
44,unknown,married,high.school,unknown,no,no,153,yes,1.4,93.918,-42.7,4.961,5228.1,no
36,blue-collar,married,basic.4y,unknown,no,no,246,no,-1.8,92.893,-46.2,1.344,5099.1,no
31,technician,divorced,professional.course,no,yes,no,662,yes,1.4,93.918,-42.7,4.962,5228.1,yes
37,blue-collar,married,high.school,no,yes,no,475,no,-1.8,92.893,-46.2,1.313,5099.1,no
32,management,single,university.degree,no,yes,no,75,yes,-1.8,92.843,-50,1.703,5099.1,no
48,admin.,divorced,high.school,no,no,no,315,yes,1.1,93.994,-36.4,4.856,5191,no
51,entrepreneur,married,professional.course,unknown,no,no,295,yes,-1.8,92.893,-46.2,1.299,5099.1,no
30,unemployed,married,unknown,no,yes,no,216,yes,-0.1,93.2,-42,4.076,5195.8,no
37,technician,married,professional.course,unknown,yes,yes,144,yes,1.4,93.918,-42.7,4.961,5228.1,no
38,blue-collar,single,high.school,no,yes,yes,21,no,-1.7,94.055,-39.8,0.729,4991.6,no
36,technician,married,university.degree,no,yes,no,219,yes,-1.8,92.893,-46.2,1.299,5099.1,no
55,blue-collar,divorced,basic.4y,no,no,no,278,yes,-1.8,92.893,-46.2,1.313,5099.1,no
51,services,married,professional.course,unknown,no,no,113,no,-1.8,92.893,-46.2,1.327,5099.1,no
42,admin.,married,university.degree,no,no,no,799,no,1.4,93.918,-42.7,4.962,5228.1,no
29,admin.,married,university.degree,no,no,no,142,yes,-0.1,93.2,-42,4.191,5195.8,no
59,self-employed,married,university.degree,no,yes,no,61,no,-1.8,92.893,-46.2,1.266,5099.1,no
31,services,single,high.school,no,no,yes,9,no,1.4,93.918,-42.7,4.968,5228.1,no
31,admin.,married,professional.course,no,no,yes,367,yes,-3,92.713,-33,0.709,5023.5,yes
34,admin.,married,high.school,no,yes,yes,20,no,1.1,93.994,-36.4,4.855,5191,no
37,admin.,married,high.school,unknown,yes,no,204,no,1.4,93.918,-42.7,4.962,5228.1,no
25,blue-collar,single,basic.4y,no,no,no,107,no,1.4,94.465,-41.8,4.959,5228.1,no
34,self-employed,married,university.degree,no,unknown,unknown,156,yes,-1.7,94.215,-40.3,0.896,4991.6,no
37,technician,married,high.school,no,yes,no,267,yes,1.4,94.465,-41.8,4.864,5228.1,no
26,blue-collar,married,basic.4y,no,no,no,232,no,-1.8,92.893,-46.2,1.291,5099.1,no
24,blue-collar,single,basic.9y,no,yes,no,112,yes,1.1,93.994,-36.4,4.857,5191,no
37,services,divorced,basic.9y,no,yes,no,122,no,1.4,93.918,-42.7,4.957,5228.1,no
28,admin.,single,professional.course,no,no,yes,253,yes,1.4,94.465,-41.8,4.955,5228.1,no
31,blue-collar,married,basic.9y,no,no,no,715,no,1.4,93.918,-42.7,4.957,5228.1,no
32,technician,single,university.degree,no,no,no,77,yes,-0.1,93.2,-42,4.153,5195.8,no
52,retired,married,basic.4y,no,no,no,633,yes,1.4,94.465,-41.8,4.864,5228.1,yes
41,technician,married,professional.course,no,no,no,348,no,1.1,93.994,-36.4,4.857,5191,no
36,blue-collar,single,basic.6y,no,no,no,238,no,-1.1,94.767,-50.8,1.046,4963.6,yes
32,blue-collar,married,high.school,no,no,yes,140,no,1.4,94.465,-41.8,4.96,5228.1,no
24,services,single,professional.course,no,yes,no,139,no,1.4,93.918,-42.7,4.962,5228.1,no
48,services,divorced,basic.4y,no,no,no,134,yes,-0.1,93.2,-42,4.12,5195.8,no
57,admin.,divorced,high.school,no,no,no,473,yes,-1.1,94.199,-37.5,0.877,4963.6,yes
36,technician,single,professional.course,no,no,no,275,no,1.4,93.444,-36.1,4.967,5228.1,no
46,services,married,high.school,unknown,yes,no,6,yes,-1.8,92.893,-46.2,1.25,5099.1,no
55,admin.,divorced,university.degree,no,yes,no,230,no,1.1,93.994,-36.4,4.855,5191,no
34,admin.,divorced,university.degree,no,no,no,207,yes,-1.8,92.893,-46.2,1.334,5099.1,no
37,housemaid,married,high.school,unknown,no,no,126,yes,1.4,93.444,-36.1,4.968,5228.1,no
33,management,single,university.degree,no,yes,no,400,no,1.4,93.918,-42.7,4.962,5228.1,no
29,technician,single,university.degree,no,yes,no,226,yes,1.4,93.444,-36.1,4.964,5228.1,no
30,admin.,divorced,high.school,no,no,no,131,no,-0.1,93.2,-42,4.12,5195.8,no
33,technician,married,professional.course,no,no,yes,46,yes,1.4,94.465,-41.8,4.864,5228.1,no
31,blue-collar,married,basic.9y,no,no,no,301,unknown,1.1,93.994,-36.4,4.857,5191,no
47,admin.,married,university.degree,no,no,no,1014,no,-0.1,93.2,-42,4.153,5195.8,no
24,student,single,high.school,no,no,no,557,yes,-1.8,92.893,-46.2,1.244,5099.1,no
30,management,married,university.degree,no,yes,yes,229,yes,1.4,93.918,-42.7,4.963,5228.1,no
48,blue-collar,married,high.school,no,yes,no,700,no,1.4,94.465,-41.8,4.958,5228.1,no
29,self-employed,married,university.degree,no,no,no,116,no,1.1,93.994,-36.4,4.86,5191,no
47,technician,married,basic.9y,no,no,no,72,no,1.4,94.465,-41.8,4.967,5228.1,no
32,technician,married,high.school,no,no,no,195,no,-1.8,92.893,-46.2,1.281,5099.1,no
32,services,single,unknown,no,no,yes,415,no,-1.7,94.215,-40.3,0.846,4991.6,yes
48,entrepreneur,married,basic.6y,no,no,no,119,yes,-1.8,92.893,-46.2,1.334,5099.1,no
34,technician,married,university.degree,no,no,yes,114,yes,1.4,93.918,-42.7,4.968,5228.1,no
42,admin.,single,high.school,no,no,no,127,no,1.4,93.444,-36.1,4.964,5228.1,no
33,technician,single,professional.course,no,yes,no,122,yes,1.4,93.444,-36.1,4.963,5228.1,no
28,unemployed,single,basic.4y,no,yes,no,160,yes,-3.4,92.431,-26.9,0.752,5017.5,no
58,retired,married,basic.4y,unknown,no,no,1045,no,1.1,93.994,-36.4,4.856,5191,yes
43,management,married,high.school,no,yes,yes,70,yes,-0.1,93.2,-42,4.191,5195.8,no
28,technician,single,university.degree,no,yes,no,326,yes,-1.8,92.893,-46.2,1.266,5099.1,yes
37,admin.,single,university.degree,no,yes,no,261,no,-1.8,93.075,-47.1,1.365,5099.1,yes
43,blue-collar,married,basic.4y,unknown,yes,no,345,yes,1.1,93.994,-36.4,4.857,5191,no
30,admin.,single,university.degree,no,no,no,199,yes,-1.8,92.893,-46.2,1.327,5099.1,no
36,self-employed,single,university.degree,no,no,no,84,yes,1.4,93.918,-42.7,4.96,5228.1,no
50,management,married,university.degree,no,yes,no,383,yes,1.1,93.994,-36.4,4.857,5191,no
37,self-employed,married,basic.9y,no,yes,no,78,yes,1.4,93.444,-36.1,4.964,5228.1,no
30,admin.,single,high.school,no,yes,no,180,yes,-1.8,93.075,-47.1,1.405,5099.1,no
46,technician,single,university.degree,no,no,no,185,yes,1.4,93.444,-36.1,4.968,5228.1,no
34,technician,single,high.school,no,no,no,63,yes,-1.8,92.893,-46.2,1.281,5099.1,no
52,admin.,divorced,basic.6y,no,yes,no,219,no,1.4,94.465,-41.8,4.959,5228.1,no
54,technician,married,university.degree,unknown,no,no,217,no,-1.8,92.893,-46.2,1.313,5099.1,no
43,services,married,university.degree,no,yes,no,135,no,1.4,93.918,-42.7,4.961,5228.1,no
35,services,married,high.school,no,no,no,130,no,-1.8,92.893,-46.2,1.354,5099.1,no
40,entrepreneur,married,basic.4y,unknown,yes,no,448,yes,1.4,93.918,-42.7,4.963,5228.1,no
32,blue-collar,married,basic.9y,no,yes,no,123,yes,1.4,94.465,-41.8,4.959,5228.1,no
31,technician,married,professional.course,no,yes,no,409,yes,1.4,93.444,-36.1,4.965,5228.1,no
41,blue-collar,married,basic.4y,no,no,no,142,yes,1.1,93.994,-36.4,4.859,5191,no
29,blue-collar,married,high.school,no,yes,no,96,yes,-0.1,93.2,-42,4.12,5195.8,no
53,blue-collar,married,basic.9y,no,yes,no,122,yes,1.4,93.918,-42.7,4.961,5228.1,no
47,admin.,married,high.school,no,yes,no,1152,no,1.4,93.444,-36.1,4.965,5228.1,yes
51,services,married,high.school,unknown,yes,no,81,no,1.4,94.465,-41.8,4.961,5228.1,no
35,technician,single,professional.course,no,yes,no,137,no,1.4,93.444,-36.1,4.965,5228.1,no
51,technician,married,basic.6y,no,yes,no,166,yes,1.4,93.918,-42.7,4.961,5228.1,no
44,blue-collar,married,basic.6y,unknown,yes,no,194,yes,1.1,93.994,-36.4,4.859,5191,no
59,admin.,married,university.degree,no,yes,no,47,no,1.4,94.465,-41.8,4.962,5228.1,no
31,management,married,university.degree,no,no,no,369,yes,-0.1,93.2,-42,4.191,5195.8,no
31,admin.,divorced,university.degree,no,yes,no,259,yes,-1.8,92.893,-46.2,1.344,5099.1,no
41,technician,married,professional.course,no,no,no,219,yes,-1.8,93.075,-47.1,1.405,5099.1,no
32,services,married,high.school,unknown,yes,no,126,yes,-1.8,92.893,-46.2,1.244,5099.1,no
32,housemaid,single,high.school,no,no,no,406,unknown,1.4,94.465,-41.8,4.866,5228.1,no
56,unknown,single,basic.9y,no,no,no,102,no,1.4,93.918,-42.7,4.962,5228.1,no
51,admin.,married,university.degree,no,yes,no,139,yes,-2.9,92.469,-33.6,0.921,5076.2,yes
53,blue-collar,married,basic.4y,unknown,no,yes,36,yes,1.4,93.918,-42.7,4.968,5228.1,no
25,technician,single,professional.course,no,yes,no,234,no,1.4,93.918,-42.7,4.963,5228.1,no
33,management,married,university.degree,no,no,yes,113,no,-0.1,93.2,-42,4.12,5195.8,no
41,blue-collar,married,basic.9y,unknown,no,no,62,yes,1.1,93.994,-36.4,4.857,5191,no
28,services,single,university.degree,no,no,no,363,yes,1.4,93.918,-42.7,4.963,5228.1,no
48,management,married,basic.9y,no,yes,no,725,no,-1.8,92.893,-46.2,1.291,5099.1,yes
28,blue-collar,single,basic.9y,no,yes,no,103,no,1.4,93.918,-42.7,4.957,5228.1,no
43,services,married,basic.9y,no,no,no,110,yes,1.4,94.465,-41.8,4.866,5228.1,no
29,management,single,university.degree,no,no,no,99,no,1.1,93.994,-36.4,4.857,5191,no
36,blue-collar,divorced,high.school,no,yes,no,133,no,1.4,94.465,-41.8,4.959,5228.1,no
30,admin.,single,university.degree,no,yes,no,873,no,1.4,93.918,-42.7,4.962,5228.1,yes
49,admin.,single,basic.6y,no,yes,yes,441,yes,-1.8,93.075,-47.1,1.405,5099.1,no
55,admin.,married,high.school,no,no,no,94,yes,1.1,93.994,-36.4,4.855,5191,no
34,management,single,university.degree,no,yes,yes,125,yes,-0.1,93.2,-42,4.076,5195.8,no
29,management,married,university.degree,no,yes,no,75,yes,-2.9,92.201,-31.4,0.873,5076.2,no
35,admin.,single,university.degree,no,yes,yes,358,yes,-1.8,93.075,-47.1,1.365,5099.1,no
40,technician,married,basic.9y,unknown,no,no,141,no,1.4,93.918,-42.7,4.96,5228.1,no
42,housemaid,married,university.degree,no,no,no,176,yes,-0.1,93.2,-42,4.191,5195.8,no
34,admin.,single,high.school,no,yes,yes,123,no,1.4,94.465,-41.8,4.961,5228.1,no
47,technician,married,high.school,unknown,yes,no,183,yes,-0.1,93.2,-42,4.021,5195.8,no
39,admin.,married,university.degree,no,yes,no,169,yes,1.4,93.444,-36.1,4.964,5228.1,no
55,technician,married,basic.6y,no,yes,no,452,yes,1.1,93.994,-36.4,4.857,5191,no
44,services,married,high.school,unknown,yes,no,86,yes,1.4,93.918,-42.7,4.963,5228.1,no
34,blue-collar,married,basic.6y,unknown,no,yes,35,yes,1.4,94.465,-41.8,4.961,5228.1,no
45,admin.,married,university.degree,no,yes,no,226,no,1.4,93.444,-36.1,4.965,5228.1,no
50,admin.,married,university.degree,no,yes,no,183,yes,-3.4,92.649,-30.1,0.714,5017.5,yes
55,self-employed,married,basic.9y,no,yes,no,604,yes,-1.8,92.893,-46.2,1.344,5099.1,no
28,admin.,married,high.school,unknown,no,no,60,no,1.4,93.918,-42.7,4.961,5228.1,no
30,technician,married,high.school,no,no,no,79,no,1.4,93.444,-36.1,4.963,5228.1,no
32,housemaid,married,basic.4y,no,yes,no,87,yes,1.4,93.444,-36.1,4.965,5228.1,no
31,management,married,university.degree,no,yes,no,196,no,-0.1,93.2,-42,4.12,5195.8,no
32,services,married,high.school,no,yes,no,21,no,-1.8,92.893,-46.2,1.266,5099.1,no
39,blue-collar,married,professional.course,no,no,no,87,yes,1.1,93.994,-36.4,4.858,5191,no
24,admin.,single,high.school,unknown,yes,yes,493,no,1.4,93.918,-42.7,4.958,5228.1,no
57,retired,married,professional.course,no,yes,no,166,no,-2.9,92.963,-40.8,1.266,5076.2,yes
27,technician,married,university.degree,no,yes,no,131,no,-1.8,92.893,-46.2,1.25,5099.1,no
44,admin.,married,university.degree,no,yes,no,254,yes,-2.9,92.201,-31.4,0.883,5076.2,yes
32,admin.,married,university.degree,no,yes,no,232,yes,-1.8,92.893,-46.2,1.244,5099.1,no
37,housemaid,married,university.degree,no,yes,no,262,no,1.4,94.465,-41.8,4.967,5228.1,no
29,admin.,married,university.degree,no,no,no,406,yes,-0.1,93.2,-42,4.12,5195.8,no
31,unemployed,single,university.degree,no,yes,no,180,no,-1.8,93.369,-34.8,0.646,5008.7,yes
58,blue-collar,married,basic.4y,unknown,yes,no,198,yes,1.4,93.918,-42.7,4.962,5228.1,no
32,technician,single,professional.course,no,yes,no,128,no,1.4,93.918,-42.7,4.968,5228.1,no
48,services,married,basic.4y,unknown,yes,no,137,yes,1.4,93.444,-36.1,4.968,5228.1,no
42,blue-collar,married,professional.course,no,yes,no,262,yes,-1.8,92.893,-46.2,1.313,5099.1,no
31,admin.,single,university.degree,no,no,yes,212,no,-1.1,94.767,-50.8,1.048,4963.6,no
41,blue-collar,married,basic.9y,unknown,no,no,204,no,1.4,94.465,-41.8,4.967,5228.1,no
33,self-employed,single,basic.4y,no,yes,no,742,no,1.1,93.994,-36.4,4.864,5191,no
45,technician,married,professional.course,no,no,no,20,no,1.4,93.918,-42.7,4.962,5228.1,no
30,admin.,married,university.degree,no,no,no,243,yes,1.4,93.444,-36.1,4.97,5228.1,no
30,admin.,single,university.degree,no,no,no,84,yes,1.4,93.918,-42.7,4.963,5228.1,no
53,self-employed,married,basic.9y,no,yes,no,62,no,-0.1,93.2,-42,4.191,5195.8,no
32,blue-collar,single,basic.6y,unknown,unknown,unknown,199,yes,1.4,93.918,-42.7,4.961,5228.1,no
27,admin.,single,university.degree,no,yes,no,401,no,-1.8,93.075,-47.1,1.405,5099.1,no
46,admin.,married,high.school,no,yes,no,98,yes,1.4,93.918,-42.7,4.961,5228.1,no
29,admin.,single,university.degree,no,no,no,103,yes,1.4,93.444,-36.1,4.963,5228.1,no
43,management,married,university.degree,no,no,no,179,no,-0.1,93.2,-42,4.191,5195.8,no
26,admin.,single,university.degree,no,no,no,133,yes,-3.4,92.431,-26.9,0.73,5017.5,no
47,admin.,married,university.degree,no,yes,no,100,no,1.4,93.444,-36.1,4.965,5228.1,no
39,blue-collar,married,basic.9y,unknown,no,no,504,yes,1.1,93.994,-36.4,4.856,5191,yes
29,self-employed,single,university.degree,no,yes,yes,22,unknown,1.4,93.918,-42.7,4.968,5228.1,no
33,admin.,single,university.degree,no,no,no,206,no,-1.7,94.055,-39.8,0.715,4991.6,yes
56,retired,married,high.school,no,yes,yes,97,yes,-2.9,92.201,-31.4,0.883,5076.2,no
30,technician,single,university.degree,no,yes,no,166,yes,-2.9,92.963,-40.8,1.268,5076.2,yes
32,technician,married,university.degree,no,no,yes,131,no,1.4,93.444,-36.1,4.968,5228.1,no
33,services,married,professional.course,no,no,no,291,no,-1.1,94.601,-49.5,0.977,4963.6,no
49,technician,married,university.degree,no,no,no,107,no,1.1,93.994,-36.4,4.857,5191,no
33,blue-collar,married,basic.6y,no,yes,no,134,no,-1.8,92.893,-46.2,1.281,5099.1,no
58,self-employed,married,university.degree,no,no,no,1092,no,-3.4,92.649,-30.1,0.716,5017.5,no
37,admin.,married,professional.course,unknown,yes,no,37,yes,-0.1,93.2,-42,4.12,5195.8,no
48,housemaid,married,high.school,no,no,no,399,yes,-2.9,92.963,-40.8,1.252,5076.2,no
39,technician,married,basic.6y,no,no,no,88,no,-1.8,93.075,-47.1,1.453,5099.1,no
53,admin.,single,basic.6y,no,yes,no,27,yes,1.1,93.994,-36.4,4.857,5191,no
59,housemaid,married,basic.4y,unknown,no,yes,70,yes,1.1,93.994,-36.4,4.856,5191,no
40,admin.,married,university.degree,unknown,no,yes,61,no,1.1,93.994,-36.4,4.857,5191,no
44,blue-collar,single,basic.9y,no,yes,yes,182,yes,-0.1,93.2,-42,4.153,5195.8,no
39,technician,married,professional.course,no,no,no,171,yes,-0.1,93.798,-40.4,4.921,5195.8,yes
30,self-employed,married,university.degree,no,yes,no,138,no,-2.9,92.963,-40.8,1.268,5076.2,no
48,admin.,married,university.degree,no,yes,no,203,yes,1.4,93.444,-36.1,4.967,5228.1,no
51,technician,divorced,high.school,no,yes,no,81,yes,-0.1,93.2,-42,4.191,5195.8,no
29,admin.,married,university.degree,no,no,no,190,yes,1.4,93.444,-36.1,4.964,5228.1,no
38,blue-collar,single,high.school,no,no,no,136,yes,-1.8,92.893,-46.2,1.313,5099.1,no
30,blue-collar,married,basic.4y,unknown,yes,no,176,yes,1.1,93.994,-36.4,4.864,5191,no
62,retired,single,university.degree,no,yes,yes,112,yes,-1.8,92.893,-46.2,1.264,5099.1,no
30,technician,single,professional.course,no,yes,no,93,yes,1.4,93.444,-36.1,4.968,5228.1,no
36,admin.,single,high.school,no,yes,no,159,yes,-2.9,92.201,-31.4,0.849,5076.2,yes
32,student,single,university.degree,no,no,no,21,no,1.1,93.994,-36.4,4.855,5191,no
56,unemployed,married,basic.9y,no,yes,yes,322,no,-0.1,93.2,-42,4.021,5195.8,no
39,admin.,married,high.school,no,yes,no,58,no,-0.1,93.2,-42,4.191,5195.8,no
36,admin.,single,high.school,no,no,yes,148,no,1.1,93.994,-36.4,4.857,5191,no
36,technician,married,university.degree,no,yes,no,167,yes,1.4,93.444,-36.1,4.966,5228.1,no
34,blue-collar,married,basic.6y,no,yes,no,137,yes,-1.8,92.893,-46.2,1.291,5099.1,no
21,student,single,high.school,no,no,no,362,yes,-1.1,94.601,-49.5,0.982,4963.6,yes
44,blue-collar,married,basic.9y,unknown,yes,no,81,yes,-1.8,93.075,-47.1,1.405,5099.1,no
31,admin.,married,high.school,no,no,no,952,yes,1.4,94.465,-41.8,4.961,5228.1,yes
37,admin.,single,professional.course,no,no,no,223,yes,1.4,93.444,-36.1,4.968,5228.1,no
37,technician,married,university.degree,no,yes,no,8,no,1.1,93.994,-36.4,4.857,5191,no
30,blue-collar,married,basic.9y,no,yes,no,58,no,1.4,93.918,-42.7,4.963,5228.1,no
47,technician,divorced,professional.course,no,yes,no,147,no,1.4,93.918,-42.7,4.962,5228.1,no
41,admin.,divorced,high.school,no,no,no,72,yes,1.1,93.994,-36.4,4.857,5191,no
33,technician,married,professional.course,no,yes,no,316,yes,1.1,93.994,-36.4,4.858,5191,no
57,technician,married,professional.course,no,yes,no,190,no,-1.8,92.893,-46.2,1.299,5099.1,no
29,services,single,university.degree,no,no,no,339,yes,1.1,93.994,-36.4,4.859,5191,no
33,admin.,divorced,university.degree,no,no,no,49,yes,1.4,93.444,-36.1,4.962,5228.1,no
40,admin.,divorced,professional.course,no,yes,yes,90,yes,1.4,93.444,-36.1,4.963,5228.1,no
43,technician,married,university.degree,unknown,unknown,unknown,426,yes,-1.8,92.893,-46.2,1.291,5099.1,yes
27,admin.,single,basic.9y,no,yes,yes,81,unknown,1.4,93.918,-42.7,4.961,5228.1,no
41,management,married,university.degree,no,no,no,106,no,1.1,93.994,-36.4,4.857,5191,no
58,retired,married,basic.4y,unknown,yes,no,374,yes,1.4,93.918,-42.7,4.963,5228.1,no
28,blue-collar,married,basic.9y,no,no,yes,329,yes,1.1,93.994,-36.4,4.858,5191,no
55,admin.,divorced,high.school,no,yes,no,244,no,-1.7,94.027,-38.3,0.904,4991.6,yes
54,self-employed,married,university.degree,no,no,no,99,no,-1.1,94.601,-49.5,0.987,4963.6,no
56,management,divorced,university.degree,no,no,no,287,yes,-0.1,93.2,-42,4.12,5195.8,no
56,unemployed,divorced,high.school,unknown,yes,no,109,yes,-0.1,93.2,-42,4.021,5195.8,no
40,technician,married,high.school,no,yes,no,118,no,-0.1,93.2,-42,4.12,5195.8,no
49,management,married,university.degree,no,no,no,86,no,1.4,93.918,-42.7,4.96,5228.1,no
30,admin.,single,university.degree,no,no,no,123,yes,1.4,93.444,-36.1,4.963,5228.1,no
29,student,single,professional.course,no,no,no,232,no,-0.1,93.2,-42,4.021,5195.8,no
31,admin.,single,university.degree,no,no,yes,167,no,1.4,93.444,-36.1,4.963,5228.1,no
30,admin.,married,high.school,no,no,no,166,no,-1.8,92.893,-46.2,1.281,5099.1,no
34,admin.,divorced,university.degree,no,yes,no,111,yes,1.4,93.444,-36.1,4.963,5228.1,no
44,entrepreneur,divorced,basic.4y,no,no,no,170,yes,1.4,93.918,-42.7,4.963,5228.1,no
32,technician,single,university.degree,no,no,no,457,yes,-1.8,92.893,-46.2,1.25,5099.1,no
38,housemaid,divorced,university.degree,no,no,no,403,yes,-1.1,94.767,-50.8,1.03,4963.6,yes
37,self-employed,married,university.degree,no,yes,no,48,yes,-0.1,93.2,-42,4.021,5195.8,no
29,technician,married,university.degree,no,no,no,5,no,1.4,93.918,-42.7,4.968,5228.1,no
30,admin.,single,university.degree,no,yes,no,374,yes,1.4,93.444,-36.1,4.963,5228.1,no
54,management,married,university.degree,no,yes,no,85,no,-1.8,93.075,-47.1,1.365,5099.1,no
43,blue-collar,married,basic.9y,no,yes,yes,393,yes,1.4,93.918,-42.7,4.961,5228.1,no
33,admin.,married,university.degree,no,no,no,92,yes,1.1,93.994,-36.4,4.857,5191,no
32,admin.,single,university.degree,unknown,yes,no,256,yes,1.4,93.444,-36.1,4.963,5228.1,no
57,retired,married,professional.course,no,yes,no,124,yes,-1.1,94.767,-50.8,1.031,4963.6,no
29,admin.,married,university.degree,no,yes,no,137,yes,1.4,93.444,-36.1,4.964,5228.1,no
36,entrepreneur,married,unknown,unknown,yes,no,44,no,1.4,93.918,-42.7,4.96,5228.1,no
48,blue-collar,married,basic.9y,no,yes,no,268,yes,-1.8,93.876,-40,0.668,5008.7,yes
30,blue-collar,married,basic.9y,no,yes,yes,231,yes,-1.8,92.893,-46.2,1.299,5099.1,no
45,admin.,married,university.degree,no,yes,no,64,no,-3.4,92.379,-29.8,0.741,5017.5,no
42,blue-collar,married,basic.6y,no,yes,no,56,no,-1.8,92.893,-46.2,1.327,5099.1,no
31,admin.,single,high.school,no,no,no,96,yes,1.4,93.918,-42.7,4.962,5228.1,no
28,services,single,unknown,no,yes,no,83,no,-1.8,92.893,-46.2,1.344,5099.1,no
53,services,married,unknown,no,yes,no,501,no,-2.9,92.963,-40.8,1.262,5076.2,yes
58,admin.,married,university.degree,no,yes,no,9,yes,-1.1,94.601,-49.5,0.953,4963.6,no
32,services,married,high.school,no,no,yes,340,no,-1.8,93.075,-47.1,1.405,5099.1,no
31,unemployed,married,university.degree,no,no,no,124,no,1.4,93.444,-36.1,4.964,5228.1,no
53,blue-collar,married,basic.4y,no,no,no,545,no,-0.1,93.2,-42,4.191,5195.8,no
53,admin.,married,basic.9y,no,no,no,35,yes,1.1,93.994,-36.4,4.858,5191,no
32,housemaid,married,university.degree,no,yes,yes,73,yes,1.4,93.444,-36.1,4.964,5228.1,no
32,services,single,basic.6y,no,unknown,unknown,131,no,1.4,94.465,-41.8,4.866,5228.1,no
43,unemployed,married,basic.9y,no,yes,no,305,yes,1.1,93.994,-36.4,4.855,5191,no
44,housemaid,married,basic.4y,unknown,no,no,124,no,1.4,94.465,-41.8,4.866,5228.1,no
45,blue-collar,married,high.school,unknown,no,no,124,yes,1.4,93.444,-36.1,4.968,5228.1,no
41,blue-collar,married,unknown,unknown,no,no,203,no,-1.8,93.075,-47.1,1.405,5099.1,no
64,unknown,married,unknown,no,yes,yes,219,yes,-2.9,92.201,-31.4,0.873,5076.2,no
30,self-employed,married,university.degree,no,yes,no,150,yes,1.4,93.918,-42.7,4.963,5228.1,no
31,technician,married,professional.course,no,no,no,3643,no,1.4,93.918,-42.7,4.963,5228.1,yes
27,admin.,single,high.school,unknown,no,no,1105,no,1.4,93.918,-42.7,4.96,5228.1,yes
38,technician,married,professional.course,no,yes,yes,11,no,-0.1,93.2,-42,4.12,5195.8,no
37,admin.,single,university.degree,no,no,yes,553,no,-1.8,92.893,-46.2,1.299,5099.1,no
50,blue-collar,married,basic.9y,unknown,unknown,unknown,90,yes,1.4,93.918,-42.7,4.966,5228.1,no
60,technician,divorced,professional.course,unknown,yes,no,202,yes,1.1,93.994,-36.4,4.858,5191,no
50,technician,divorced,professional.course,no,no,no,73,no,1.4,93.444,-36.1,4.965,5228.1,no
34,admin.,single,high.school,no,no,no,127,yes,1.4,93.918,-42.7,4.962,5228.1,no
45,admin.,married,basic.6y,no,no,yes,268,no,1.4,93.918,-42.7,4.962,5228.1,no
39,services,single,professional.course,unknown,yes,no,199,yes,-1.8,92.893,-46.2,1.327,5099.1,no
36,blue-collar,married,basic.6y,unknown,no,no,166,yes,1.1,93.994,-36.4,4.855,5191,no
34,management,married,high.school,no,yes,no,838,no,1.4,93.918,-42.7,4.961,5228.1,yes
31,blue-collar,divorced,high.school,no,yes,no,829,yes,-1.8,92.893,-46.2,1.281,5099.1,yes
27,student,single,university.degree,no,yes,no,104,no,1.1,93.994,-36.4,4.858,5191,no
35,blue-collar,married,basic.6y,no,yes,no,312,yes,1.1,93.994,-36.4,4.857,5191,no
50,technician,married,university.degree,no,no,no,146,unknown,1.4,93.918,-42.7,4.962,5228.1,no
53,management,married,university.degree,no,yes,no,313,no,-0.1,93.2,-42,4.153,5195.8,no
27,blue-collar,married,basic.4y,no,yes,no,88,yes,-1.8,92.893,-46.2,1.266,5099.1,no
57,housemaid,married,university.degree,no,no,no,388,yes,1.4,93.918,-42.7,4.962,5228.1,no
37,blue-collar,married,basic.9y,no,unknown,unknown,136,no,-1.8,92.893,-46.2,1.334,5099.1,no
59,technician,married,basic.6y,unknown,no,no,24,no,1.1,93.994,-36.4,4.86,5191,no
49,housemaid,married,professional.course,no,no,no,565,no,1.1,93.994,-36.4,4.86,5191,no
32,management,married,high.school,no,no,yes,256,no,-0.1,93.2,-42,4.191,5195.8,no
34,unemployed,married,basic.9y,no,yes,no,218,no,-1.8,92.893,-46.2,1.266,5099.1,no
25,self-employed,single,university.degree,no,no,no,199,yes,1.1,93.994,-36.4,4.857,5191,no
45,blue-collar,married,basic.9y,unknown,yes,yes,207,yes,1.1,93.994,-36.4,4.856,5191,no
34,blue-collar,married,basic.6y,unknown,no,no,651,no,1.4,94.465,-41.8,4.967,5228.1,no
29,admin.,single,university.degree,no,no,no,247,yes,-2.9,92.963,-40.8,1.26,5076.2,no
53,blue-collar,married,unknown,unknown,yes,no,386,yes,1.4,93.918,-42.7,4.962,5228.1,no
29,technician,single,professional.course,unknown,yes,no,239,no,-0.1,93.2,-42,4.076,5195.8,no
39,housemaid,married,basic.4y,no,no,no,183,yes,1.4,93.444,-36.1,4.963,5228.1,no
40,admin.,divorced,high.school,no,yes,no,164,yes,-1.8,92.893,-46.2,1.25,5099.1,no
27,services,single,university.degree,no,yes,no,104,no,-1.8,93.369,-34.8,0.652,5008.7,yes
55,unemployed,married,basic.9y,no,yes,no,156,yes,-3.4,92.431,-26.9,0.728,5017.5,no
32,services,married,high.school,no,no,no,55,yes,1.4,93.444,-36.1,4.964,5228.1,no
54,admin.,married,professional.course,no,yes,no,103,yes,1.4,93.444,-36.1,4.964,5228.1,no
39,unemployed,married,university.degree,unknown,yes,no,74,yes,-0.1,93.2,-42,4.191,5195.8,no
43,technician,divorced,professional.course,no,no,no,644,yes,1.1,93.994,-36.4,4.86,5191,no
41,blue-collar,divorced,basic.4y,no,yes,no,122,yes,1.4,94.465,-41.8,4.962,5228.1,no
26,admin.,married,high.school,no,no,yes,112,yes,-3.4,92.649,-30.1,0.719,5017.5,no
52,technician,married,professional.course,no,yes,yes,203,yes,1.4,93.444,-36.1,4.965,5228.1,no
44,admin.,married,university.degree,no,no,no,96,no,-2.9,92.201,-31.4,0.879,5076.2,no
38,blue-collar,married,basic.9y,unknown,no,no,145,no,-0.1,93.2,-42,4.12,5195.8,no
42,services,married,university.degree,no,unknown,unknown,122,no,-2.9,92.963,-40.8,1.099,5076.2,no
44,admin.,married,university.degree,no,no,no,135,no,-0.1,93.2,-42,4.021,5195.8,no
27,admin.,single,basic.6y,no,yes,no,195,yes,-1.8,92.893,-46.2,1.25,5099.1,no
28,management,married,university.degree,no,no,no,771,yes,1.4,94.465,-41.8,4.962,5228.1,yes
47,housemaid,married,university.degree,no,yes,no,232,yes,-2.9,92.201,-31.4,0.843,5076.2,yes
34,services,married,high.school,no,yes,no,206,yes,1.4,93.918,-42.7,4.96,5228.1,no
55,blue-collar,divorced,basic.4y,unknown,yes,yes,163,yes,-1.8,92.893,-46.2,1.299,5099.1,no
34,blue-collar,married,basic.9y,no,yes,no,513,yes,1.1,93.994,-36.4,4.858,5191,no
25,admin.,single,university.degree,no,no,no,103,no,-2.9,92.201,-31.4,0.838,5076.2,no
31,technician,single,professional.course,no,yes,no,150,no,1.4,93.444,-36.1,4.963,5228.1,no
35,admin.,married,high.school,unknown,yes,no,393,no,1.4,93.918,-42.7,4.963,5228.1,no
50,management,married,university.degree,no,no,no,718,yes,-1.1,94.199,-37.5,0.878,4963.6,no
22,blue-collar,single,basic.9y,no,no,no,106,yes,1.4,93.918,-42.7,4.957,5228.1,no
48,unknown,married,basic.4y,unknown,no,no,375,no,1.1,93.994,-36.4,4.856,5191,no
35,blue-collar,married,basic.4y,unknown,no,no,36,yes,1.1,93.994,-36.4,4.857,5191,no
34,technician,married,professional.course,no,yes,no,107,yes,-0.1,93.2,-42,4.12,5195.8,no
50,blue-collar,married,basic.4y,no,yes,yes,234,yes,-0.1,93.2,-42,4.153,5195.8,no
25,student,single,high.school,no,yes,no,112,yes,-2.9,92.469,-33.6,1.044,5076.2,no
51,entrepreneur,divorced,university.degree,no,yes,no,231,unknown,-1.8,92.893,-46.2,1.299,5099.1,no
32,student,single,high.school,unknown,yes,no,107,yes,1.1,93.994,-36.4,4.856,5191,no
59,management,married,university.degree,no,yes,no,646,no,-3,92.713,-33,0.7,5023.5,no
37,blue-collar,married,basic.9y,unknown,no,no,138,yes,-1.8,92.893,-46.2,1.334,5099.1,no
40,blue-collar,married,basic.4y,no,no,no,181,yes,-0.1,93.2,-42,4.153,5195.8,no
26,technician,single,professional.course,no,yes,no,605,yes,1.4,94.465,-41.8,4.864,5228.1,no
32,admin.,married,high.school,no,no,no,84,yes,-1.8,92.893,-46.2,1.327,5099.1,no
33,management,single,university.degree,no,yes,yes,1176,yes,-1.8,93.075,-47.1,1.498,5099.1,yes
35,self-employed,married,basic.4y,unknown,no,no,140,yes,1.4,94.465,-41.8,4.961,5228.1,no
32,student,single,university.degree,no,yes,no,209,yes,1.4,94.465,-41.8,4.962,5228.1,no
35,admin.,married,high.school,unknown,no,no,356,yes,1.4,93.918,-42.7,4.962,5228.1,no
31,technician,single,university.degree,no,yes,no,984,no,-0.1,93.2,-42,4.191,5195.8,yes
38,blue-collar,married,basic.9y,no,no,no,693,no,1.4,94.465,-41.8,4.959,5228.1,yes
30,student,single,high.school,no,no,no,592,no,-1.7,94.027,-38.3,0.899,4991.6,yes
32,services,married,high.school,no,yes,no,628,no,-1.8,92.893,-46.2,1.27,5099.1,yes
44,blue-collar,married,basic.9y,no,no,no,556,yes,-1.8,92.893,-46.2,1.327,5099.1,no
35,admin.,single,university.degree,no,yes,no,673,yes,1.4,93.918,-42.7,4.962,5228.1,no
48,blue-collar,married,basic.9y,unknown,no,no,454,yes,1.4,94.465,-41.8,4.958,5228.1,no
52,retired,married,university.degree,unknown,no,no,172,yes,-0.1,93.2,-42,4.12,5195.8,no
41,blue-collar,married,basic.9y,no,yes,yes,198,yes,-1.8,92.893,-46.2,1.313,5099.1,no
65,housemaid,married,basic.4y,no,no,no,89,yes,-2.9,92.963,-40.8,1.266,5076.2,no
43,services,divorced,high.school,no,no,no,122,no,1.4,93.918,-42.7,4.962,5228.1,no
40,blue-collar,married,professional.course,no,no,yes,80,no,-0.1,93.2,-42,4.191,5195.8,no
30,admin.,married,university.degree,no,no,no,70,no,1.4,93.918,-42.7,4.957,5228.1,no
66,retired,divorced,high.school,no,no,no,211,yes,-1.7,94.215,-40.3,0.896,4991.6,no
44,services,single,high.school,no,no,no,20,yes,-1.7,94.055,-39.8,0.72,4991.6,no
35,admin.,married,high.school,no,yes,yes,172,no,1.4,94.465,-41.8,4.961,5228.1,no
57,management,married,university.degree,unknown,no,no,338,yes,1.4,93.444,-36.1,4.965,5228.1,no
26,blue-collar,single,basic.6y,no,no,no,83,yes,1.4,94.465,-41.8,4.864,5228.1,no
39,unemployed,married,university.degree,no,yes,no,72,yes,1.4,94.465,-41.8,4.958,5228.1,no
45,services,married,basic.6y,no,unknown,unknown,173,yes,1.4,94.465,-41.8,4.864,5228.1,no
35,technician,single,professional.course,no,yes,no,192,unknown,-3.4,92.649,-30.1,0.714,5017.5,yes
42,housemaid,married,university.degree,no,no,no,90,no,-0.1,93.2,-42,4.191,5195.8,no
36,admin.,single,university.degree,no,no,no,146,yes,-3.4,92.431,-26.9,0.742,5017.5,no
46,admin.,single,university.degree,no,no,yes,195,yes,-1.8,92.893,-46.2,1.264,5099.1,no
35,self-employed,married,university.degree,no,yes,no,192,no,1.4,93.918,-42.7,4.962,5228.1,no
24,admin.,single,high.school,no,yes,no,145,no,1.4,93.918,-42.7,4.957,5228.1,no
50,technician,married,university.degree,no,yes,no,204,yes,1.4,93.444,-36.1,4.965,5228.1,no
36,admin.,single,university.degree,no,no,no,67,yes,1.4,93.918,-42.7,4.968,5228.1,no
39,technician,single,professional.course,no,no,no,206,no,1.4,93.918,-42.7,4.966,5228.1,no
57,blue-collar,married,basic.4y,unknown,yes,no,769,no,1.4,93.918,-42.7,4.96,5228.1,no
42,blue-collar,married,basic.4y,no,no,no,110,yes,1.4,94.465,-41.8,4.864,5228.1,no
31,blue-collar,single,university.degree,no,no,no,35,no,1.4,93.918,-42.7,4.957,5228.1,no
41,admin.,single,unknown,no,yes,yes,1111,no,1.1,93.994,-36.4,4.857,5191,yes
25,blue-collar,married,basic.4y,no,no,no,114,no,-1.8,92.893,-46.2,1.25,5099.1,no
58,blue-collar,married,basic.4y,no,yes,no,48,yes,1.4,93.918,-42.7,4.962,5228.1,no
33,self-employed,married,university.degree,no,no,no,367,yes,1.1,93.994,-36.4,4.857,5191,no
42,technician,single,unknown,no,no,no,162,yes,1.1,93.994,-36.4,4.856,5191,no
41,management,married,university.degree,unknown,no,no,213,yes,1.1,93.994,-36.4,4.857,5191,no
49,blue-collar,divorced,basic.6y,no,no,no,55,yes,-0.1,93.2,-42,4.12,5195.8,no
44,blue-collar,married,basic.9y,unknown,yes,no,33,no,1.1,93.994,-36.4,4.857,5191,no
52,services,married,university.degree,no,no,no,119,yes,1.4,94.465,-41.8,4.96,5228.1,no
26,blue-collar,married,basic.9y,no,no,no,45,no,-1.8,92.893,-46.2,1.334,5099.1,no
43,admin.,married,high.school,unknown,no,no,431,yes,-1.8,92.893,-46.2,1.281,5099.1,no
43,technician,married,university.degree,no,yes,no,134,yes,1.4,93.444,-36.1,4.963,5228.1,no
26,housemaid,married,basic.4y,no,yes,no,149,yes,1.4,93.918,-42.7,4.96,5228.1,no
34,blue-collar,married,basic.6y,no,yes,no,162,yes,-1.8,92.893,-46.2,1.344,5099.1,no
24,services,single,high.school,no,no,no,401,yes,1.1,93.994,-36.4,4.858,5191,no
33,self-employed,single,university.degree,no,no,no,92,no,1.1,93.994,-36.4,4.857,5191,no
38,self-employed,single,unknown,no,no,no,843,yes,1.4,93.918,-42.7,4.961,5228.1,no
31,blue-collar,married,basic.4y,unknown,no,no,363,yes,1.1,93.994,-36.4,4.857,5191,no
32,admin.,divorced,university.degree,no,yes,no,668,no,1.4,93.918,-42.7,4.963,5228.1,no
25,self-employed,single,unknown,no,no,no,131,no,-1.8,93.749,-34.6,0.643,5008.7,no
26,admin.,single,university.degree,no,no,no,342,yes,1.4,93.918,-42.7,4.963,5228.1,no
56,retired,married,basic.4y,no,no,no,88,no,1.1,93.994,-36.4,4.857,5191,no
38,blue-collar,married,basic.6y,no,no,no,21,no,1.1,93.994,-36.4,4.855,5191,no
37,admin.,married,high.school,no,yes,no,136,yes,-3.4,92.649,-30.1,0.716,5017.5,no
22,blue-collar,single,basic.9y,no,yes,yes,848,no,1.4,93.918,-42.7,4.96,5228.1,yes
50,blue-collar,married,basic.9y,no,no,no,128,no,1.4,94.465,-41.8,4.864,5228.1,no
34,blue-collar,married,basic.9y,no,no,no,606,no,1.1,93.994,-36.4,4.859,5191,no
35,technician,single,university.degree,no,yes,no,271,yes,-1.8,92.893,-46.2,1.299,5099.1,no
48,services,divorced,basic.9y,no,unknown,unknown,67,yes,-1.8,92.893,-46.2,1.266,5099.1,no
25,admin.,married,high.school,no,no,no,95,no,1.4,93.918,-42.7,4.962,5228.1,no
39,blue-collar,single,basic.4y,no,no,no,93,yes,-1.8,92.893,-46.2,1.266,5099.1,no
52,technician,married,professional.course,no,yes,yes,211,no,-3.4,92.379,-29.8,0.797,5017.5,yes
48,technician,married,university.degree,no,no,no,239,yes,1.4,93.444,-36.1,4.964,5228.1,no
44,blue-collar,single,basic.9y,unknown,yes,no,225,no,-1.8,93.075,-47.1,1.405,5099.1,no
30,technician,single,professional.course,no,yes,no,178,yes,1.4,93.444,-36.1,4.964,5228.1,no
32,management,married,high.school,no,no,no,206,yes,1.4,94.465,-41.8,4.864,5228.1,no
52,unemployed,married,university.degree,no,no,no,115,no,-0.1,93.2,-42,4.021,5195.8,no
44,blue-collar,single,professional.course,no,no,no,123,no,-3.4,92.431,-26.9,0.742,5017.5,no
29,admin.,single,university.degree,no,yes,yes,254,no,-2.9,92.201,-31.4,0.873,5076.2,yes
41,admin.,married,university.degree,no,no,no,85,no,1.4,93.444,-36.1,4.964,5228.1,no
26,technician,married,high.school,no,yes,no,305,yes,1.1,93.994,-36.4,4.855,5191,no
32,admin.,single,university.degree,no,yes,no,233,yes,1.4,93.444,-36.1,4.966,5228.1,no
31,admin.,single,university.degree,no,yes,no,191,no,1.4,93.444,-36.1,4.963,5228.1,no
29,admin.,single,basic.9y,unknown,yes,no,198,yes,1.1,93.994,-36.4,4.857,5191,no
58,blue-collar,married,basic.4y,unknown,yes,no,148,no,1.1,93.994,-36.4,4.86,5191,no
56,technician,married,basic.4y,unknown,unknown,unknown,272,yes,1.1,93.994,-36.4,4.856,5191,no
23,blue-collar,single,professional.course,no,yes,no,136,yes,-1.8,92.893,-46.2,1.25,5099.1,no
50,technician,married,professional.course,no,yes,no,855,no,1.1,93.994,-36.4,4.864,5191,yes
29,admin.,married,university.degree,no,yes,no,565,yes,-1.8,92.893,-46.2,1.244,5099.1,yes
31,admin.,single,university.degree,no,yes,yes,140,no,1.4,93.444,-36.1,4.962,5228.1,no
48,housemaid,married,basic.4y,no,no,no,248,yes,1.4,93.444,-36.1,4.965,5228.1,no
27,blue-collar,single,unknown,no,unknown,unknown,81,unknown,1.4,93.918,-42.7,4.961,5228.1,no
24,technician,divorced,professional.course,no,no,no,332,no,-1.8,93.075,-47.1,1.405,5099.1,no
35,technician,married,high.school,no,no,no,208,yes,1.1,93.994,-36.4,4.858,5191,no
42,technician,married,university.degree,unknown,no,no,228,yes,1.4,94.465,-41.8,4.864,5228.1,no
37,admin.,married,high.school,no,no,no,14,no,-1.8,92.893,-46.2,1.244,5099.1,no
33,admin.,married,university.degree,no,yes,no,118,no,1.4,93.444,-36.1,4.963,5228.1,no
58,management,married,university.degree,no,no,no,164,no,1.4,93.444,-36.1,4.965,5228.1,no
54,retired,married,basic.9y,no,yes,no,148,no,1.4,93.918,-42.7,4.962,5228.1,no
54,technician,married,professional.course,no,yes,no,149,no,-0.1,93.2,-42,4.153,5195.8,no
39,technician,single,professional.course,no,no,no,71,yes,1.4,93.444,-36.1,4.965,5228.1,no
48,admin.,married,basic.9y,unknown,no,no,517,yes,1.1,93.994,-36.4,4.86,5191,no
34,blue-collar,divorced,basic.4y,no,no,no,204,no,-1.8,93.075,-47.1,1.405,5099.1,no
28,blue-collar,single,basic.9y,unknown,no,no,77,yes,-1.8,92.893,-46.2,1.334,5099.1,no
30,admin.,single,high.school,no,no,no,72,yes,1.4,93.444,-36.1,4.964,5228.1,no
59,retired,married,professional.course,no,yes,no,77,no,1.4,94.465,-41.8,4.864,5228.1,no
29,admin.,single,high.school,unknown,yes,no,139,yes,1.4,93.918,-42.7,4.963,5228.1,no
25,admin.,married,high.school,no,no,no,498,yes,1.1,93.994,-36.4,4.855,5191,no
47,admin.,divorced,high.school,no,yes,no,159,no,-3.4,92.379,-29.8,0.755,5017.5,no
32,admin.,married,university.degree,no,no,yes,301,yes,1.4,93.444,-36.1,4.965,5228.1,no
30,blue-collar,married,basic.6y,no,no,no,338,yes,1.4,94.465,-41.8,4.864,5228.1,no
24,technician,single,university.degree,no,no,no,197,yes,-3.4,92.431,-26.9,0.724,5017.5,no
58,entrepreneur,married,high.school,no,no,no,145,yes,-1.1,94.199,-37.5,0.882,4963.6,no
44,management,married,university.degree,no,no,no,158,yes,1.1,93.994,-36.4,4.859,5191,no
36,admin.,married,university.degree,no,yes,yes,28,yes,-3.4,92.379,-29.8,0.819,5017.5,no
33,self-employed,divorced,basic.9y,no,yes,no,355,yes,1.1,93.994,-36.4,4.856,5191,no
31,blue-collar,single,high.school,no,no,no,42,yes,1.4,93.918,-42.7,4.96,5228.1,no
38,admin.,single,university.degree,unknown,yes,no,992,no,1.4,94.465,-41.8,4.864,5228.1,yes
35,management,married,university.degree,no,yes,no,108,no,1.4,93.444,-36.1,4.962,5228.1,no
29,blue-collar,married,basic.9y,no,no,no,202,no,-1.8,92.893,-46.2,1.313,5099.1,no
58,management,married,university.degree,no,yes,no,260,no,1.4,93.918,-42.7,4.96,5228.1,no
43,blue-collar,married,basic.4y,no,yes,no,269,yes,1.1,93.994,-36.4,4.857,5191,no
55,self-employed,married,basic.4y,unknown,unknown,unknown,169,yes,1.4,93.444,-36.1,4.964,5228.1,no
53,management,married,university.degree,unknown,yes,no,186,yes,1.1,93.994,-36.4,4.856,5191,no
38,entrepreneur,married,basic.9y,no,yes,no,215,yes,1.4,93.918,-42.7,4.957,5228.1,no
36,technician,single,professional.course,no,no,no,54,yes,1.4,93.918,-42.7,4.958,5228.1,no
56,retired,married,professional.course,no,no,no,139,yes,1.4,93.444,-36.1,4.965,5228.1,no
32,admin.,married,university.degree,no,no,no,99,no,1.1,93.994,-36.4,4.86,5191,no
48,blue-collar,married,basic.9y,no,yes,no,67,no,1.4,93.444,-36.1,4.964,5228.1,no
31,technician,married,university.degree,no,no,no,57,no,-3.4,92.649,-30.1,0.714,5017.5,no
50,self-employed,married,basic.4y,unknown,yes,no,311,yes,1.4,93.444,-36.1,4.97,5228.1,no
38,services,married,high.school,unknown,yes,no,25,yes,1.4,94.465,-41.8,4.865,5228.1,no
34,admin.,single,university.degree,unknown,no,no,17,no,1.4,94.465,-41.8,4.866,5228.1,no
41,blue-collar,married,basic.4y,no,yes,no,234,yes,-1.8,92.893,-46.2,1.344,5099.1,no
51,management,married,university.degree,no,yes,no,386,yes,1.4,93.444,-36.1,4.964,5228.1,no
26,admin.,single,high.school,no,no,no,619,yes,1.1,93.994,-36.4,4.859,5191,yes
34,admin.,single,university.degree,no,no,no,260,yes,-3.4,92.379,-29.8,0.773,5017.5,yes
41,technician,married,university.degree,unknown,yes,yes,139,unknown,-1.8,93.075,-47.1,1.435,5099.1,no
41,technician,married,professional.course,no,unknown,unknown,318,no,-2.9,92.963,-40.8,1.262,5076.2,yes
26,blue-collar,married,basic.9y,no,yes,no,71,yes,1.4,94.465,-41.8,4.864,5228.1,no
32,blue-collar,married,basic.6y,unknown,yes,no,459,yes,-1.8,92.893,-46.2,1.281,5099.1,yes
49,blue-collar,married,basic.6y,unknown,no,yes,354,no,-1.8,92.893,-46.2,1.291,5099.1,no
39,technician,married,high.school,no,no,no,225,no,1.4,93.444,-36.1,4.965,5228.1,no
38,blue-collar,married,basic.9y,no,unknown,unknown,144,yes,1.4,94.465,-41.8,4.967,5228.1,no
52,retired,divorced,professional.course,no,no,no,867,yes,1.4,93.918,-42.7,4.961,5228.1,no
57,self-employed,married,university.degree,no,no,yes,1441,no,1.4,93.918,-42.7,4.962,5228.1,yes
38,housemaid,married,university.degree,no,no,no,100,no,1.4,94.465,-41.8,4.961,5228.1,no
31,admin.,married,high.school,no,no,no,172,yes,-1.8,92.893,-46.2,1.266,5099.1,no
57,blue-collar,married,basic.4y,unknown,no,no,42,no,1.4,93.918,-42.7,4.962,5228.1,no
42,self-employed,married,professional.course,unknown,unknown,unknown,665,no,-1.8,92.893,-46.2,1.25,5099.1,no
32,admin.,married,high.school,no,yes,no,154,no,1.4,93.918,-42.7,4.963,5228.1,no
31,blue-collar,married,basic.9y,no,yes,no,97,yes,1.1,93.994,-36.4,4.856,5191,no
32,entrepreneur,married,high.school,no,yes,no,356,yes,-0.1,93.2,-42,4.076,5195.8,no
40,management,married,unknown,no,yes,no,170,yes,1.4,94.465,-41.8,4.959,5228.1,no
58,blue-collar,married,basic.4y,unknown,yes,no,570,yes,1.4,94.465,-41.8,4.959,5228.1,yes
44,admin.,married,university.degree,no,yes,no,351,yes,1.4,94.465,-41.8,4.958,5228.1,no
46,entrepreneur,married,unknown,unknown,yes,no,86,no,1.4,94.465,-41.8,4.967,5228.1,no
47,admin.,married,basic.6y,unknown,yes,no,399,yes,-1.8,93.075,-47.1,1.41,5099.1,no
44,management,married,basic.6y,no,yes,yes,218,no,-1.8,92.843,-50,1.757,5099.1,no
39,admin.,married,high.school,no,no,no,138,yes,-0.1,93.2,-42,4.12,5195.8,no
38,technician,married,professional.course,no,yes,yes,63,yes,-1.8,92.843,-50,1.757,5099.1,yes
59,blue-collar,married,basic.4y,unknown,no,no,293,yes,1.1,93.994,-36.4,4.857,5191,no
49,management,divorced,university.degree,no,yes,yes,138,yes,-2.9,92.201,-31.4,0.883,5076.2,no
51,admin.,married,university.degree,no,no,no,295,yes,-2.9,92.963,-40.8,1.215,5076.2,no
55,unemployed,married,university.degree,no,yes,no,303,no,-0.1,93.2,-42,4.076,5195.8,no
49,technician,divorced,high.school,no,yes,no,1171,yes,1.4,93.918,-42.7,4.958,5228.1,no
44,admin.,married,basic.4y,unknown,yes,no,222,yes,1.4,93.444,-36.1,4.968,5228.1,no
29,blue-collar,single,high.school,no,yes,yes,146,no,-1.8,92.893,-46.2,1.281,5099.1,no
49,blue-collar,married,unknown,no,no,no,286,no,1.1,93.994,-36.4,4.857,5191,no
49,technician,married,professional.course,no,no,no,77,yes,1.4,94.465,-41.8,4.961,5228.1,no
45,admin.,divorced,basic.9y,unknown,no,no,270,no,-1.8,92.893,-46.2,1.327,5099.1,no
39,blue-collar,married,basic.9y,no,no,no,281,no,-0.1,93.2,-42,4.076,5195.8,no
35,blue-collar,married,basic.9y,unknown,no,no,91,yes,1.1,93.994,-36.4,4.858,5191,no
55,entrepreneur,single,unknown,unknown,no,no,542,no,1.4,93.918,-42.7,4.963,5228.1,yes
30,services,single,high.school,no,no,no,111,no,-1.8,92.893,-46.2,1.244,5099.1,no
26,management,single,university.degree,unknown,yes,no,124,no,1.4,93.918,-42.7,4.962,5228.1,no
37,technician,single,professional.course,no,yes,no,347,yes,-0.1,93.2,-42,4.021,5195.8,no
29,self-employed,married,basic.6y,unknown,yes,no,32,yes,1.1,93.994,-36.4,4.857,5191,no
54,blue-collar,married,basic.4y,no,no,no,50,no,-1.8,92.893,-46.2,1.299,5099.1,no
35,technician,married,university.degree,no,no,no,224,yes,-2.9,92.201,-31.4,0.869,5076.2,no
41,technician,single,professional.course,no,yes,no,175,no,-1.8,92.893,-46.2,1.291,5099.1,no
31,technician,married,professional.course,no,no,no,258,yes,1.1,93.994,-36.4,4.855,5191,no
30,admin.,married,university.degree,no,no,no,514,no,1.4,93.444,-36.1,4.963,5228.1,no
43,technician,married,professional.course,no,yes,no,166,yes,-0.1,93.2,-42,4.153,5195.8,no
31,blue-collar,married,professional.course,no,no,no,70,yes,1.4,94.465,-41.8,4.961,5228.1,no
33,admin.,single,university.degree,no,yes,no,166,no,-3.4,92.431,-26.9,0.74,5017.5,yes
30,management,divorced,university.degree,no,no,yes,164,no,1.1,93.994,-36.4,4.857,5191,no
47,admin.,single,university.degree,no,no,no,429,no,1.4,93.444,-36.1,4.963,5228.1,no
32,services,married,professional.course,no,yes,no,146,no,-1.8,92.893,-46.2,1.291,5099.1,no
49,management,married,university.degree,unknown,yes,no,182,yes,1.4,93.918,-42.7,4.962,5228.1,no
41,technician,married,high.school,no,yes,no,145,yes,1.4,94.465,-41.8,4.959,5228.1,no
60,blue-collar,married,professional.course,no,no,no,59,no,1.1,93.994,-36.4,4.857,5191,no
42,services,married,high.school,no,yes,no,274,yes,-1.8,93.075,-47.1,1.405,5099.1,no
39,services,married,high.school,no,yes,no,328,no,-1.8,93.876,-40,0.683,5008.7,yes
52,admin.,married,unknown,no,no,no,331,yes,1.4,93.444,-36.1,4.963,5228.1,no
29,blue-collar,married,basic.6y,no,yes,no,108,yes,-1.8,92.893,-46.2,1.266,5099.1,no
40,blue-collar,single,professional.course,no,yes,no,498,no,1.4,93.918,-42.7,4.962,5228.1,no
30,services,married,high.school,no,no,no,147,yes,1.1,93.994,-36.4,4.864,5191,no
38,admin.,married,high.school,no,no,no,275,no,-1.8,92.893,-46.2,1.334,5099.1,no
37,admin.,married,high.school,no,no,no,316,yes,1.1,93.994,-36.4,4.857,5191,no
60,blue-collar,divorced,basic.4y,unknown,no,no,105,unknown,1.4,93.918,-42.7,4.963,5228.1,no
26,blue-collar,single,basic.9y,no,yes,no,200,no,1.4,93.918,-42.7,4.96,5228.1,no
37,management,married,university.degree,no,no,no,288,yes,1.4,94.465,-41.8,4.961,5228.1,no
56,services,married,high.school,unknown,no,yes,90,yes,1.1,93.994,-36.4,4.857,5191,no
44,technician,married,high.school,no,yes,yes,390,no,1.4,93.444,-36.1,4.966,5228.1,no
46,admin.,married,high.school,no,no,no,318,no,-1.8,92.893,-46.2,1.313,5099.1,no
59,admin.,married,university.degree,no,no,no,85,no,-0.1,93.798,-40.4,4.968,5195.8,yes
52,services,married,high.school,no,yes,no,607,no,1.4,93.444,-36.1,4.963,5228.1,no
40,technician,divorced,professional.course,no,no,no,279,no,1.4,93.444,-36.1,4.965,5228.1,no
44,services,married,high.school,no,yes,no,40,yes,1.4,94.465,-41.8,4.959,5228.1,no
35,management,married,university.degree,no,yes,no,121,yes,-0.1,93.2,-42,4.191,5195.8,no
33,technician,married,professional.course,no,no,no,335,no,1.4,93.444,-36.1,4.966,5228.1,no
38,blue-collar,married,basic.4y,no,yes,no,130,yes,-1.8,92.893,-46.2,1.266,5099.1,no
53,entrepreneur,married,basic.4y,no,yes,yes,398,yes,-1.8,93.749,-34.6,0.644,5008.7,yes
56,unemployed,divorced,high.school,no,yes,no,267,no,1.1,93.994,-36.4,4.859,5191,no
48,blue-collar,married,high.school,no,yes,no,128,yes,1.4,93.444,-36.1,4.964,5228.1,no
45,admin.,divorced,high.school,no,yes,no,800,yes,1.4,93.918,-42.7,4.962,5228.1,no
56,admin.,married,university.degree,unknown,no,no,213,no,1.1,93.994,-36.4,4.857,5191,no
48,management,married,university.degree,no,yes,no,294,yes,-3.4,92.431,-26.9,0.74,5017.5,yes
62,admin.,married,high.school,no,no,no,163,yes,-1.8,92.843,-50,1.52,5099.1,yes
24,services,single,high.school,no,no,no,1150,yes,1.4,93.918,-42.7,4.958,5228.1,yes
33,admin.,single,high.school,no,no,no,87,yes,-3.4,92.431,-26.9,0.731,5017.5,no
49,technician,divorced,professional.course,no,yes,no,361,yes,-1.8,93.369,-34.8,0.635,5008.7,no
54,housemaid,married,professional.course,no,no,no,187,yes,-3.4,92.431,-26.9,0.739,5017.5,no
57,technician,divorced,university.degree,no,no,yes,187,yes,1.4,94.465,-41.8,4.961,5228.1,no
31,admin.,single,high.school,no,no,no,89,yes,-0.1,93.2,-42,4.021,5195.8,no
51,admin.,married,university.degree,no,yes,no,147,no,1.4,93.918,-42.7,4.963,5228.1,no
35,admin.,single,basic.4y,unknown,no,no,95,no,1.1,93.994,-36.4,4.857,5191,no
50,technician,single,university.degree,no,yes,no,634,no,-1.8,93.749,-34.6,0.644,5008.7,yes
30,admin.,single,university.degree,no,yes,no,83,no,-2.9,92.201,-31.4,0.881,5076.2,no
30,blue-collar,married,basic.9y,no,yes,no,245,yes,1.4,93.918,-42.7,4.962,5228.1,no
32,blue-collar,married,basic.6y,unknown,no,no,630,yes,-1.8,92.893,-46.2,1.281,5099.1,no
45,blue-collar,single,high.school,unknown,yes,no,8,yes,-1.8,92.893,-46.2,1.244,5099.1,no
46,admin.,divorced,high.school,no,yes,no,372,yes,-2.9,92.963,-40.8,1.26,5076.2,yes
48,blue-collar,married,basic.4y,no,no,no,984,yes,1.4,94.465,-41.8,4.865,5228.1,no
31,entrepreneur,single,university.degree,no,no,no,1855,yes,-0.1,93.2,-42,4.076,5195.8,no
40,technician,married,university.degree,no,yes,yes,133,no,-1.8,92.893,-46.2,1.25,5099.1,no
56,blue-collar,unknown,basic.4y,no,no,no,422,no,-1.8,93.075,-47.1,1.405,5099.1,no
42,technician,married,professional.course,no,no,no,377,no,-1.8,92.893,-46.2,1.264,5099.1,yes
57,admin.,divorced,university.degree,no,no,no,5,yes,-0.1,93.2,-42,4.663,5195.8,no
47,technician,married,professional.course,unknown,no,no,261,yes,1.1,93.994,-36.4,4.859,5191,no
36,technician,married,university.degree,no,yes,yes,101,no,-1.8,92.893,-46.2,1.264,5099.1,no
53,services,married,high.school,no,no,no,429,yes,1.1,93.994,-36.4,4.859,5191,no
58,self-employed,married,basic.9y,no,no,no,83,yes,1.4,93.444,-36.1,4.965,5228.1,no
36,blue-collar,married,basic.9y,no,unknown,unknown,95,yes,-0.1,93.2,-42,4.153,5195.8,no
35,admin.,single,university.degree,no,yes,no,143,yes,-1.8,92.893,-46.2,1.266,5099.1,no
34,blue-collar,married,basic.9y,unknown,yes,no,266,unknown,1.4,94.465,-41.8,4.961,5228.1,no
41,admin.,married,basic.6y,no,no,no,1203,no,-1.8,93.075,-47.1,1.479,5099.1,yes
30,unknown,married,professional.course,no,no,no,399,yes,-1.8,92.893,-46.2,1.354,5099.1,no
30,technician,single,professional.course,no,yes,no,129,yes,1.4,93.444,-36.1,4.964,5228.1,no
37,services,single,high.school,no,yes,no,227,no,1.1,93.994,-36.4,4.856,5191,no
53,services,married,basic.9y,no,yes,no,723,no,1.4,93.918,-42.7,4.955,5228.1,no
34,services,unknown,high.school,no,yes,yes,369,yes,-1.8,92.893,-46.2,1.344,5099.1,no
28,admin.,single,university.degree,no,yes,no,119,yes,-1.8,92.893,-46.2,1.25,5099.1,no
29,entrepreneur,single,university.degree,no,no,no,347,no,1.4,94.465,-41.8,4.958,5228.1,no
44,admin.,married,university.degree,no,yes,no,358,no,-0.1,93.2,-42,4.021,5195.8,no
56,retired,married,high.school,no,yes,yes,308,yes,-2.9,92.469,-33.6,1.059,5076.2,yes
31,services,single,high.school,no,no,no,16,no,1.4,93.918,-42.7,4.968,5228.1,no
40,blue-collar,single,basic.9y,no,yes,no,128,no,1.4,94.465,-41.8,4.865,5228.1,no
47,blue-collar,married,high.school,no,yes,yes,72,no,-1.8,92.893,-46.2,1.313,5099.1,no
37,management,single,university.degree,no,no,no,107,yes,-1.8,92.893,-46.2,1.344,5099.1,no
57,retired,married,university.degree,no,yes,no,768,yes,1.1,93.994,-36.4,4.856,5191,no
37,blue-collar,single,professional.course,no,no,no,94,yes,1.4,93.444,-36.1,4.964,5228.1,no
52,self-employed,single,basic.4y,unknown,yes,no,61,yes,1.1,93.994,-36.4,4.86,5191,no
34,admin.,single,university.degree,no,no,yes,78,yes,1.4,93.444,-36.1,4.964,5228.1,no
43,services,married,high.school,no,no,yes,262,no,1.1,93.994,-36.4,4.857,5191,no
34,blue-collar,single,unknown,no,no,no,98,yes,-1.8,93.369,-34.8,0.636,5008.7,no
49,admin.,married,university.degree,no,no,no,163,no,-0.1,93.2,-42,4.153,5195.8,no
25,admin.,single,high.school,no,yes,no,54,yes,1.4,94.465,-41.8,4.962,5228.1,no
38,services,married,high.school,no,no,yes,74,yes,1.4,93.918,-42.7,4.968,5228.1,no
40,unemployed,divorced,high.school,no,no,yes,257,yes,1.4,94.465,-41.8,4.866,5228.1,no
31,technician,single,university.degree,no,no,no,259,yes,-0.1,93.2,-42,4.153,5195.8,no
29,technician,married,professional.course,no,no,no,64,yes,1.1,93.994,-36.4,4.857,5191,no
57,admin.,married,university.degree,no,yes,no,73,no,1.4,93.918,-42.7,4.962,5228.1,no
38,management,married,university.degree,no,no,no,525,yes,-1.8,92.893,-46.2,1.313,5099.1,no
48,admin.,single,university.degree,no,yes,no,210,yes,-0.1,93.2,-42,4.12,5195.8,no
32,admin.,single,university.degree,no,no,no,823,no,1.4,93.444,-36.1,4.965,5228.1,yes
30,self-employed,married,university.degree,no,yes,no,103,no,-3.4,92.379,-29.8,0.771,5017.5,no
52,retired,divorced,basic.4y,unknown,yes,yes,26,yes,1.4,94.465,-41.8,4.961,5228.1,no
34,services,divorced,high.school,no,no,no,66,no,-1.8,92.893,-46.2,1.25,5099.1,no
60,blue-collar,married,basic.4y,no,yes,no,347,no,-1.1,94.767,-50.8,1.035,4963.6,no
37,technician,married,professional.course,no,no,no,96,yes,1.4,94.465,-41.8,4.961,5228.1,no
47,technician,divorced,high.school,no,yes,no,56,no,1.4,93.444,-36.1,4.964,5228.1,no
57,admin.,married,unknown,no,yes,no,391,no,-3,92.713,-33,0.706,5023.5,yes
28,admin.,married,university.degree,no,yes,no,226,no,-1.7,94.027,-38.3,0.898,4991.6,no
61,admin.,married,university.degree,unknown,yes,no,1076,yes,-2.9,92.963,-40.8,1.26,5076.2,yes
33,admin.,married,university.degree,no,yes,no,165,yes,-1.8,92.893,-46.2,1.266,5099.1,yes
36,technician,married,professional.course,no,no,no,183,no,1.4,94.465,-41.8,4.959,5228.1,no
53,services,married,basic.9y,unknown,yes,no,9,yes,1.4,94.465,-41.8,4.959,5228.1,no
36,blue-collar,married,unknown,no,no,no,837,no,1.1,93.994,-36.4,4.859,5191,no
31,self-employed,married,university.degree,no,yes,yes,464,yes,1.4,94.465,-41.8,4.865,5228.1,no
44,management,divorced,basic.9y,unknown,yes,no,73,no,1.4,94.465,-41.8,4.96,5228.1,no
37,blue-collar,married,basic.9y,no,yes,no,271,yes,-1.8,92.893,-46.2,1.327,5099.1,no
32,technician,single,university.degree,no,yes,yes,93,yes,1.4,93.444,-36.1,4.965,5228.1,no
44,blue-collar,married,high.school,unknown,yes,no,73,no,1.1,93.994,-36.4,4.857,5191,no
29,management,single,university.degree,no,yes,no,468,no,-1.8,92.893,-46.2,1.313,5099.1,no
37,management,divorced,unknown,no,no,yes,74,no,-0.1,93.2,-42,4.191,5195.8,no
48,retired,married,basic.4y,unknown,no,yes,780,no,1.4,93.918,-42.7,4.962,5228.1,no
33,services,single,university.degree,no,yes,no,252,yes,-1.1,94.601,-49.5,0.977,4963.6,yes
38,blue-collar,married,basic.6y,unknown,yes,no,258,yes,1.4,94.465,-41.8,4.864,5228.1,no
41,blue-collar,married,basic.4y,unknown,no,no,197,no,-1.8,93.075,-47.1,1.405,5099.1,no
57,housemaid,married,basic.4y,no,yes,no,381,yes,1.4,93.918,-42.7,4.966,5228.1,no
35,blue-collar,married,basic.9y,no,no,no,15,no,1.4,94.465,-41.8,4.959,5228.1,no
34,blue-collar,married,basic.9y,no,yes,no,210,yes,-1.8,93.075,-47.1,1.405,5099.1,no
50,entrepreneur,married,basic.9y,no,yes,no,82,yes,1.4,94.465,-41.8,4.967,5228.1,no
49,management,married,university.degree,no,no,no,289,no,-1.8,93.075,-47.1,1.41,5099.1,no
28,blue-collar,married,basic.9y,no,no,no,549,yes,-1.8,92.893,-46.2,1.334,5099.1,no
53,admin.,single,unknown,unknown,no,no,183,no,1.4,93.918,-42.7,4.961,5228.1,no
52,admin.,married,professional.course,no,yes,yes,139,yes,-1.7,94.215,-40.3,0.893,4991.6,no
35,admin.,single,professional.course,unknown,yes,no,352,unknown,1.1,93.994,-36.4,4.857,5191,no
65,technician,married,professional.course,no,no,no,263,no,-1.1,94.199,-37.5,0.879,4963.6,no
26,blue-collar,married,basic.9y,no,yes,no,77,yes,-1.8,93.075,-47.1,1.41,5099.1,no
56,blue-collar,divorced,basic.9y,no,yes,yes,123,yes,1.4,93.918,-42.7,4.962,5228.1,no
39,housemaid,married,basic.9y,no,yes,no,150,no,-0.1,93.2,-42,4.021,5195.8,no
23,admin.,single,high.school,no,yes,no,34,no,1.4,93.918,-42.7,4.96,5228.1,no
32,admin.,single,university.degree,no,no,no,159,no,1.4,93.444,-36.1,4.968,5228.1,no
35,admin.,single,university.degree,no,yes,no,789,no,-2.9,92.201,-31.4,0.883,5076.2,no
50,management,married,university.degree,no,no,no,650,no,1.4,93.918,-42.7,4.962,5228.1,no
52,management,married,professional.course,no,unknown,unknown,135,yes,1.1,93.994,-36.4,4.855,5191,no
58,retired,divorced,university.degree,no,yes,no,83,yes,1.1,93.994,-36.4,4.858,5191,no
37,blue-collar,divorced,professional.course,no,yes,no,75,no,-0.1,93.2,-42,4.076,5195.8,no
34,admin.,single,university.degree,no,no,no,169,yes,-3.4,92.649,-30.1,0.714,5017.5,yes
54,technician,married,professional.course,no,yes,no,150,yes,1.1,93.994,-36.4,4.858,5191,no
60,admin.,married,university.degree,no,no,no,133,no,-2.9,92.201,-31.4,0.861,5076.2,no
30,blue-collar,married,basic.9y,no,yes,no,219,yes,1.4,93.918,-42.7,4.962,5228.1,no
34,blue-collar,married,basic.9y,no,no,no,234,yes,-1.8,93.075,-47.1,1.41,5099.1,no
30,blue-collar,married,high.school,no,yes,no,32,no,1.4,94.465,-41.8,4.96,5228.1,no
43,blue-collar,married,basic.9y,unknown,yes,no,226,yes,1.1,93.994,-36.4,4.864,5191,no
37,blue-collar,married,basic.4y,no,yes,no,164,yes,-1.8,92.893,-46.2,1.334,5099.1,no
34,technician,married,high.school,no,no,no,347,yes,-1.8,92.893,-46.2,1.299,5099.1,no
30,admin.,married,high.school,no,unknown,unknown,104,yes,-3.4,92.649,-30.1,0.714,5017.5,no
31,technician,married,basic.6y,no,yes,no,51,yes,-0.1,93.2,-42,4.076,5195.8,no
41,services,married,high.school,no,yes,no,314,yes,-1.8,92.893,-46.2,1.281,5099.1,yes
48,admin.,married,university.degree,no,no,no,298,yes,-0.1,93.2,-42,4.076,5195.8,no
21,student,single,high.school,no,no,no,328,yes,-3.4,92.431,-26.9,0.739,5017.5,yes
42,admin.,married,unknown,no,no,no,221,no,1.1,93.994,-36.4,4.857,5191,no
38,blue-collar,married,basic.6y,no,yes,no,226,no,1.4,93.918,-42.7,4.963,5228.1,no
42,self-employed,married,university.degree,no,yes,no,1002,no,1.1,93.994,-36.4,4.857,5191,no
40,technician,married,professional.course,unknown,yes,no,105,no,1.1,93.994,-36.4,4.86,5191,no
33,admin.,married,university.degree,no,no,no,286,yes,-1.7,94.055,-39.8,0.761,4991.6,no
37,admin.,divorced,university.degree,unknown,yes,no,230,yes,-1.8,92.893,-46.2,1.244,5099.1,no
37,blue-collar,married,high.school,unknown,no,no,26,yes,1.1,93.994,-36.4,4.856,5191,no
38,blue-collar,single,high.school,no,no,no,141,yes,-1.8,93.369,-34.8,0.655,5008.7,yes
52,management,divorced,university.degree,no,no,no,578,yes,-0.1,93.2,-42,4.191,5195.8,no
44,technician,single,professional.course,no,yes,no,95,yes,1.4,93.444,-36.1,4.963,5228.1,no
38,technician,single,high.school,no,no,no,152,no,1.1,93.994,-36.4,4.857,5191,no
24,services,single,high.school,no,yes,no,453,no,1.4,94.465,-41.8,4.962,5228.1,no
32,technician,single,professional.course,no,yes,yes,234,no,1.4,93.918,-42.7,4.968,5228.1,no
32,services,married,high.school,no,no,no,162,yes,1.1,93.994,-36.4,4.857,5191,no
44,services,married,unknown,no,no,yes,151,yes,-2.9,92.963,-40.8,1.26,5076.2,yes
39,services,single,university.degree,unknown,yes,no,43,no,-0.1,93.2,-42,4.076,5195.8,no
57,blue-collar,married,basic.4y,unknown,yes,no,153,yes,1.4,93.918,-42.7,4.962,5228.1,no
50,admin.,married,university.degree,no,yes,no,160,yes,-1.8,93.075,-47.1,1.4,5099.1,yes
50,services,married,basic.4y,unknown,yes,no,507,yes,1.1,93.994,-36.4,4.857,5191,yes
36,management,married,university.degree,unknown,yes,yes,508,yes,1.4,93.444,-36.1,4.964,5228.1,no
40,services,divorced,high.school,no,no,no,155,unknown,1.4,94.465,-41.8,4.959,5228.1,no
47,blue-collar,married,basic.6y,no,yes,yes,93,yes,1.1,93.994,-36.4,4.855,5191,no
36,student,single,unknown,unknown,yes,no,567,no,-1.8,92.893,-46.2,1.244,5099.1,no
33,admin.,single,high.school,no,yes,no,167,yes,1.4,93.444,-36.1,4.963,5228.1,no
27,admin.,single,high.school,no,yes,no,112,yes,1.4,93.918,-42.7,4.96,5228.1,no
60,retired,married,university.degree,unknown,no,no,430,yes,1.4,93.444,-36.1,4.97,5228.1,no
37,entrepreneur,married,university.degree,unknown,yes,no,215,yes,-0.1,93.2,-42,4.191,5195.8,no
35,management,married,high.school,no,yes,no,159,yes,-0.1,93.2,-42,4.153,5195.8,no
49,admin.,married,basic.4y,no,yes,no,43,yes,-1.8,92.893,-46.2,1.281,5099.1,no
40,admin.,divorced,university.degree,no,no,no,192,yes,1.4,93.918,-42.7,4.963,5228.1,no
43,blue-collar,married,basic.9y,unknown,yes,no,545,yes,-1.8,92.893,-46.2,1.344,5099.1,no
47,admin.,married,university.degree,no,no,no,470,no,-1.7,94.027,-38.3,0.9,4991.6,yes
33,management,married,university.degree,no,no,no,191,no,1.4,93.444,-36.1,4.965,5228.1,no
40,admin.,single,high.school,no,no,no,97,no,1.4,94.465,-41.8,4.967,5228.1,no
58,blue-collar,married,basic.4y,unknown,yes,no,86,no,1.4,93.918,-42.7,4.96,5228.1,no
46,technician,divorced,professional.course,no,yes,no,387,yes,1.4,93.918,-42.7,4.961,5228.1,no
38,blue-collar,married,basic.6y,no,yes,no,221,yes,1.1,93.994,-36.4,4.858,5191,no
47,services,divorced,high.school,no,no,no,421,yes,1.1,93.994,-36.4,4.856,5191,no
59,admin.,married,professional.course,no,yes,yes,1241,yes,1.4,93.444,-36.1,4.964,5228.1,no
35,services,married,basic.9y,no,no,yes,98,yes,1.4,94.465,-41.8,4.958,5228.1,no
29,admin.,single,university.degree,no,yes,no,112,yes,1.4,93.444,-36.1,4.963,5228.1,no
50,management,married,professional.course,no,yes,no,381,no,-0.1,93.2,-42,4.021,5195.8,no
39,management,divorced,university.degree,no,yes,no,10,no,-0.1,93.2,-42,4.076,5195.8,no
32,admin.,single,professional.course,no,no,yes,6,no,-1.8,92.893,-46.2,1.25,5099.1,no
31,technician,married,university.degree,no,no,yes,125,yes,1.1,93.994,-36.4,4.857,5191,no
24,services,married,high.school,no,yes,no,298,yes,1.4,94.465,-41.8,4.96,5228.1,no
41,services,married,high.school,unknown,yes,yes,31,no,1.4,94.465,-41.8,4.961,5228.1,no
22,services,single,high.school,no,yes,no,94,yes,-2.9,92.963,-40.8,1.26,5076.2,no
28,self-employed,single,university.degree,no,no,no,373,yes,-2.9,92.963,-40.8,1.266,5076.2,no
41,admin.,married,basic.9y,no,yes,no,120,yes,1.4,93.918,-42.7,4.962,5228.1,no
36,blue-collar,married,basic.9y,unknown,no,no,218,yes,1.4,93.918,-42.7,4.963,5228.1,no
53,admin.,divorced,university.degree,no,yes,no,228,unknown,-1.8,93.369,-34.8,0.65,5008.7,no
28,entrepreneur,married,basic.4y,unknown,yes,no,143,no,1.1,93.994,-36.4,4.859,5191,no
62,management,divorced,high.school,no,no,no,405,yes,-2.9,92.201,-31.4,0.861,5076.2,yes
52,admin.,divorced,university.degree,unknown,yes,yes,201,yes,1.4,93.918,-42.7,4.962,5228.1,no
28,admin.,divorced,university.degree,no,yes,no,1148,no,-1.8,92.893,-46.2,1.327,5099.1,yes
29,blue-collar,single,basic.6y,no,no,no,69,no,-0.1,93.2,-42,4.021,5195.8,no
39,blue-collar,divorced,basic.9y,no,yes,no,182,yes,1.1,93.994,-36.4,4.856,5191,no
39,technician,single,university.degree,unknown,no,yes,125,yes,-3.4,92.431,-26.9,0.72,5017.5,yes
60,admin.,married,professional.course,no,yes,no,571,no,-1.8,93.075,-47.1,1.365,5099.1,yes
33,technician,married,professional.course,no,yes,no,390,no,-1.8,92.893,-46.2,1.354,5099.1,no
32,blue-collar,married,basic.6y,no,no,yes,188,yes,-0.1,93.2,-42,4.12,5195.8,no
49,self-employed,married,professional.course,no,yes,no,214,no,1.1,93.994,-36.4,4.856,5191,no
31,admin.,married,high.school,no,no,no,469,no,1.1,93.994,-36.4,4.857,5191,no
27,housemaid,married,high.school,no,yes,no,189,no,1.4,93.918,-42.7,4.963,5228.1,no
38,services,married,high.school,no,no,no,186,yes,-1.8,93.075,-47.1,1.384,5099.1,no
31,admin.,married,university.degree,no,no,no,112,yes,1.4,93.444,-36.1,4.968,5228.1,no
40,management,single,high.school,no,no,no,94,yes,1.4,93.918,-42.7,4.963,5228.1,no
28,admin.,married,high.school,no,yes,no,254,yes,-3.4,92.649,-30.1,0.715,5017.5,yes
56,admin.,married,high.school,no,no,no,276,yes,-3.4,92.379,-29.8,0.778,5017.5,no
35,admin.,single,university.degree,no,no,no,330,no,1.4,93.918,-42.7,4.963,5228.1,no
56,management,married,basic.9y,no,yes,yes,62,yes,-0.1,93.2,-42,4.021,5195.8,no
35,technician,divorced,professional.course,no,yes,no,536,no,1.4,93.444,-36.1,4.966,5228.1,no
46,admin.,divorced,basic.9y,no,yes,no,275,yes,-1.8,92.893,-46.2,1.313,5099.1,no
32,blue-collar,married,basic.9y,no,yes,yes,230,yes,-1.8,92.893,-46.2,1.334,5099.1,no
45,services,single,unknown,no,no,no,541,yes,-1.8,93.075,-47.1,1.405,5099.1,yes
34,management,divorced,basic.6y,unknown,yes,no,271,yes,1.1,93.994,-36.4,4.855,5191,no
56,housemaid,divorced,basic.4y,no,yes,no,212,yes,-0.1,93.2,-42,4.076,5195.8,no
39,technician,single,professional.course,no,no,no,617,no,1.4,93.918,-42.7,4.96,5228.1,yes
24,unknown,single,university.degree,no,yes,no,74,yes,-2.9,92.963,-40.8,1.262,5076.2,no
50,management,single,university.degree,no,yes,no,184,yes,1.1,93.994,-36.4,4.855,5191,no
43,unemployed,divorced,basic.9y,no,no,no,398,no,1.4,93.918,-42.7,4.962,5228.1,no
52,retired,married,high.school,no,yes,no,293,no,1.4,93.444,-36.1,4.966,5228.1,no
59,technician,married,university.degree,no,no,no,119,yes,-2.9,92.201,-31.4,0.879,5076.2,no
27,blue-collar,married,basic.4y,no,yes,no,259,no,-1.8,92.893,-46.2,1.291,5099.1,no
33,unemployed,married,basic.9y,no,yes,no,41,no,-0.1,93.2,-42,4.12,5195.8,no
25,services,single,high.school,no,no,no,79,yes,-1.1,94.601,-49.5,0.977,4963.6,no
47,housemaid,married,professional.course,no,yes,yes,132,no,1.4,94.465,-41.8,4.865,5228.1,no
31,blue-collar,single,high.school,unknown,yes,no,187,no,1.4,94.465,-41.8,4.864,5228.1,no
43,blue-collar,married,basic.9y,unknown,unknown,unknown,123,no,-1.8,92.893,-46.2,1.344,5099.1,no
34,blue-collar,single,basic.9y,unknown,no,no,289,yes,1.1,93.994,-36.4,4.857,5191,no
50,services,married,high.school,no,yes,no,90,yes,-0.1,93.2,-42,4.153,5195.8,no
31,admin.,married,university.degree,no,yes,no,64,no,1.4,93.444,-36.1,4.966,5228.1,no
45,services,divorced,basic.4y,no,no,no,296,yes,-1.8,93.075,-47.1,1.41,5099.1,no
35,technician,married,professional.course,no,yes,no,390,no,-1.1,94.199,-37.5,0.878,4963.6,no
59,blue-collar,married,basic.4y,unknown,no,no,340,yes,-2.9,92.963,-40.8,1.26,5076.2,yes
29,technician,married,university.degree,no,no,yes,80,no,1.4,93.444,-36.1,4.965,5228.1,no
28,admin.,single,university.degree,no,yes,no,393,yes,1.1,93.994,-36.4,4.855,5191,no
45,admin.,married,high.school,no,yes,no,527,yes,-0.1,93.2,-42,4.191,5195.8,no
47,technician,single,university.degree,no,no,no,115,no,-1.8,93.075,-47.1,1.405,5099.1,no
41,self-employed,married,university.degree,no,yes,no,92,no,1.4,93.444,-36.1,4.966,5228.1,no
42,management,married,high.school,no,no,no,588,no,1.4,93.444,-36.1,4.967,5228.1,no
32,technician,single,university.degree,no,yes,no,645,no,1.4,93.444,-36.1,4.966,5228.1,yes
32,blue-collar,married,basic.6y,no,yes,no,251,yes,1.4,93.918,-42.7,4.963,5228.1,no
33,blue-collar,married,high.school,no,no,no,328,yes,1.1,93.994,-36.4,4.857,5191,no
43,management,married,unknown,unknown,no,no,177,no,-1.8,93.075,-47.1,1.41,5099.1,no
34,blue-collar,married,university.degree,no,no,yes,208,yes,-1.8,92.893,-46.2,1.313,5099.1,no
59,housemaid,married,basic.4y,unknown,no,no,77,no,1.4,93.444,-36.1,4.965,5228.1,no
31,admin.,married,university.degree,no,yes,no,210,yes,-0.1,93.2,-42,4.076,5195.8,no
24,admin.,single,university.degree,no,yes,yes,74,yes,-2.9,92.963,-40.8,1.26,5076.2,no
27,blue-collar,single,basic.9y,no,no,no,284,no,1.4,93.918,-42.7,4.958,5228.1,no
37,services,married,high.school,no,yes,no,81,yes,-1.8,92.893,-46.2,1.25,5099.1,no
53,self-employed,married,university.degree,no,yes,no,1221,no,-0.1,93.2,-42,4.021,5195.8,no
31,blue-collar,married,basic.9y,no,yes,no,704,yes,1.4,94.465,-41.8,4.962,5228.1,yes
56,technician,married,professional.course,no,no,no,196,unknown,1.4,93.918,-42.7,4.963,5228.1,no
35,technician,married,high.school,no,unknown,unknown,171,no,1.4,93.444,-36.1,4.963,5228.1,no
54,retired,married,professional.course,unknown,no,no,95,yes,-2.9,92.201,-31.4,0.838,5076.2,yes
39,entrepreneur,married,basic.9y,unknown,yes,yes,158,yes,-1.8,92.893,-46.2,1.266,5099.1,no
44,management,married,basic.9y,no,yes,no,260,no,1.4,93.444,-36.1,4.965,5228.1,no
49,technician,married,professional.course,no,yes,yes,70,no,1.4,93.918,-42.7,4.96,5228.1,no
47,management,married,basic.4y,no,no,yes,216,no,1.4,94.465,-41.8,4.961,5228.1,no
30,blue-collar,single,basic.6y,no,no,no,92,no,-1.8,92.893,-46.2,1.25,5099.1,no
29,admin.,single,high.school,no,no,no,230,no,-1.8,92.893,-46.2,1.281,5099.1,no
39,technician,single,professional.course,no,yes,no,241,yes,1.4,93.918,-42.7,4.96,5228.1,no
33,entrepreneur,married,university.degree,no,yes,no,135,yes,1.1,93.994,-36.4,4.857,5191,no
32,technician,married,university.degree,no,no,no,281,no,1.4,94.465,-41.8,4.958,5228.1,no
49,technician,married,unknown,no,no,no,378,yes,-1.8,93.075,-47.1,1.405,5099.1,yes
32,admin.,married,university.degree,no,yes,no,144,yes,1.4,93.918,-42.7,4.963,5228.1,no
52,admin.,divorced,high.school,no,yes,no,127,no,-0.1,93.2,-42,4.021,5195.8,no
28,services,divorced,high.school,unknown,no,yes,278,yes,1.4,93.918,-42.7,4.957,5228.1,yes
29,admin.,single,university.degree,no,yes,no,88,yes,1.4,93.444,-36.1,4.964,5228.1,no
47,management,married,high.school,no,no,no,282,no,-1.8,92.893,-46.2,1.27,5099.1,no
36,admin.,married,high.school,unknown,no,no,21,yes,1.1,93.994,-36.4,4.856,5191,no
23,blue-collar,single,basic.9y,no,no,no,250,yes,-1.7,94.215,-40.3,0.846,4991.6,yes
59,technician,divorced,basic.4y,no,yes,no,135,yes,1.4,94.465,-41.8,4.947,5228.1,no
45,unknown,single,high.school,no,yes,no,83,yes,1.4,93.918,-42.7,4.963,5228.1,no
29,blue-collar,married,basic.6y,no,no,no,16,yes,-1.8,92.893,-46.2,1.266,5099.1,no
74,retired,divorced,high.school,no,yes,yes,88,yes,-3,92.713,-33,0.715,5023.5,no
66,retired,married,basic.4y,no,yes,yes,1127,yes,-3.4,92.649,-30.1,0.714,5017.5,yes
46,admin.,married,high.school,no,no,no,504,yes,-0.1,93.2,-42,4.191,5195.8,no
43,blue-collar,single,unknown,unknown,no,no,299,no,1.1,93.994,-36.4,4.857,5191,no
46,management,married,university.degree,no,yes,no,293,no,-1.8,92.893,-46.2,1.327,5099.1,no
49,admin.,married,high.school,unknown,no,no,139,no,1.1,93.994,-36.4,4.858,5191,no
28,management,single,university.degree,no,no,no,292,no,1.4,93.918,-42.7,4.957,5228.1,no
34,unemployed,single,university.degree,no,no,no,409,yes,1.4,94.465,-41.8,4.865,5228.1,no
43,technician,married,basic.9y,unknown,yes,yes,818,yes,1.4,94.465,-41.8,4.959,5228.1,no
45,blue-collar,married,basic.4y,no,no,no,157,yes,1.4,93.918,-42.7,4.961,5228.1,no
46,technician,divorced,professional.course,no,no,no,78,yes,-1.8,92.893,-46.2,1.244,5099.1,no
36,management,married,university.degree,no,no,no,226,yes,-0.1,93.2,-42,4.12,5195.8,no
44,blue-collar,married,basic.4y,no,no,no,107,yes,-0.1,93.2,-42,4.076,5195.8,no
30,technician,married,university.degree,no,yes,no,103,no,-1.8,93.075,-47.1,1.479,5099.1,no
42,technician,married,professional.course,unknown,no,no,88,no,1.4,93.444,-36.1,4.964,5228.1,no
48,admin.,divorced,university.degree,no,no,no,1062,no,-1.8,92.893,-46.2,1.291,5099.1,yes
34,blue-collar,single,basic.9y,unknown,yes,no,562,yes,1.4,93.918,-42.7,4.963,5228.1,no
33,services,married,basic.4y,no,no,no,58,yes,1.1,93.994,-36.4,4.864,5191,no
40,technician,married,professional.course,no,yes,no,156,no,1.4,93.444,-36.1,4.963,5228.1,no
37,services,married,high.school,no,no,no,157,yes,-1.8,92.893,-46.2,1.344,5099.1,no
30,technician,single,professional.course,no,yes,no,191,yes,1.4,93.444,-36.1,4.963,5228.1,no
33,management,divorced,university.degree,no,yes,no,63,yes,-2.9,92.963,-40.8,1.26,5076.2,no
32,technician,single,high.school,no,yes,no,361,yes,-1.8,92.893,-46.2,1.291,5099.1,no
44,technician,married,basic.6y,unknown,yes,no,160,unknown,1.4,94.465,-41.8,4.961,5228.1,no
58,retired,divorced,university.degree,no,yes,no,825,no,1.1,93.994,-36.4,4.855,5191,no
62,technician,married,unknown,no,yes,no,273,yes,-1.7,94.215,-40.3,0.827,4991.6,no
42,services,single,high.school,no,no,no,207,yes,1.4,94.465,-41.8,4.967,5228.1,no
46,services,married,basic.9y,no,no,no,630,no,1.4,93.918,-42.7,4.962,5228.1,no
37,management,married,high.school,no,no,no,292,no,-1.8,93.876,-40,0.682,5008.7,yes
37,blue-collar,married,professional.course,no,yes,no,112,yes,1.1,93.994,-36.4,4.855,5191,no
46,services,married,basic.9y,no,no,no,984,yes,-1.8,92.893,-46.2,1.334,5099.1,yes
34,admin.,unknown,university.degree,no,yes,no,243,no,1.4,93.918,-42.7,4.958,5228.1,no
46,services,married,high.school,no,no,no,92,no,1.4,93.918,-42.7,4.968,5228.1,no
37,management,married,university.degree,no,no,no,546,yes,-1.8,92.893,-46.2,1.244,5099.1,no
47,management,married,university.degree,no,no,no,24,no,1.1,93.994,-36.4,4.857,5191,no
36,admin.,married,university.degree,no,no,no,199,no,1.4,94.465,-41.8,4.961,5228.1,no
32,technician,married,professional.course,no,yes,no,370,no,-0.1,93.2,-42,4.076,5195.8,no
46,entrepreneur,married,high.school,no,yes,no,435,yes,1.4,93.444,-36.1,4.965,5228.1,no
51,entrepreneur,divorced,university.degree,unknown,no,yes,112,yes,1.1,93.994,-36.4,4.857,5191,no
24,student,single,basic.4y,no,yes,yes,57,yes,1.4,93.918,-42.7,4.963,5228.1,no
53,admin.,married,basic.9y,unknown,yes,no,168,yes,1.1,93.994,-36.4,4.864,5191,no
46,unemployed,married,basic.6y,no,yes,no,113,yes,-0.1,93.2,-42,4.076,5195.8,no
51,blue-collar,married,basic.9y,unknown,unknown,unknown,487,no,1.1,93.994,-36.4,4.856,5191,no
56,technician,married,unknown,no,yes,no,174,yes,1.1,93.994,-36.4,4.857,5191,no
35,admin.,single,high.school,no,yes,no,13,no,-1.8,92.893,-46.2,1.291,5099.1,no
34,technician,married,professional.course,unknown,yes,yes,189,yes,1.4,93.444,-36.1,4.963,5228.1,no
38,self-employed,married,basic.9y,no,no,no,270,yes,-1.8,92.893,-46.2,1.334,5099.1,no
35,services,single,professional.course,unknown,yes,no,114,yes,-0.1,93.2,-42,4.153,5195.8,no
32,admin.,married,high.school,unknown,yes,no,17,yes,-1.8,92.893,-46.2,1.313,5099.1,no
38,blue-collar,married,basic.9y,no,no,no,213,yes,-0.1,93.2,-42,4.153,5195.8,no
44,management,divorced,university.degree,no,yes,no,96,no,1.4,94.465,-41.8,4.96,5228.1,no
37,unemployed,single,professional.course,no,no,no,394,yes,1.4,94.465,-41.8,4.959,5228.1,no
59,retired,married,professional.course,no,no,no,218,yes,-1.7,94.027,-38.3,0.905,4991.6,yes
24,blue-collar,single,unknown,no,no,no,62,no,1.4,93.918,-42.7,4.961,5228.1,no
35,admin.,married,high.school,unknown,no,no,451,no,1.4,93.918,-42.7,4.963,5228.1,no
30,admin.,single,university.degree,no,yes,no,386,yes,1.4,93.444,-36.1,4.963,5228.1,no
33,technician,single,professional.course,no,no,no,266,no,1.4,93.444,-36.1,4.963,5228.1,no
43,blue-collar,married,basic.4y,unknown,yes,yes,249,no,-0.1,93.2,-42,4.153,5195.8,no
41,admin.,married,university.degree,no,yes,yes,802,yes,1.4,94.465,-41.8,4.962,5228.1,no
57,admin.,married,professional.course,no,unknown,unknown,127,no,1.4,93.918,-42.7,4.962,5228.1,no
49,admin.,married,university.degree,no,yes,yes,16,no,-1.8,92.893,-46.2,1.354,5099.1,no
30,entrepreneur,married,professional.course,no,yes,yes,267,no,-0.1,93.2,-42,4.076,5195.8,no
45,blue-collar,divorced,basic.4y,no,yes,no,112,yes,1.4,93.918,-42.7,4.962,5228.1,no
30,entrepreneur,single,university.degree,no,yes,no,531,yes,-0.1,93.2,-42,4.076,5195.8,yes
41,blue-collar,married,basic.9y,no,yes,no,238,no,-0.1,93.2,-42,4.191,5195.8,no
53,management,married,university.degree,no,yes,no,111,yes,-1.8,93.075,-47.1,1.405,5099.1,no
29,management,single,university.degree,no,no,yes,73,no,-0.1,93.2,-42,4.153,5195.8,no
45,technician,married,university.degree,no,no,no,65,yes,1.4,94.465,-41.8,4.961,5228.1,no
24,blue-collar,single,basic.4y,no,yes,no,389,no,-1.8,92.893,-46.2,1.313,5099.1,no
43,admin.,single,university.degree,no,no,yes,306,yes,1.4,93.444,-36.1,4.968,5228.1,no
45,blue-collar,married,basic.6y,no,yes,no,252,yes,1.4,94.465,-41.8,4.96,5228.1,no
34,services,married,high.school,unknown,no,no,453,no,1.4,94.465,-41.8,4.967,5228.1,no
35,blue-collar,single,basic.9y,unknown,yes,no,83,no,-1.8,92.893,-46.2,1.299,5099.1,no
25,blue-collar,single,basic.9y,no,no,no,72,no,-1.8,92.893,-46.2,1.25,5099.1,no
58,blue-collar,married,unknown,no,yes,no,38,no,1.1,93.994,-36.4,4.856,5191,no
31,admin.,married,high.school,no,unknown,unknown,360,yes,1.4,94.465,-41.8,4.864,5228.1,no
30,self-employed,single,university.degree,no,yes,yes,131,yes,1.4,93.444,-36.1,4.967,5228.1,no
30,blue-collar,single,basic.6y,no,yes,no,72,no,1.1,93.994,-36.4,4.864,5191,no
37,admin.,divorced,university.degree,unknown,yes,no,442,yes,-1.8,92.893,-46.2,1.244,5099.1,yes
58,retired,married,basic.4y,no,no,no,114,no,1.4,93.918,-42.7,4.961,5228.1,no
34,admin.,single,high.school,no,yes,no,168,yes,-1.7,94.027,-38.3,0.904,4991.6,no
34,blue-collar,married,basic.9y,unknown,no,no,263,yes,-1.8,92.893,-46.2,1.327,5099.1,no
43,technician,married,professional.course,no,yes,no,78,no,1.4,93.444,-36.1,4.964,5228.1,no
30,student,single,professional.course,no,no,no,162,yes,-1.1,94.199,-37.5,0.879,4963.6,no
35,unknown,married,basic.9y,no,no,no,241,no,1.1,93.994,-36.4,4.86,5191,no
33,admin.,single,university.degree,no,no,no,154,yes,1.4,93.444,-36.1,4.964,5228.1,no
45,management,married,basic.9y,no,yes,no,37,unknown,1.4,94.465,-41.8,4.959,5228.1,no
28,services,married,high.school,no,no,yes,200,no,1.4,93.918,-42.7,4.962,5228.1,no
29,student,single,professional.course,no,no,no,95,yes,-2.9,92.963,-40.8,1.268,5076.2,no
31,admin.,married,university.degree,no,yes,no,95,yes,-0.1,93.2,-42,4.076,5195.8,no
27,technician,single,university.degree,no,yes,no,530,no,-1.1,94.199,-37.5,0.879,4963.6,yes
41,blue-collar,married,basic.6y,no,yes,no,432,no,-1.8,92.893,-46.2,1.25,5099.1,no
29,services,single,high.school,no,yes,no,430,no,1.1,93.994,-36.4,4.86,5191,no
24,services,single,basic.9y,no,yes,yes,68,no,-1.8,92.893,-46.2,1.25,5099.1,no
34,admin.,single,university.degree,no,yes,no,145,no,-1.8,93.075,-47.1,1.423,5099.1,no
58,management,married,university.degree,no,no,no,289,yes,-1.8,93.876,-40,0.683,5008.7,yes
52,housemaid,married,basic.6y,no,yes,no,106,yes,1.4,93.444,-36.1,4.966,5228.1,no
30,student,single,university.degree,no,no,no,585,no,-0.1,93.2,-42,4.021,5195.8,no
39,admin.,married,university.degree,no,no,no,208,yes,1.1,93.994,-36.4,4.864,5191,no
39,entrepreneur,married,high.school,no,no,no,232,yes,1.4,94.465,-41.8,4.865,5228.1,no
32,admin.,married,university.degree,no,yes,no,236,no,-1.1,94.767,-50.8,1.03,4963.6,no
36,blue-collar,married,basic.9y,no,yes,yes,55,yes,1.1,93.994,-36.4,4.859,5191,no
30,admin.,married,university.degree,no,yes,yes,739,yes,-1.8,93.075,-47.1,1.483,5099.1,yes
34,blue-collar,married,high.school,no,yes,no,133,no,-1.8,92.893,-46.2,1.281,5099.1,no
34,admin.,single,high.school,no,no,no,194,yes,1.1,93.994,-36.4,4.857,5191,no
35,unemployed,married,university.degree,no,no,no,117,yes,1.4,93.444,-36.1,4.966,5228.1,no
39,entrepreneur,married,high.school,no,yes,no,582,yes,1.4,94.465,-41.8,4.958,5228.1,no
51,unemployed,married,high.school,no,unknown,unknown,228,yes,-1.1,94.199,-37.5,0.883,4963.6,no
29,technician,married,high.school,no,yes,no,365,yes,-2.9,92.963,-40.8,1.268,5076.2,yes
35,technician,single,basic.9y,no,yes,no,112,yes,-0.1,93.2,-42,4.12,5195.8,no
46,technician,married,professional.course,no,no,no,163,yes,-1.8,92.843,-50,1.614,5099.1,no
35,technician,single,professional.course,no,no,no,161,yes,-0.1,93.2,-42,4.12,5195.8,no
23,blue-collar,single,basic.9y,no,no,no,246,no,1.4,93.918,-42.7,4.961,5228.1,no
49,admin.,married,university.degree,no,no,no,155,no,-1.8,92.893,-46.2,1.334,5099.1,no
33,admin.,single,high.school,no,no,no,399,no,-1.8,92.893,-46.2,1.344,5099.1,no
41,technician,divorced,professional.course,no,yes,no,122,no,1.4,93.444,-36.1,4.964,5228.1,no
48,technician,married,professional.course,no,no,yes,200,yes,-3.4,92.431,-26.9,0.742,5017.5,no
43,technician,married,professional.course,no,yes,no,255,yes,1.1,93.994,-36.4,4.856,5191,no
76,retired,married,university.degree,no,yes,no,344,yes,-2.9,92.201,-31.4,0.873,5076.2,no
54,admin.,married,high.school,no,no,no,28,yes,1.4,93.444,-36.1,4.964,5228.1,no
43,services,married,high.school,no,no,no,345,yes,1.4,93.918,-42.7,4.958,5228.1,no
27,blue-collar,married,basic.4y,unknown,no,no,19,yes,1.1,93.994,-36.4,4.856,5191,no
55,admin.,married,basic.9y,unknown,no,yes,103,no,1.1,93.994,-36.4,4.86,5191,no
37,technician,single,university.degree,no,yes,no,178,no,1.4,93.444,-36.1,4.966,5228.1,no
29,technician,single,professional.course,no,no,yes,127,no,-1.1,94.767,-50.8,1.04,4963.6,no
37,services,single,basic.9y,no,no,no,348,yes,-1.8,92.893,-46.2,1.344,5099.1,no
30,services,married,high.school,no,yes,yes,342,yes,1.4,93.918,-42.7,4.96,5228.1,no
29,admin.,single,high.school,no,yes,no,126,no,1.4,93.918,-42.7,4.962,5228.1,no
30,blue-collar,single,basic.9y,unknown,yes,no,71,yes,-0.1,93.2,-42,4.076,5195.8,no
25,admin.,single,high.school,no,yes,yes,137,yes,-1.8,92.893,-46.2,1.313,5099.1,no
34,management,single,high.school,no,no,no,264,yes,1.4,93.918,-42.7,4.96,5228.1,no
58,management,married,basic.4y,no,yes,yes,184,yes,-1.8,92.893,-46.2,1.281,5099.1,no
26,admin.,single,high.school,no,yes,no,223,unknown,1.4,94.465,-41.8,4.961,5228.1,no
54,entrepreneur,married,professional.course,no,no,no,1855,no,-0.1,93.2,-42,4.153,5195.8,yes
51,blue-collar,divorced,unknown,unknown,no,no,220,yes,1.4,94.465,-41.8,4.962,5228.1,no
22,admin.,single,university.degree,no,yes,no,194,yes,-1.1,94.199,-37.5,0.882,4963.6,yes
48,blue-collar,married,basic.9y,no,no,no,607,no,1.1,93.994,-36.4,4.858,5191,yes
48,technician,married,high.school,no,unknown,unknown,221,no,1.4,94.465,-41.8,4.96,5228.1,no
53,technician,married,professional.course,no,yes,no,100,yes,-2.9,92.201,-31.4,0.883,5076.2,no
55,blue-collar,married,basic.4y,unknown,yes,yes,266,yes,1.1,93.994,-36.4,4.856,5191,no
59,entrepreneur,divorced,high.school,unknown,yes,no,138,no,1.1,93.994,-36.4,4.859,5191,no
52,self-employed,married,basic.4y,unknown,no,yes,71,no,1.4,94.465,-41.8,4.961,5228.1,no
36,blue-collar,married,basic.9y,no,no,no,115,yes,-1.8,92.893,-46.2,1.327,5099.1,no
56,services,divorced,high.school,unknown,yes,no,13,no,1.4,94.465,-41.8,4.96,5228.1,no
35,admin.,single,high.school,no,yes,yes,19,no,1.1,93.994,-36.4,4.858,5191,no
30,admin.,single,university.degree,no,yes,yes,155,no,-2.9,92.201,-31.4,0.883,5076.2,no
45,technician,single,professional.course,no,yes,yes,143,yes,-1.8,92.843,-50,1.538,5099.1,no
48,admin.,divorced,university.degree,no,yes,no,224,yes,1.1,93.994,-36.4,4.864,5191,no
36,admin.,single,university.degree,no,no,no,168,yes,-1.8,92.893,-46.2,1.291,5099.1,no
40,blue-collar,single,basic.9y,no,yes,yes,325,yes,-1.8,92.893,-46.2,1.281,5099.1,no
32,technician,divorced,professional.course,no,no,yes,75,yes,1.4,93.444,-36.1,4.963,5228.1,no
60,entrepreneur,married,basic.4y,no,yes,no,82,no,1.1,93.994,-36.4,4.855,5191,no
37,unemployed,married,basic.9y,no,yes,yes,129,yes,-1.8,92.893,-46.2,1.313,5099.1,no
32,self-employed,single,university.degree,no,no,no,276,no,-2.9,92.469,-33.6,1.072,5076.2,yes
58,management,married,university.degree,no,yes,yes,256,yes,-1.8,92.893,-46.2,1.25,5099.1,no
48,entrepreneur,married,basic.9y,no,yes,no,438,yes,1.4,93.918,-42.7,4.963,5228.1,no
31,services,single,high.school,no,no,yes,50,yes,-1.8,92.893,-46.2,1.327,5099.1,no
35,self-employed,single,high.school,no,yes,no,207,yes,-1.8,92.893,-46.2,1.281,5099.1,no
41,blue-collar,married,basic.6y,no,no,no,412,yes,-1.8,93.075,-47.1,1.405,5099.1,no
42,blue-collar,married,unknown,unknown,no,yes,428,no,-1.8,92.893,-46.2,1.266,5099.1,no
55,blue-collar,divorced,basic.9y,no,yes,no,97,yes,-0.1,93.2,-42,4.076,5195.8,no
36,admin.,divorced,high.school,no,yes,no,84,yes,1.1,93.994,-36.4,4.857,5191,no
29,admin.,single,unknown,no,yes,no,132,no,-1.8,93.369,-34.8,0.652,5008.7,yes
34,entrepreneur,single,professional.course,no,no,no,76,no,1.4,94.465,-41.8,4.961,5228.1,no
55,retired,married,high.school,no,yes,no,424,yes,-3.4,92.431,-26.9,0.722,5017.5,yes
27,blue-collar,single,basic.4y,no,no,no,176,no,-1.8,92.893,-46.2,1.291,5099.1,no
32,technician,married,professional.course,no,yes,no,246,no,-1.8,92.893,-46.2,1.299,5099.1,no
30,services,married,high.school,no,yes,yes,114,yes,1.1,93.994,-36.4,4.864,5191,no
39,blue-collar,married,basic.9y,unknown,no,no,193,no,1.1,93.994,-36.4,4.855,5191,no
39,blue-collar,married,unknown,no,yes,no,82,no,1.4,93.918,-42.7,4.961,5228.1,no
39,entrepreneur,divorced,university.degree,no,yes,no,219,no,1.1,93.994,-36.4,4.858,5191,no
48,admin.,single,university.degree,no,yes,no,44,yes,1.4,93.444,-36.1,4.962,5228.1,no
33,admin.,single,high.school,no,no,no,60,yes,-1.8,92.893,-46.2,1.344,5099.1,no
46,services,divorced,basic.4y,no,no,no,493,no,-1.8,92.893,-46.2,1.25,5099.1,no
51,admin.,single,university.degree,unknown,yes,yes,53,yes,-0.1,93.2,-42,4.021,5195.8,no
44,blue-collar,married,basic.4y,no,no,no,153,no,1.4,94.465,-41.8,4.866,5228.1,no
26,services,single,high.school,no,no,no,91,yes,1.4,93.918,-42.7,4.96,5228.1,no
53,technician,married,professional.course,unknown,yes,yes,264,no,1.4,93.918,-42.7,4.957,5228.1,no
42,admin.,married,university.degree,no,yes,no,116,yes,-0.1,93.2,-42,4.191,5195.8,no
31,unemployed,single,professional.course,no,no,no,20,yes,1.1,93.994,-36.4,4.856,5191,no
32,admin.,single,university.degree,no,yes,no,186,no,1.4,94.465,-41.8,4.958,5228.1,no
31,admin.,single,basic.9y,no,no,no,1432,no,1.4,93.918,-42.7,4.957,5228.1,no
31,blue-collar,single,basic.4y,no,no,no,590,no,1.4,94.465,-41.8,4.866,5228.1,yes
27,admin.,single,university.degree,no,yes,no,266,no,-1.7,94.055,-39.8,0.748,4991.6,yes
50,management,married,university.degree,no,no,no,84,yes,-1.1,94.199,-37.5,0.879,4963.6,no
31,services,married,high.school,unknown,yes,yes,146,yes,1.4,94.465,-41.8,4.962,5228.1,no
39,blue-collar,married,basic.9y,unknown,yes,yes,358,no,1.1,93.994,-36.4,4.856,5191,no
37,blue-collar,single,professional.course,no,no,no,109,yes,1.4,93.444,-36.1,4.965,5228.1,no
58,retired,married,professional.course,unknown,no,no,244,no,1.4,93.444,-36.1,4.97,5228.1,no
32,entrepreneur,married,basic.9y,no,no,no,184,yes,-1.8,92.893,-46.2,1.299,5099.1,no
43,blue-collar,single,basic.6y,no,yes,yes,1806,yes,1.4,93.918,-42.7,4.957,5228.1,yes
33,admin.,married,university.degree,no,yes,no,63,no,1.4,93.444,-36.1,4.965,5228.1,no
29,technician,single,professional.course,no,yes,yes,182,yes,-0.1,93.2,-42,4.12,5195.8,no
32,entrepreneur,divorced,university.degree,no,yes,yes,57,no,1.4,93.918,-42.7,4.962,5228.1,no
42,admin.,single,university.degree,no,no,no,353,yes,1.4,93.444,-36.1,4.966,5228.1,no
32,technician,single,professional.course,no,yes,no,247,unknown,1.1,93.994,-36.4,4.859,5191,no
29,technician,married,professional.course,no,no,no,294,no,1.4,93.918,-42.7,4.962,5228.1,no
32,admin.,single,professional.course,no,yes,yes,1046,yes,-1.8,92.893,-46.2,1.327,5099.1,yes
51,services,married,high.school,no,yes,no,241,yes,1.4,93.444,-36.1,4.966,5228.1,no
47,admin.,single,university.degree,no,no,no,767,no,-1.1,94.601,-49.5,1,4963.6,yes
36,admin.,married,high.school,no,yes,no,137,no,-1.8,92.893,-46.2,1.291,5099.1,no
37,blue-collar,married,professional.course,unknown,no,no,128,no,1.1,93.994,-36.4,4.856,5191,no
48,services,divorced,high.school,unknown,yes,yes,158,no,1.1,93.994,-36.4,4.858,5191,no
50,management,married,university.degree,no,yes,no,117,no,1.1,93.994,-36.4,4.857,5191,no
40,blue-collar,married,basic.6y,unknown,yes,no,211,yes,1.1,93.994,-36.4,4.857,5191,no
31,admin.,married,university.degree,no,no,yes,15,yes,1.4,93.918,-42.7,4.96,5228.1,no
39,blue-collar,married,basic.6y,no,no,no,488,no,1.1,93.994,-36.4,4.859,5191,no
38,admin.,married,high.school,no,yes,no,67,yes,-0.1,93.2,-42,4.153,5195.8,no
58,admin.,divorced,high.school,no,no,no,81,yes,-0.1,93.798,-40.4,4.794,5195.8,no
37,technician,married,professional.course,no,no,yes,674,no,1.4,93.918,-42.7,4.957,5228.1,yes
34,services,married,high.school,no,no,no,51,yes,1.4,94.465,-41.8,4.864,5228.1,no
35,technician,married,high.school,unknown,yes,no,740,yes,1.4,93.918,-42.7,4.962,5228.1,yes
39,entrepreneur,married,university.degree,no,yes,no,260,no,-0.1,93.2,-42,4.076,5195.8,no
78,retired,married,basic.9y,no,yes,no,321,yes,-3.4,92.431,-26.9,0.754,5017.5,no
43,blue-collar,single,high.school,no,no,yes,137,yes,-1.8,93.876,-40,0.699,5008.7,no
49,technician,divorced,university.degree,no,yes,no,30,yes,-0.1,93.2,-42,4.076,5195.8,no
32,technician,married,professional.course,no,no,no,293,yes,1.1,93.994,-36.4,4.858,5191,no
58,entrepreneur,married,university.degree,unknown,no,no,218,yes,1.4,94.465,-41.8,4.959,5228.1,no
42,admin.,married,university.degree,no,yes,no,127,yes,1.4,93.444,-36.1,4.967,5228.1,no
32,blue-collar,married,professional.course,no,no,no,1119,yes,1.1,93.994,-36.4,4.855,5191,yes
31,technician,married,professional.course,no,yes,no,225,yes,1.4,93.918,-42.7,4.962,5228.1,no
45,services,married,professional.course,no,yes,no,19,no,1.4,93.918,-42.7,4.962,5228.1,no
43,blue-collar,married,basic.9y,unknown,yes,no,288,no,-1.8,92.893,-46.2,1.313,5099.1,no
53,blue-collar,married,basic.4y,no,no,no,76,no,1.4,93.444,-36.1,4.968,5228.1,no
42,admin.,married,high.school,no,yes,yes,388,no,1.4,93.918,-42.7,4.962,5228.1,no
40,technician,married,professional.course,no,no,no,179,yes,1.4,94.465,-41.8,4.959,5228.1,no
41,management,married,university.degree,unknown,yes,no,172,yes,1.4,93.444,-36.1,4.962,5228.1,no
47,blue-collar,single,basic.9y,unknown,no,no,159,yes,-1.8,92.893,-46.2,1.334,5099.1,no
53,admin.,married,university.degree,no,no,yes,37,yes,1.1,93.994,-36.4,4.856,5191,no
60,retired,married,university.degree,no,yes,no,338,yes,-1.1,94.601,-49.5,1,4963.6,no
32,technician,single,university.degree,no,no,no,485,yes,-0.1,93.2,-42,4.076,5195.8,no
67,retired,married,basic.4y,no,no,no,300,no,-1.7,94.027,-38.3,0.898,4991.6,no
49,management,divorced,university.degree,no,no,no,144,no,1.4,93.918,-42.7,4.963,5228.1,no
31,admin.,unknown,high.school,no,no,no,182,no,1.1,93.994,-36.4,4.858,5191,no
31,admin.,single,basic.9y,no,no,no,80,yes,-1.8,92.893,-46.2,1.281,5099.1,no
60,admin.,married,high.school,no,yes,yes,482,yes,-1.8,93.075,-47.1,1.365,5099.1,yes
33,blue-collar,married,high.school,no,no,no,87,no,-1.8,93.075,-47.1,1.405,5099.1,no
41,self-employed,married,university.degree,no,yes,no,796,yes,1.1,93.994,-36.4,4.857,5191,no
45,services,married,professional.course,no,yes,no,221,yes,1.1,93.994,-36.4,4.857,5191,no
29,services,divorced,high.school,no,no,yes,251,yes,1.1,93.994,-36.4,4.857,5191,no
39,unemployed,married,university.degree,no,no,no,132,yes,1.4,94.465,-41.8,4.961,5228.1,no
35,admin.,married,high.school,unknown,yes,yes,236,unknown,1.1,93.994,-36.4,4.857,5191,no
33,technician,single,university.degree,no,yes,no,106,yes,-1.8,93.075,-47.1,1.435,5099.1,no
27,unemployed,single,university.degree,no,no,no,27,no,1.4,93.918,-42.7,4.961,5228.1,no
32,blue-collar,married,basic.9y,unknown,no,no,240,yes,1.4,93.918,-42.7,4.963,5228.1,no
45,blue-collar,married,basic.9y,unknown,no,no,10,yes,1.4,94.465,-41.8,4.961,5228.1,no
36,blue-collar,married,basic.9y,unknown,yes,no,140,yes,1.1,93.994,-36.4,4.86,5191,no
41,services,single,unknown,no,yes,no,206,yes,-1.8,92.893,-46.2,1.327,5099.1,no
40,blue-collar,married,unknown,no,no,no,337,yes,1.1,93.994,-36.4,4.857,5191,no
42,management,married,university.degree,no,no,no,44,yes,-0.1,93.2,-42,4.191,5195.8,no
31,admin.,single,university.degree,no,yes,no,138,yes,1.4,93.444,-36.1,4.964,5228.1,no
32,blue-collar,divorced,basic.9y,no,no,no,287,yes,1.1,93.994,-36.4,4.858,5191,no
32,technician,married,professional.course,no,no,no,67,no,1.4,93.444,-36.1,4.964,5228.1,no
27,blue-collar,married,high.school,no,no,no,136,no,-1.8,92.893,-46.2,1.266,5099.1,no
35,blue-collar,married,basic.4y,no,no,no,636,no,1.4,94.465,-41.8,4.866,5228.1,no
41,admin.,married,university.degree,no,yes,yes,77,no,1.1,93.994,-36.4,4.857,5191,no
45,admin.,married,university.degree,no,no,yes,468,yes,1.4,93.918,-42.7,4.968,5228.1,no
45,admin.,married,university.degree,no,no,no,114,yes,1.4,93.918,-42.7,4.961,5228.1,no
44,admin.,married,high.school,unknown,no,no,262,yes,1.4,93.444,-36.1,4.966,5228.1,no
51,technician,married,professional.course,no,no,no,221,yes,1.4,93.444,-36.1,4.967,5228.1,no
50,unemployed,married,professional.course,no,no,no,74,yes,1.4,93.918,-42.7,4.968,5228.1,no
41,blue-collar,married,basic.4y,no,no,no,604,yes,-0.1,93.2,-42,4.076,5195.8,no
29,admin.,married,basic.9y,no,yes,no,120,no,1.4,94.465,-41.8,4.961,5228.1,no
44,management,married,basic.9y,no,no,no,296,no,-1.8,92.893,-46.2,1.291,5099.1,no
30,blue-collar,married,professional.course,no,no,no,1357,no,-1.8,92.893,-46.2,1.25,5099.1,yes
39,housemaid,married,basic.4y,no,yes,yes,123,yes,1.4,93.444,-36.1,4.964,5228.1,no
39,management,married,university.degree,no,yes,no,23,yes,1.4,94.465,-41.8,4.967,5228.1,no
50,blue-collar,married,basic.4y,unknown,no,no,209,no,1.4,94.465,-41.8,4.961,5228.1,no
43,blue-collar,married,basic.9y,no,unknown,unknown,37,yes,1.4,94.465,-41.8,4.967,5228.1,no
36,blue-collar,married,unknown,no,no,no,257,yes,-1.8,92.893,-46.2,1.291,5099.1,no
80,retired,divorced,high.school,no,yes,no,169,yes,-3.4,92.431,-26.9,0.722,5017.5,yes
36,admin.,married,high.school,unknown,yes,no,61,yes,1.1,93.994,-36.4,4.857,5191,no
29,blue-collar,married,basic.9y,no,yes,no,104,unknown,1.4,93.918,-42.7,4.962,5228.1,no
48,blue-collar,married,basic.6y,no,yes,no,122,no,1.4,93.918,-42.7,4.96,5228.1,no
51,admin.,married,high.school,no,no,no,40,yes,-1.8,92.893,-46.2,1.291,5099.1,no
30,admin.,single,high.school,no,no,no,219,yes,-1.1,94.199,-37.5,0.883,4963.6,yes
24,technician,single,professional.course,no,unknown,unknown,311,no,-1.8,92.893,-46.2,1.27,5099.1,yes
47,admin.,divorced,high.school,no,no,no,204,no,1.4,93.444,-36.1,4.966,5228.1,no
36,blue-collar,married,basic.9y,no,no,no,414,yes,1.4,93.918,-42.7,4.966,5228.1,no
37,admin.,married,high.school,no,yes,no,191,yes,1.1,93.994,-36.4,4.859,5191,no
31,blue-collar,married,basic.9y,no,yes,no,475,no,-1.8,92.893,-46.2,1.299,5099.1,yes
34,entrepreneur,married,university.degree,unknown,yes,no,343,no,1.4,93.444,-36.1,4.965,5228.1,no
69,retired,married,basic.4y,no,no,no,258,yes,-1.1,94.199,-37.5,0.879,4963.6,no
42,admin.,married,university.degree,no,no,no,226,no,-0.1,93.2,-42,4.191,5195.8,no
34,blue-collar,married,basic.6y,unknown,no,no,727,no,1.4,93.918,-42.7,4.962,5228.1,yes
48,blue-collar,married,basic.9y,no,yes,no,36,no,-1.8,92.893,-46.2,1.25,5099.1,no
41,blue-collar,married,basic.6y,no,yes,yes,207,yes,-1.8,92.893,-46.2,1.291,5099.1,no
59,blue-collar,married,basic.4y,unknown,no,no,413,yes,1.4,93.444,-36.1,4.965,5228.1,no
50,admin.,married,high.school,no,yes,no,182,yes,-0.1,93.2,-42,4.021,5195.8,no
36,admin.,married,high.school,no,yes,yes,142,yes,-1.8,92.893,-46.2,1.299,5099.1,no
38,blue-collar,married,basic.9y,no,yes,no,100,yes,1.1,93.994,-36.4,4.857,5191,no
44,blue-collar,married,basic.9y,unknown,no,no,109,no,1.1,93.994,-36.4,4.857,5191,no
35,services,single,high.school,no,no,no,65,yes,-1.8,92.893,-46.2,1.281,5099.1,no
30,admin.,divorced,university.degree,no,yes,no,77,no,1.4,93.444,-36.1,4.963,5228.1,no
32,admin.,married,high.school,no,yes,no,434,yes,1.4,93.918,-42.7,4.968,5228.1,no
53,management,single,professional.course,unknown,no,no,76,yes,1.4,93.918,-42.7,4.963,5228.1,no
36,admin.,single,university.degree,no,yes,no,231,yes,-1.8,93.369,-34.8,0.635,5008.7,no
61,admin.,married,university.degree,no,yes,yes,266,yes,-1.8,93.075,-47.1,1.406,5099.1,yes
51,self-employed,married,university.degree,no,yes,yes,310,yes,-0.1,93.2,-42,4.076,5195.8,no
69,retired,divorced,university.degree,no,yes,no,207,no,-1.8,93.075,-47.1,1.423,5099.1,yes
30,technician,single,university.degree,no,yes,no,150,yes,-1.8,92.893,-46.2,1.344,5099.1,no
33,admin.,married,university.degree,no,unknown,unknown,227,yes,1.4,93.444,-36.1,4.964,5228.1,no
53,services,divorced,basic.9y,no,no,no,127,no,1.4,93.918,-42.7,4.957,5228.1,no
49,blue-collar,married,professional.course,no,no,no,118,no,-1.8,92.893,-46.2,1.344,5099.1,no
35,technician,married,professional.course,no,yes,no,206,yes,-1.8,92.893,-46.2,1.344,5099.1,no
40,services,married,high.school,unknown,yes,no,177,no,1.1,93.994,-36.4,4.857,5191,no
42,services,married,basic.9y,no,yes,no,201,no,-1.8,92.893,-46.2,1.281,5099.1,no
41,self-employed,divorced,university.degree,no,no,no,349,yes,-0.1,93.2,-42,4.153,5195.8,no
31,blue-collar,married,basic.6y,no,no,no,421,no,1.4,93.918,-42.7,4.963,5228.1,no
40,management,married,university.degree,no,no,no,608,no,-0.1,93.2,-42,4.021,5195.8,no
53,management,married,university.degree,no,yes,no,92,no,-1.8,92.893,-46.2,1.281,5099.1,no
53,entrepreneur,divorced,university.degree,no,yes,no,97,yes,1.4,93.918,-42.7,4.963,5228.1,no
48,entrepreneur,married,university.degree,no,yes,no,126,yes,-1.8,93.075,-47.1,1.365,5099.1,no
32,blue-collar,single,basic.9y,unknown,no,no,316,no,1.4,93.918,-42.7,4.957,5228.1,no
27,blue-collar,married,basic.9y,unknown,yes,yes,119,yes,1.4,93.918,-42.7,4.96,5228.1,no
51,housemaid,married,basic.4y,unknown,yes,no,135,no,1.4,93.918,-42.7,4.962,5228.1,no
39,unemployed,married,university.degree,no,no,no,212,yes,1.4,94.465,-41.8,4.967,5228.1,no
28,student,single,basic.9y,no,yes,no,320,no,-1.8,92.843,-50,1.799,5099.1,yes
31,blue-collar,married,basic.4y,no,yes,no,650,yes,1.1,93.994,-36.4,4.856,5191,no
58,admin.,married,university.degree,no,no,no,272,yes,-1.1,94.199,-37.5,0.878,4963.6,yes
54,housemaid,divorced,basic.4y,no,no,no,485,no,1.1,93.994,-36.4,4.856,5191,no
45,admin.,divorced,university.degree,no,yes,no,390,no,1.4,93.444,-36.1,4.965,5228.1,no
36,blue-collar,married,basic.9y,no,yes,no,82,no,-1.8,92.893,-46.2,1.327,5099.1,no
55,admin.,married,university.degree,no,no,no,201,no,1.1,93.994,-36.4,4.858,5191,no
51,blue-collar,married,basic.9y,no,yes,no,359,yes,-0.1,93.2,-42,4.12,5195.8,no
27,blue-collar,single,high.school,no,yes,no,55,yes,1.4,93.918,-42.7,4.963,5228.1,no
41,blue-collar,divorced,basic.6y,no,no,no,159,no,1.4,93.918,-42.7,4.963,5228.1,no
40,self-employed,married,university.degree,no,no,no,144,yes,1.4,93.444,-36.1,4.963,5228.1,no
28,technician,single,professional.course,no,no,no,116,no,-1.8,92.893,-46.2,1.334,5099.1,no
57,blue-collar,married,basic.4y,no,no,no,674,yes,-1.8,92.893,-46.2,1.344,5099.1,no
37,admin.,married,university.degree,no,no,no,1009,yes,1.4,93.918,-42.7,4.962,5228.1,yes
58,housemaid,married,basic.4y,no,no,no,84,no,1.4,93.444,-36.1,4.967,5228.1,no
34,technician,married,professional.course,no,no,no,126,yes,1.4,93.444,-36.1,4.965,5228.1,no
28,technician,single,university.degree,no,yes,no,129,no,1.1,93.994,-36.4,4.86,5191,no
57,self-employed,married,university.degree,no,no,no,313,yes,1.4,93.918,-42.7,4.962,5228.1,no
37,services,divorced,high.school,unknown,yes,yes,92,unknown,-1.8,93.075,-47.1,1.405,5099.1,no
37,technician,married,professional.course,unknown,yes,no,200,no,1.1,93.994,-36.4,4.855,5191,no
35,admin.,married,high.school,no,no,no,91,yes,1.1,93.994,-36.4,4.855,5191,no
42,services,married,high.school,unknown,no,yes,214,yes,1.4,94.465,-41.8,4.961,5228.1,no
30,student,single,high.school,no,no,no,268,no,-1.8,92.843,-50,1.64,5099.1,yes
25,technician,single,professional.course,no,yes,no,712,no,-1.1,94.767,-50.8,1.04,4963.6,yes
36,admin.,married,university.degree,no,no,yes,184,no,1.1,93.994,-36.4,4.86,5191,no
49,blue-collar,married,basic.9y,unknown,no,no,283,no,1.1,93.994,-36.4,4.859,5191,no
52,admin.,married,high.school,no,no,no,165,no,-0.1,93.2,-42,4.021,5195.8,no
31,self-employed,divorced,university.degree,no,unknown,unknown,262,yes,1.4,93.918,-42.7,4.958,5228.1,no
26,unemployed,single,university.degree,no,yes,no,203,yes,-1.7,94.027,-38.3,0.904,4991.6,yes
56,admin.,married,high.school,no,no,no,242,no,1.1,93.994,-36.4,4.856,5191,no
37,entrepreneur,married,university.degree,no,yes,no,45,yes,-0.1,93.2,-42,4.021,5195.8,no
32,admin.,single,university.degree,no,no,no,80,yes,1.4,93.444,-36.1,4.963,5228.1,no
36,blue-collar,married,basic.9y,no,yes,no,181,no,-1.8,92.893,-46.2,1.334,5099.1,no
36,admin.,married,high.school,no,yes,no,171,yes,1.4,93.444,-36.1,4.964,5228.1,no
26,blue-collar,married,basic.9y,no,no,no,230,yes,1.4,94.465,-41.8,4.865,5228.1,yes
48,blue-collar,married,basic.9y,no,no,no,214,no,-1.8,92.893,-46.2,1.266,5099.1,no
57,blue-collar,married,basic.4y,unknown,yes,no,144,yes,1.1,93.994,-36.4,4.86,5191,no
45,blue-collar,married,basic.9y,no,yes,no,829,yes,-1.8,92.843,-50,1.51,5099.1,no
46,technician,married,university.degree,no,yes,no,170,yes,1.1,93.994,-36.4,4.864,5191,no
38,blue-collar,married,basic.6y,no,yes,no,362,yes,1.4,94.465,-41.8,4.959,5228.1,no
24,self-employed,single,university.degree,no,yes,no,40,yes,1.4,94.465,-41.8,4.959,5228.1,no
38,technician,single,professional.course,no,yes,no,249,yes,1.4,93.918,-42.7,4.961,5228.1,no
60,retired,married,university.degree,unknown,yes,no,245,yes,1.1,93.994,-36.4,4.857,5191,no
44,services,divorced,basic.6y,no,yes,no,153,yes,-1.7,94.027,-38.3,0.9,4991.6,yes
32,blue-collar,married,basic.9y,unknown,no,no,89,no,1.4,93.918,-42.7,4.961,5228.1,no
38,blue-collar,married,high.school,no,no,no,102,no,1.4,93.918,-42.7,4.962,5228.1,no
45,admin.,married,high.school,no,no,no,215,no,1.1,93.994,-36.4,4.857,5191,no
44,blue-collar,single,basic.4y,no,yes,no,159,no,1.4,94.465,-41.8,4.864,5228.1,no
44,blue-collar,married,basic.6y,no,yes,no,102,yes,-1.8,92.893,-46.2,1.327,5099.1,no
31,admin.,single,university.degree,no,no,no,239,yes,1.1,93.994,-36.4,4.859,5191,no
32,blue-collar,married,basic.6y,no,no,no,147,yes,1.4,94.465,-41.8,4.96,5228.1,no
45,admin.,married,university.degree,no,no,no,134,yes,1.1,93.994,-36.4,4.857,5191,no
40,technician,married,high.school,no,yes,no,394,yes,-1.8,92.893,-46.2,1.344,5099.1,no
45,blue-collar,married,professional.course,no,no,no,398,yes,1.4,93.444,-36.1,4.968,5228.1,no
44,technician,married,professional.course,no,no,no,171,no,1.4,94.465,-41.8,4.958,5228.1,no
43,admin.,single,high.school,no,no,no,1011,no,-0.1,93.2,-42,4.12,5195.8,yes
25,student,single,high.school,no,no,no,97,no,1.1,93.994,-36.4,4.855,5191,no
47,admin.,married,university.degree,unknown,no,no,202,yes,1.1,93.994,-36.4,4.856,5191,no
39,admin.,married,high.school,no,yes,no,128,yes,1.4,93.918,-42.7,4.963,5228.1,no
32,technician,married,university.degree,no,yes,no,186,no,-1.8,92.893,-46.2,1.27,5099.1,no
41,technician,married,basic.9y,no,no,no,180,yes,1.1,93.994,-36.4,4.857,5191,no
58,retired,married,basic.4y,no,yes,no,216,yes,1.4,93.918,-42.7,4.961,5228.1,no
42,services,married,professional.course,no,yes,no,149,yes,1.1,93.994,-36.4,4.864,5191,no
50,unknown,married,basic.4y,unknown,yes,no,511,yes,1.4,93.918,-42.7,4.96,5228.1,no
42,management,married,university.degree,no,yes,yes,123,unknown,1.1,93.994,-36.4,4.859,5191,no
53,blue-collar,married,basic.4y,unknown,yes,no,1186,no,1.4,93.444,-36.1,4.968,5228.1,yes
54,housemaid,divorced,university.degree,no,yes,yes,653,yes,-0.1,93.2,-42,4.076,5195.8,yes
31,admin.,married,high.school,no,no,yes,155,yes,-2.9,92.201,-31.4,0.884,5076.2,yes
50,housemaid,married,basic.9y,unknown,yes,yes,125,no,1.1,93.994,-36.4,4.859,5191,no
48,self-employed,divorced,high.school,no,yes,no,82,no,-0.1,93.2,-42,4.191,5195.8,no
30,technician,single,university.degree,no,no,yes,132,yes,1.4,93.444,-36.1,4.965,5228.1,no
43,technician,married,professional.course,no,no,no,119,yes,1.4,94.465,-41.8,4.866,5228.1,no
36,blue-collar,married,basic.9y,no,no,yes,131,no,-0.1,93.2,-42,4.191,5195.8,no
37,services,married,high.school,no,no,yes,264,no,1.4,93.918,-42.7,4.962,5228.1,no
55,admin.,married,university.degree,no,yes,no,220,yes,-1.8,93.369,-34.8,0.654,5008.7,no
47,management,married,basic.9y,no,no,no,53,no,-0.1,93.2,-42,4.191,5195.8,no
54,technician,married,professional.course,unknown,yes,no,130,no,-1.8,93.075,-47.1,1.405,5099.1,no
26,management,single,university.degree,no,no,no,351,no,-3.4,92.379,-29.8,0.803,5017.5,no
27,admin.,single,professional.course,no,yes,no,483,yes,1.4,93.918,-42.7,4.962,5228.1,no
32,admin.,single,university.degree,no,yes,no,340,yes,1.4,93.444,-36.1,4.965,5228.1,no
43,housemaid,married,basic.4y,no,yes,no,402,yes,1.4,93.918,-42.7,4.962,5228.1,no
26,management,single,university.degree,no,no,no,139,yes,-1.8,92.843,-50,1.65,5099.1,yes
32,services,married,high.school,no,yes,yes,383,yes,1.1,93.994,-36.4,4.858,5191,no
32,blue-collar,married,basic.6y,no,yes,no,165,no,1.1,93.994,-36.4,4.857,5191,no
28,blue-collar,married,basic.9y,unknown,no,yes,17,yes,1.4,94.465,-41.8,4.959,5228.1,no
33,self-employed,single,university.degree,no,unknown,unknown,169,no,1.4,94.465,-41.8,4.866,5228.1,no
33,technician,single,professional.course,no,yes,no,519,yes,-1.8,92.893,-46.2,1.334,5099.1,yes
42,technician,married,professional.course,no,yes,no,246,yes,-2.9,92.201,-31.4,0.879,5076.2,no
53,services,married,basic.9y,unknown,yes,no,136,yes,1.4,93.444,-36.1,4.97,5228.1,no
70,retired,married,basic.4y,unknown,yes,no,320,yes,-2.9,92.201,-31.4,0.883,5076.2,no
47,management,married,university.degree,no,yes,no,20,yes,1.4,93.444,-36.1,4.968,5228.1,no
43,blue-collar,married,high.school,no,yes,no,107,no,-0.1,93.2,-42,4.191,5195.8,no
51,blue-collar,married,basic.4y,unknown,yes,no,139,yes,1.4,93.918,-42.7,4.962,5228.1,no
34,housemaid,married,university.degree,no,yes,no,58,yes,-1.8,92.893,-46.2,1.266,5099.1,no
57,retired,unknown,basic.4y,no,yes,no,171,no,1.1,93.994,-36.4,4.86,5191,no
30,admin.,single,professional.course,no,unknown,unknown,246,no,-2.9,92.963,-40.8,1.26,5076.2,yes
41,technician,single,university.degree,no,yes,yes,184,yes,1.4,93.918,-42.7,4.962,5228.1,no
36,blue-collar,married,unknown,unknown,yes,yes,161,no,1.1,93.994,-36.4,4.856,5191,no
37,admin.,married,university.degree,unknown,yes,no,86,no,1.4,93.444,-36.1,4.965,5228.1,no
28,student,single,university.degree,unknown,yes,no,208,yes,1.1,93.994,-36.4,4.857,5191,no
31,management,single,university.degree,no,yes,no,424,no,-0.1,93.2,-42,4.12,5195.8,yes
58,retired,married,basic.4y,unknown,no,no,307,no,1.4,93.918,-42.7,4.961,5228.1,no
54,admin.,married,high.school,unknown,yes,no,490,no,1.4,94.465,-41.8,4.865,5228.1,no
48,unemployed,married,professional.course,no,no,no,360,yes,-1.8,93.876,-40,0.682,5008.7,yes
50,blue-collar,single,basic.9y,unknown,yes,yes,184,yes,1.1,93.994,-36.4,4.855,5191,no
38,technician,single,university.degree,no,yes,no,446,no,1.1,93.994,-36.4,4.856,5191,no
25,student,single,unknown,no,no,no,301,yes,-2.9,92.963,-40.8,1.281,5076.2,yes
37,admin.,married,high.school,no,no,no,123,no,-1.8,92.893,-46.2,1.25,5099.1,no
31,technician,single,university.degree,no,no,yes,60,yes,1.4,93.444,-36.1,4.963,5228.1,no
28,admin.,single,university.degree,no,no,no,114,no,-2.9,92.963,-40.8,1.26,5076.2,no
46,technician,married,professional.course,no,yes,no,78,yes,-0.1,93.2,-42,4.191,5195.8,no
31,blue-collar,married,basic.6y,no,yes,yes,105,yes,1.4,94.465,-41.8,4.961,5228.1,no
31,management,married,high.school,no,yes,yes,343,no,1.4,94.465,-41.8,4.961,5228.1,no
30,admin.,single,university.degree,no,yes,no,39,no,1.4,93.918,-42.7,4.962,5228.1,no
35,admin.,single,university.degree,no,yes,no,633,no,-0.1,93.2,-42,4.076,5195.8,no
30,technician,married,university.degree,no,yes,no,683,no,1.1,93.994,-36.4,4.856,5191,yes
36,blue-collar,married,basic.9y,no,unknown,unknown,30,yes,1.4,94.465,-41.8,4.961,5228.1,no
34,admin.,married,university.degree,unknown,no,no,134,yes,1.1,93.994,-36.4,4.855,5191,no
32,technician,married,professional.course,no,no,yes,183,no,1.4,93.918,-42.7,4.963,5228.1,no
43,management,married,university.degree,no,no,no,382,yes,-0.1,93.2,-42,4.12,5195.8,no
57,blue-collar,married,basic.4y,no,no,no,19,no,1.4,94.465,-41.8,4.959,5228.1,no
41,unemployed,divorced,professional.course,no,unknown,unknown,271,yes,1.4,93.444,-36.1,4.965,5228.1,no
34,blue-collar,married,basic.4y,unknown,no,yes,276,yes,1.4,94.465,-41.8,4.864,5228.1,no
32,technician,married,professional.course,no,no,no,688,no,-1.8,93.749,-34.6,0.645,5008.7,yes
33,admin.,single,professional.course,no,yes,no,1340,yes,-1.8,92.893,-46.2,1.244,5099.1,yes
46,management,single,university.degree,no,yes,no,93,no,1.4,93.918,-42.7,4.96,5228.1,no
80,retired,married,basic.4y,no,no,no,213,yes,-1.8,93.369,-34.8,0.649,5008.7,yes
45,blue-collar,married,basic.4y,unknown,yes,no,243,unknown,1.1,93.994,-36.4,4.857,5191,no
41,blue-collar,married,basic.6y,no,yes,yes,137,no,-0.1,93.2,-42,4.153,5195.8,no
49,admin.,married,high.school,unknown,yes,no,82,yes,1.4,93.444,-36.1,4.968,5228.1,no
50,management,married,high.school,unknown,no,yes,223,yes,1.1,93.994,-36.4,4.859,5191,no
34,entrepreneur,married,basic.4y,no,yes,no,233,no,1.1,93.994,-36.4,4.864,5191,no
47,management,married,university.degree,no,yes,no,145,no,-1.7,94.027,-38.3,0.904,4991.6,no
47,services,married,high.school,no,no,no,130,no,1.4,93.444,-36.1,4.966,5228.1,no
55,blue-collar,married,basic.6y,unknown,no,no,232,no,1.4,93.918,-42.7,4.961,5228.1,no
46,blue-collar,married,basic.6y,unknown,yes,no,196,no,1.1,93.994,-36.4,4.856,5191,no
24,student,single,high.school,no,yes,no,88,yes,-1.8,93.075,-47.1,1.365,5099.1,no
32,blue-collar,single,basic.4y,no,yes,no,145,yes,1.4,93.918,-42.7,4.962,5228.1,no
31,blue-collar,married,high.school,no,no,no,248,no,1.4,93.918,-42.7,4.963,5228.1,no
31,blue-collar,married,basic.9y,no,yes,yes,248,yes,1.1,93.994,-36.4,4.859,5191,no
29,entrepreneur,married,high.school,no,yes,no,668,yes,1.4,93.918,-42.7,4.959,5228.1,no
48,blue-collar,married,basic.4y,no,no,no,420,no,-1.8,92.893,-46.2,1.244,5099.1,no
33,admin.,married,high.school,no,yes,no,125,yes,-0.1,93.2,-42,4.153,5195.8,no
43,technician,married,university.degree,no,no,no,24,yes,-0.1,93.2,-42,4.021,5195.8,no
29,services,single,high.school,no,no,no,207,no,1.1,93.994,-36.4,4.857,5191,no
47,blue-collar,married,basic.4y,no,yes,no,82,yes,1.4,93.918,-42.7,4.962,5228.1,no
47,management,married,university.degree,no,yes,no,133,yes,1.4,93.444,-36.1,4.965,5228.1,no
33,admin.,married,basic.9y,no,no,no,511,yes,1.1,93.994,-36.4,4.857,5191,no
56,entrepreneur,married,university.degree,no,yes,no,472,yes,-1.8,93.075,-47.1,1.365,5099.1,no
33,technician,married,university.degree,unknown,yes,no,153,yes,1.4,93.444,-36.1,4.963,5228.1,no
30,blue-collar,single,basic.4y,unknown,yes,yes,331,yes,1.1,93.994,-36.4,4.86,5191,no
36,management,married,university.degree,no,no,no,22,yes,1.4,94.465,-41.8,4.866,5228.1,no
50,blue-collar,married,basic.9y,unknown,yes,no,36,yes,1.4,93.444,-36.1,4.97,5228.1,no
45,technician,married,high.school,no,yes,no,88,no,1.4,93.918,-42.7,4.961,5228.1,no
38,admin.,single,high.school,no,yes,no,882,no,-1.8,93.749,-34.6,0.659,5008.7,yes
31,unemployed,single,high.school,no,no,no,339,no,-1.8,93.876,-40,0.692,5008.7,no
30,technician,married,professional.course,no,yes,yes,292,no,1.4,93.918,-42.7,4.957,5228.1,no
39,services,married,high.school,no,yes,no,543,yes,1.4,93.918,-42.7,4.968,5228.1,no
37,blue-collar,married,basic.9y,no,no,no,203,yes,1.4,94.465,-41.8,4.959,5228.1,no
45,management,married,unknown,no,yes,no,379,yes,-1.8,93.749,-34.6,0.642,5008.7,yes
36,blue-collar,single,basic.9y,unknown,no,no,201,yes,1.1,93.994,-36.4,4.857,5191,no
22,blue-collar,married,professional.course,no,yes,no,161,yes,1.4,93.918,-42.7,4.963,5228.1,no
33,entrepreneur,married,university.degree,no,yes,no,130,yes,1.1,93.994,-36.4,4.857,5191,no
37,technician,single,high.school,no,yes,no,201,no,-1.8,93.075,-47.1,1.406,5099.1,no
38,management,married,university.degree,no,yes,yes,68,no,1.4,93.918,-42.7,4.958,5228.1,no
53,admin.,married,high.school,no,yes,no,520,no,1.1,93.994,-36.4,4.856,5191,no
31,technician,married,university.degree,no,yes,no,515,yes,1.4,93.444,-36.1,4.964,5228.1,no
44,management,married,university.degree,no,no,no,175,yes,-2.9,92.201,-31.4,0.883,5076.2,yes
31,services,married,high.school,no,no,no,636,no,1.1,93.994,-36.4,4.859,5191,no
43,admin.,married,university.degree,unknown,yes,no,1332,yes,1.4,93.444,-36.1,4.968,5228.1,yes
30,blue-collar,single,basic.9y,unknown,no,no,10,yes,1.4,94.465,-41.8,4.959,5228.1,no
47,housemaid,single,basic.4y,no,no,no,241,yes,1.4,94.465,-41.8,4.961,5228.1,no
28,blue-collar,married,basic.4y,no,yes,no,1820,yes,1.4,93.918,-42.7,4.962,5228.1,no
33,unemployed,married,high.school,no,yes,no,74,unknown,-1.8,92.893,-46.2,1.264,5099.1,no
42,admin.,married,university.degree,no,yes,no,1311,no,1.4,93.444,-36.1,4.968,5228.1,yes
45,services,married,high.school,unknown,no,no,559,yes,1.4,94.465,-41.8,4.864,5228.1,no
32,services,married,high.school,no,no,no,161,yes,-1.8,92.893,-46.2,1.299,5099.1,no
41,management,married,high.school,no,no,yes,129,no,1.1,93.994,-36.4,4.856,5191,no
50,blue-collar,married,basic.9y,no,yes,no,1365,no,-1.8,93.075,-47.1,1.41,5099.1,yes
42,blue-collar,married,basic.4y,unknown,no,no,332,yes,1.1,93.994,-36.4,4.856,5191,no
45,blue-collar,single,basic.4y,unknown,yes,yes,21,yes,1.4,93.918,-42.7,4.961,5228.1,no
52,entrepreneur,married,basic.9y,no,yes,yes,390,no,1.1,93.994,-36.4,4.864,5191,no
49,blue-collar,married,basic.6y,no,yes,no,1980,no,1.1,93.994,-36.4,4.864,5191,yes
39,management,married,unknown,no,no,no,352,yes,-0.1,93.2,-42,4.076,5195.8,no
20,blue-collar,single,high.school,no,yes,no,410,no,-1.8,92.893,-46.2,1.334,5099.1,no
36,entrepreneur,married,university.degree,no,no,yes,180,no,1.1,93.994,-36.4,4.855,5191,no
44,services,divorced,high.school,no,yes,yes,895,no,-1.8,93.075,-47.1,1.453,5099.1,yes
34,technician,divorced,professional.course,no,yes,no,1190,yes,-1.8,92.893,-46.2,1.25,5099.1,yes
67,self-employed,married,university.degree,no,yes,no,68,yes,-3.4,92.649,-30.1,0.72,5017.5,no
42,admin.,married,university.degree,no,yes,no,71,yes,1.4,93.444,-36.1,4.965,5228.1,no
41,self-employed,single,university.degree,no,yes,no,318,yes,1.1,93.994,-36.4,4.859,5191,no
37,technician,single,university.degree,no,yes,no,322,yes,-1.8,92.893,-46.2,1.291,5099.1,no
35,unknown,single,basic.4y,unknown,no,no,121,no,1.1,93.994,-36.4,4.855,5191,no
34,entrepreneur,married,university.degree,no,yes,no,69,yes,-0.1,93.2,-42,4.076,5195.8,no
48,management,married,university.degree,no,no,no,115,no,1.4,93.444,-36.1,4.963,5228.1,no
46,admin.,single,high.school,no,no,no,251,yes,1.4,93.918,-42.7,4.963,5228.1,no
57,admin.,divorced,high.school,no,no,no,162,yes,1.1,93.994,-36.4,4.857,5191,no
54,housemaid,married,basic.4y,no,yes,no,133,yes,1.4,93.444,-36.1,4.963,5228.1,no
34,admin.,married,basic.9y,no,yes,no,252,yes,1.4,94.465,-41.8,4.961,5228.1,no
29,technician,single,high.school,no,no,no,155,yes,-0.1,93.2,-42,4.153,5195.8,no
38,blue-collar,married,basic.9y,no,yes,no,218,no,-1.8,93.075,-47.1,1.41,5099.1,no
27,student,single,high.school,no,yes,no,101,yes,-1.8,92.893,-46.2,1.327,5099.1,no
42,blue-collar,married,basic.6y,unknown,yes,no,458,yes,-1.8,92.893,-46.2,1.334,5099.1,no
35,technician,divorced,professional.course,no,yes,no,312,no,1.4,94.465,-41.8,4.958,5228.1,no
40,entrepreneur,married,professional.course,unknown,yes,no,176,no,-1.8,93.075,-47.1,1.41,5099.1,no
44,admin.,single,university.degree,no,yes,no,158,yes,1.1,93.994,-36.4,4.857,5191,no
33,admin.,single,university.degree,no,no,no,316,no,1.4,93.444,-36.1,4.964,5228.1,no
54,blue-collar,married,basic.9y,no,yes,yes,101,no,-3.4,92.649,-30.1,0.719,5017.5,no
32,technician,married,high.school,no,yes,no,160,yes,1.4,93.444,-36.1,4.963,5228.1,no
47,admin.,single,university.degree,no,yes,no,156,no,1.4,93.444,-36.1,4.968,5228.1,no
40,admin.,single,high.school,no,yes,no,222,no,1.1,93.994,-36.4,4.859,5191,no
30,admin.,married,university.degree,no,yes,yes,742,no,-1.8,92.893,-46.2,1.354,5099.1,yes
28,technician,single,professional.course,no,yes,no,167,yes,-1.7,94.215,-40.3,0.893,4991.6,no
40,entrepreneur,married,basic.4y,no,yes,yes,322,yes,-0.1,93.2,-42,4.12,5195.8,no
39,blue-collar,married,basic.4y,no,yes,no,156,no,-1.8,93.075,-47.1,1.405,5099.1,no
27,technician,single,high.school,no,yes,no,784,yes,1.4,93.918,-42.7,4.962,5228.1,yes
51,housemaid,married,basic.4y,unknown,no,no,253,no,1.4,93.444,-36.1,4.966,5228.1,no
39,admin.,divorced,professional.course,no,yes,yes,106,yes,1.4,94.465,-41.8,4.958,5228.1,no
46,admin.,married,university.degree,no,yes,no,164,no,-2.9,92.201,-31.4,0.873,5076.2,no
49,unemployed,married,high.school,unknown,no,no,671,yes,-0.1,93.2,-42,4.021,5195.8,no
47,admin.,married,university.degree,no,yes,no,59,yes,-0.1,93.2,-42,4.021,5195.8,no
32,admin.,divorced,university.degree,no,no,no,315,no,1.1,93.994,-36.4,4.857,5191,no
35,entrepreneur,married,high.school,no,yes,no,131,no,-0.1,93.2,-42,4.191,5195.8,no
27,admin.,single,high.school,no,yes,yes,177,no,-1.8,92.893,-46.2,1.281,5099.1,no
42,blue-collar,married,basic.9y,no,no,no,55,no,-1.8,93.075,-47.1,1.41,5099.1,no
35,technician,married,university.degree,unknown,no,no,246,yes,1.4,93.444,-36.1,4.963,5228.1,no
37,technician,single,university.degree,no,no,no,182,yes,1.4,94.465,-41.8,4.96,5228.1,no
48,blue-collar,married,basic.4y,no,no,yes,170,no,-1.8,92.893,-46.2,1.334,5099.1,no
29,unemployed,single,university.degree,no,no,no,297,yes,1.1,93.994,-36.4,4.86,5191,no
50,management,married,university.degree,no,yes,yes,206,no,-1.8,93.075,-47.1,1.405,5099.1,no
30,blue-collar,single,university.degree,no,no,no,245,yes,1.1,93.994,-36.4,4.857,5191,no
58,self-employed,divorced,university.degree,no,yes,no,548,yes,1.4,93.918,-42.7,4.968,5228.1,no
52,blue-collar,married,basic.9y,no,no,yes,112,no,1.4,93.444,-36.1,4.963,5228.1,no
32,entrepreneur,married,university.degree,no,yes,yes,249,yes,-0.1,93.2,-42,4.191,5195.8,no
55,retired,married,basic.6y,unknown,yes,yes,632,no,1.4,93.918,-42.7,4.962,5228.1,no
49,technician,married,professional.course,unknown,yes,no,219,yes,1.4,93.918,-42.7,4.968,5228.1,no
35,admin.,single,university.degree,no,no,no,14,unknown,1.4,93.918,-42.7,4.957,5228.1,no
41,blue-collar,divorced,basic.6y,no,yes,no,160,no,1.1,93.994,-36.4,4.857,5191,no
44,blue-collar,married,basic.6y,no,no,yes,244,yes,-1.8,92.893,-46.2,1.327,5099.1,no
35,technician,married,professional.course,no,no,no,427,yes,-0.1,93.2,-42,4.12,5195.8,no
44,admin.,married,university.degree,no,no,no,102,no,1.4,93.444,-36.1,4.965,5228.1,no
27,technician,single,basic.9y,no,yes,no,131,no,-1.8,93.075,-47.1,1.445,5099.1,no
35,self-employed,married,university.degree,no,yes,no,269,no,-2.9,92.963,-40.8,1.26,5076.2,yes
33,admin.,single,university.degree,no,yes,no,101,no,-0.1,93.2,-42,4.12,5195.8,no
35,admin.,married,high.school,no,yes,no,121,no,-1.8,92.893,-46.2,1.259,5099.1,no
32,management,single,university.degree,no,no,no,221,yes,-1.7,94.215,-40.3,0.896,4991.6,no
39,entrepreneur,single,university.degree,no,yes,no,43,yes,1.1,93.994,-36.4,4.86,5191,no
53,blue-collar,married,high.school,unknown,yes,yes,62,no,-1.8,93.075,-47.1,1.405,5099.1,no
26,admin.,single,high.school,no,no,no,134,yes,1.4,93.918,-42.7,4.957,5228.1,no
25,self-employed,single,university.degree,no,no,no,178,yes,1.4,94.465,-41.8,4.96,5228.1,no
39,blue-collar,married,basic.9y,no,no,no,302,no,1.1,93.994,-36.4,4.856,5191,no
33,admin.,married,university.degree,unknown,yes,yes,259,yes,1.4,93.444,-36.1,4.968,5228.1,no
63,management,married,basic.4y,unknown,yes,no,131,yes,-3.4,92.649,-30.1,0.715,5017.5,yes
59,retired,married,basic.4y,no,no,yes,22,no,1.4,93.918,-42.7,4.968,5228.1,no
52,self-employed,single,professional.course,no,no,yes,139,yes,-0.1,93.2,-42,4.076,5195.8,no
25,blue-collar,single,basic.9y,no,yes,yes,322,yes,1.4,93.918,-42.7,4.963,5228.1,no
29,blue-collar,married,basic.9y,no,no,no,54,yes,-1.8,92.893,-46.2,1.281,5099.1,no
48,entrepreneur,married,basic.9y,unknown,no,no,487,yes,-1.8,92.893,-46.2,1.334,5099.1,no
35,admin.,married,university.degree,no,yes,no,376,yes,-1.8,92.893,-46.2,1.334,5099.1,no
39,technician,married,professional.course,no,yes,no,202,yes,-1.7,94.215,-40.3,0.81,4991.6,no
31,admin.,single,university.degree,no,no,no,162,yes,1.1,93.994,-36.4,4.857,5191,no
28,blue-collar,single,professional.course,no,yes,no,113,yes,-1.8,92.893,-46.2,1.244,5099.1,no
40,self-employed,married,high.school,no,no,no,521,no,1.4,93.918,-42.7,4.96,5228.1,no
39,admin.,married,university.degree,no,no,no,69,no,1.4,94.465,-41.8,4.96,5228.1,no
41,blue-collar,married,basic.4y,no,yes,no,281,no,1.4,93.918,-42.7,4.955,5228.1,no
39,housemaid,married,professional.course,no,yes,no,80,no,1.4,93.444,-36.1,4.964,5228.1,no
30,self-employed,married,professional.course,no,yes,no,98,yes,-1.8,92.893,-46.2,1.291,5099.1,no
40,management,married,basic.9y,no,yes,yes,162,yes,1.4,94.465,-41.8,4.947,5228.1,no
32,technician,married,professional.course,no,yes,yes,330,yes,1.4,93.918,-42.7,4.962,5228.1,no
37,admin.,divorced,university.degree,no,yes,yes,211,yes,1.4,93.444,-36.1,4.968,5228.1,no
52,admin.,married,university.degree,no,no,no,195,yes,-1.8,93.876,-40,0.677,5008.7,yes
28,student,single,basic.9y,no,yes,no,156,yes,-1.8,92.843,-50,1.799,5099.1,yes
43,blue-collar,married,high.school,no,yes,no,294,no,1.1,93.994,-36.4,4.856,5191,no
31,admin.,single,university.degree,unknown,yes,no,112,no,1.4,93.444,-36.1,4.963,5228.1,no
45,housemaid,divorced,university.degree,no,no,no,834,no,1.1,93.994,-36.4,4.856,5191,no
47,blue-collar,divorced,basic.4y,no,yes,no,149,yes,1.4,93.444,-36.1,4.965,5228.1,no
58,admin.,divorced,university.degree,no,yes,no,244,yes,1.1,93.994,-36.4,4.858,5191,no
33,technician,single,high.school,no,yes,no,270,no,1.4,93.918,-42.7,4.962,5228.1,no
28,blue-collar,single,university.degree,unknown,no,no,169,yes,-1.8,92.893,-46.2,1.281,5099.1,no
47,admin.,married,university.degree,unknown,no,no,252,yes,1.4,94.465,-41.8,4.961,5228.1,no
38,blue-collar,single,high.school,no,no,no,450,yes,-1.8,93.369,-34.8,0.652,5008.7,yes
60,management,married,university.degree,no,yes,no,89,yes,1.4,94.465,-41.8,4.961,5228.1,no
28,admin.,single,university.degree,no,yes,no,1128,unknown,1.1,93.994,-36.4,4.859,5191,no
33,self-employed,single,university.degree,no,yes,no,265,yes,-1.8,93.369,-34.8,0.652,5008.7,yes
41,entrepreneur,divorced,basic.9y,no,yes,yes,219,no,1.4,93.918,-42.7,4.958,5228.1,no
33,student,single,unknown,no,yes,yes,203,yes,-2.9,92.201,-31.4,0.883,5076.2,no
41,management,married,high.school,unknown,yes,no,527,yes,-1.8,92.893,-46.2,1.291,5099.1,no
30,student,single,unknown,no,yes,no,176,yes,-1.8,93.075,-47.1,1.405,5099.1,no
54,self-employed,divorced,high.school,unknown,no,no,178,yes,1.4,93.918,-42.7,4.962,5228.1,no
46,technician,single,professional.course,no,no,no,128,yes,1.4,93.444,-36.1,4.968,5228.1,no
32,blue-collar,married,high.school,no,no,no,259,yes,1.4,93.918,-42.7,4.963,5228.1,no
42,technician,single,university.degree,no,yes,no,33,yes,-1.8,92.893,-46.2,1.244,5099.1,no
29,admin.,single,university.degree,no,no,no,87,yes,-3.4,92.431,-26.9,0.731,5017.5,no
41,blue-collar,married,unknown,unknown,no,no,516,no,1.4,93.918,-42.7,4.957,5228.1,no
24,blue-collar,single,basic.6y,no,no,no,115,no,1.4,93.918,-42.7,4.963,5228.1,no
44,technician,divorced,unknown,no,no,no,222,no,1.4,93.918,-42.7,4.961,5228.1,no
58,retired,married,basic.4y,no,yes,no,79,no,-2.9,92.963,-40.8,1.252,5076.2,no
31,admin.,married,high.school,no,no,yes,349,yes,1.1,93.994,-36.4,4.86,5191,no
34,services,single,basic.9y,no,no,no,308,yes,-1.8,92.893,-46.2,1.281,5099.1,no
44,admin.,married,high.school,no,yes,no,97,yes,1.4,93.918,-42.7,4.962,5228.1,no
59,blue-collar,married,basic.4y,no,no,no,190,yes,-1.8,92.893,-46.2,1.327,5099.1,no
34,technician,single,university.degree,no,no,no,214,yes,1.4,93.444,-36.1,4.964,5228.1,no
48,management,married,university.degree,no,yes,no,112,yes,-0.1,93.2,-42,4.191,5195.8,no
47,admin.,single,university.degree,no,no,no,193,no,-3.4,92.649,-30.1,0.72,5017.5,no
54,housemaid,married,basic.4y,unknown,no,no,164,no,1.4,93.918,-42.7,4.961,5228.1,no
44,blue-collar,married,high.school,unknown,yes,no,253,no,-1.8,93.075,-47.1,1.41,5099.1,no
31,management,single,university.degree,unknown,yes,no,15,yes,1.4,94.465,-41.8,4.959,5228.1,no
34,blue-collar,married,professional.course,no,yes,no,210,yes,1.1,93.994,-36.4,4.858,5191,no
29,technician,single,basic.9y,no,unknown,unknown,116,no,-1.8,93.075,-47.1,1.405,5099.1,no
38,technician,single,university.degree,no,yes,yes,245,yes,1.1,93.994,-36.4,4.86,5191,no
56,admin.,married,unknown,no,yes,no,87,yes,1.4,94.465,-41.8,4.961,5228.1,no
26,technician,single,professional.course,no,yes,no,362,yes,-1.8,93.075,-47.1,1.405,5099.1,no
31,technician,divorced,high.school,no,no,no,129,yes,1.4,93.444,-36.1,4.964,5228.1,no
31,admin.,single,university.degree,no,yes,no,116,unknown,1.4,94.465,-41.8,4.864,5228.1,no
57,blue-collar,married,basic.4y,no,no,no,134,no,1.4,93.444,-36.1,4.963,5228.1,no
36,blue-collar,married,basic.9y,no,no,yes,118,yes,1.4,93.918,-42.7,4.957,5228.1,no
43,unemployed,married,university.degree,unknown,unknown,unknown,87,yes,1.1,93.994,-36.4,4.857,5191,no
46,self-employed,married,basic.9y,unknown,yes,yes,140,no,1.1,93.994,-36.4,4.857,5191,no
24,student,single,unknown,no,yes,no,222,no,-1.1,94.199,-37.5,0.886,4963.6,no
37,blue-collar,single,professional.course,no,no,no,54,yes,-1.8,92.893,-46.2,1.264,5099.1,no
33,technician,married,professional.course,no,yes,no,58,yes,1.4,93.444,-36.1,4.963,5228.1,no
41,technician,single,high.school,no,yes,no,88,no,1.4,93.444,-36.1,4.964,5228.1,no
53,housemaid,married,basic.4y,unknown,no,no,245,no,1.1,93.994,-36.4,4.857,5191,no
51,admin.,divorced,high.school,no,yes,no,133,yes,-2.9,92.201,-31.4,0.838,5076.2,no
36,housemaid,divorced,university.degree,no,no,no,767,no,1.1,93.994,-36.4,4.855,5191,no
47,admin.,married,university.degree,no,yes,no,38,no,1.4,93.444,-36.1,4.964,5228.1,no
44,technician,divorced,professional.course,no,yes,no,245,no,-1.8,92.893,-46.2,1.327,5099.1,no
45,services,married,professional.course,no,yes,yes,307,yes,1.4,93.918,-42.7,4.962,5228.1,no
38,blue-collar,married,high.school,no,no,no,340,yes,-1.8,93.075,-47.1,1.405,5099.1,no
36,technician,single,professional.course,unknown,no,no,180,yes,1.1,93.994,-36.4,4.855,5191,no
30,blue-collar,single,professional.course,no,yes,no,111,yes,-1.1,94.767,-50.8,1.049,4963.6,no
55,management,married,university.degree,no,no,no,122,yes,1.4,93.444,-36.1,4.963,5228.1,no
45,blue-collar,married,basic.9y,no,yes,no,73,no,1.4,93.918,-42.7,4.963,5228.1,no
58,retired,divorced,university.degree,no,yes,no,129,yes,-1.8,93.075,-47.1,1.415,5099.1,yes
33,management,single,university.degree,no,no,yes,71,no,1.1,93.994,-36.4,4.859,5191,no
36,admin.,single,university.degree,no,yes,no,770,yes,1.4,93.444,-36.1,4.965,5228.1,no
33,self-employed,single,high.school,no,yes,yes,113,yes,-1.8,92.893,-46.2,1.291,5099.1,no
44,services,divorced,high.school,no,yes,yes,164,yes,-0.1,93.2,-42,4.191,5195.8,no
30,services,single,high.school,no,yes,no,148,yes,-2.9,92.201,-31.4,0.873,5076.2,yes
25,student,single,high.school,no,no,no,485,yes,-1.7,94.055,-39.8,0.72,4991.6,yes
56,unknown,married,basic.4y,no,yes,no,106,no,1.4,93.444,-36.1,4.965,5228.1,no
31,management,married,university.degree,no,no,no,238,yes,-1.8,92.893,-46.2,1.313,5099.1,no
32,services,married,high.school,no,yes,yes,6,yes,-1.8,93.075,-47.1,1.405,5099.1,no
31,blue-collar,single,basic.4y,no,no,yes,125,no,-0.1,93.2,-42,4.12,5195.8,no
36,technician,single,professional.course,no,yes,no,238,no,1.1,93.994,-36.4,4.86,5191,no
41,housemaid,married,high.school,no,yes,no,1074,yes,-0.1,93.2,-42,4.021,5195.8,yes
55,blue-collar,married,basic.9y,unknown,yes,no,304,no,1.4,93.444,-36.1,4.965,5228.1,no
57,management,divorced,university.degree,no,no,no,111,no,1.1,93.994,-36.4,4.859,5191,no
34,services,married,high.school,no,yes,no,320,yes,-1.8,92.893,-46.2,1.25,5099.1,no
30,management,married,high.school,no,yes,no,19,no,1.4,93.444,-36.1,4.963,5228.1,no
40,technician,married,university.degree,no,no,no,342,no,1.4,93.444,-36.1,4.965,5228.1,no
41,unemployed,married,basic.9y,unknown,yes,no,246,no,-1.8,93.075,-47.1,1.405,5099.1,no
53,blue-collar,single,basic.9y,no,unknown,unknown,362,yes,-1.8,93.369,-34.8,0.643,5008.7,yes
35,blue-collar,married,basic.9y,no,no,no,1259,yes,1.4,93.918,-42.7,4.963,5228.1,no
59,entrepreneur,married,university.degree,no,no,no,9,no,1.4,94.465,-41.8,4.959,5228.1,no
41,self-employed,married,basic.9y,no,yes,no,178,yes,1.4,94.465,-41.8,4.961,5228.1,no
35,technician,married,professional.course,no,yes,yes,77,no,1.4,93.918,-42.7,4.962,5228.1,no
41,admin.,divorced,high.school,no,no,no,177,yes,1.1,93.994,-36.4,4.857,5191,no
32,admin.,single,university.degree,no,yes,no,250,no,-1.7,94.215,-40.3,0.846,4991.6,no
46,services,divorced,basic.9y,no,unknown,unknown,222,yes,-1.8,92.893,-46.2,1.334,5099.1,no
60,self-employed,married,basic.9y,no,no,no,17,yes,1.4,93.444,-36.1,4.965,5228.1,no
34,admin.,married,university.degree,no,no,no,281,no,-3.4,92.431,-26.9,0.73,5017.5,yes
48,admin.,married,high.school,no,no,no,82,no,1.1,93.994,-36.4,4.856,5191,no
50,management,married,university.degree,no,yes,no,161,no,1.4,93.918,-42.7,4.962,5228.1,no
43,admin.,married,high.school,no,no,no,1422,no,1.4,94.465,-41.8,4.959,5228.1,yes
46,services,divorced,basic.9y,no,no,no,96,yes,-1.8,92.893,-46.2,1.334,5099.1,no
50,entrepreneur,married,university.degree,no,no,no,408,yes,-0.1,93.2,-42,4.191,5195.8,no
30,technician,single,university.degree,no,yes,no,215,no,1.4,93.444,-36.1,4.964,5228.1,no
44,blue-collar,married,basic.9y,no,yes,no,121,yes,1.4,93.918,-42.7,4.963,5228.1,no
37,management,married,unknown,no,no,no,149,no,-3,92.713,-33,0.715,5023.5,yes
23,services,single,high.school,no,unknown,unknown,1300,yes,1.4,93.918,-42.7,4.963,5228.1,no
32,admin.,married,university.degree,no,yes,no,712,yes,-2.9,92.963,-40.8,1.262,5076.2,yes
36,technician,married,professional.course,no,yes,no,247,no,1.1,93.994,-36.4,4.86,5191,no
40,services,married,basic.6y,unknown,no,no,49,yes,1.4,94.465,-41.8,4.961,5228.1,no
53,admin.,divorced,university.degree,no,yes,yes,172,no,1.1,93.994,-36.4,4.86,5191,no
53,housemaid,married,basic.6y,unknown,unknown,unknown,372,yes,-1.8,93.075,-47.1,1.405,5099.1,no
34,blue-collar,married,basic.4y,no,yes,yes,338,unknown,-1.8,92.893,-46.2,1.334,5099.1,no
34,technician,divorced,professional.course,no,no,no,91,no,1.1,93.994,-36.4,4.859,5191,no
41,self-employed,married,basic.9y,no,yes,no,1135,yes,-1.8,92.893,-46.2,1.327,5099.1,yes
48,blue-collar,married,basic.4y,no,no,no,134,yes,1.4,93.444,-36.1,4.966,5228.1,no
47,blue-collar,married,basic.4y,unknown,no,no,624,no,1.4,94.465,-41.8,4.864,5228.1,no
39,services,married,high.school,no,no,no,359,no,1.1,93.994,-36.4,4.86,5191,no
50,technician,married,basic.9y,no,yes,no,55,no,-0.1,93.2,-42,4.191,5195.8,no
38,technician,single,basic.6y,no,yes,no,164,no,-0.1,93.2,-42,4.12,5195.8,no
37,admin.,single,university.degree,no,yes,no,540,no,1.4,94.465,-41.8,4.961,5228.1,no
29,services,single,basic.9y,unknown,yes,no,105,yes,-1.8,93.075,-47.1,1.41,5099.1,no
24,entrepreneur,single,high.school,no,yes,no,113,yes,1.4,94.465,-41.8,4.959,5228.1,no
46,management,married,university.degree,no,no,no,103,no,1.1,93.994,-36.4,4.857,5191,no
35,admin.,single,university.degree,no,no,yes,159,yes,1.4,94.465,-41.8,4.967,5228.1,no
32,admin.,single,university.degree,no,unknown,unknown,107,yes,1.4,93.444,-36.1,4.963,5228.1,no
33,admin.,single,university.degree,no,yes,no,226,no,1.4,93.444,-36.1,4.966,5228.1,no
58,retired,married,professional.course,unknown,no,no,158,yes,-0.1,93.2,-42,4.021,5195.8,no
36,blue-collar,married,basic.4y,unknown,yes,no,166,yes,1.1,93.994,-36.4,4.864,5191,no
41,technician,married,university.degree,no,yes,no,67,no,1.1,93.994,-36.4,4.855,5191,no
33,technician,single,professional.course,no,yes,no,290,yes,1.4,93.444,-36.1,4.967,5228.1,no
29,admin.,married,university.degree,no,no,yes,14,yes,1.4,93.444,-36.1,4.966,5228.1,no
51,technician,single,university.degree,no,no,no,657,yes,-2.9,92.963,-40.8,1.268,5076.2,yes
52,management,married,university.degree,no,no,no,600,yes,-2.9,92.201,-31.4,0.884,5076.2,yes
44,blue-collar,married,basic.9y,no,no,no,41,yes,1.4,93.918,-42.7,4.962,5228.1,no
42,admin.,married,high.school,no,no,yes,219,yes,1.4,93.918,-42.7,4.962,5228.1,no
43,admin.,married,university.degree,unknown,no,no,101,yes,1.4,93.444,-36.1,4.966,5228.1,no
32,services,married,high.school,unknown,no,no,44,yes,1.4,93.918,-42.7,4.96,5228.1,no
32,blue-collar,married,basic.4y,no,no,no,41,no,1.1,93.994,-36.4,4.857,5191,no
38,services,married,basic.4y,no,no,yes,90,no,1.4,94.465,-41.8,4.866,5228.1,no
32,technician,married,university.degree,no,yes,no,402,no,1.4,93.444,-36.1,4.968,5228.1,no
31,technician,married,professional.course,no,no,no,551,no,-1.8,93.075,-47.1,1.466,5099.1,no
37,blue-collar,married,basic.9y,no,yes,yes,184,yes,1.4,93.918,-42.7,4.963,5228.1,no
43,blue-collar,married,basic.9y,no,yes,no,340,yes,-0.1,93.2,-42,4.076,5195.8,no
30,technician,married,university.degree,no,no,no,165,yes,1.1,93.994,-36.4,4.857,5191,no
34,blue-collar,married,basic.9y,no,yes,no,264,yes,-1.8,92.893,-46.2,1.291,5099.1,no
36,management,married,unknown,no,no,no,98,yes,-2.9,92.963,-40.8,1.281,5076.2,no
29,admin.,single,university.degree,no,yes,no,333,yes,1.4,93.918,-42.7,4.96,5228.1,no
52,admin.,divorced,university.degree,no,yes,yes,183,no,-0.1,93.2,-42,4.153,5195.8,no
54,retired,divorced,basic.4y,no,no,no,157,no,1.4,94.465,-41.8,4.865,5228.1,no
31,services,married,professional.course,no,no,no,627,no,-0.1,93.2,-42,4.076,5195.8,no
37,blue-collar,married,basic.6y,unknown,yes,no,345,yes,1.4,93.918,-42.7,4.957,5228.1,no
40,technician,single,university.degree,no,no,no,141,yes,-3.4,92.649,-30.1,0.714,5017.5,no
43,technician,married,professional.course,unknown,no,no,681,no,-1.8,92.893,-46.2,1.327,5099.1,no
35,technician,divorced,professional.course,no,no,no,66,yes,-1.7,94.055,-39.8,0.739,4991.6,no
37,admin.,single,high.school,no,yes,no,291,yes,1.4,93.918,-42.7,4.96,5228.1,no
35,services,married,basic.6y,no,no,no,70,yes,1.1,93.994,-36.4,4.857,5191,no
53,admin.,married,professional.course,no,yes,yes,140,yes,-0.1,93.2,-42,4.153,5195.8,no
55,blue-collar,married,basic.4y,unknown,no,no,345,unknown,1.4,94.465,-41.8,4.962,5228.1,no
40,unemployed,married,professional.course,no,no,yes,91,no,-3.4,92.379,-29.8,0.773,5017.5,yes
28,blue-collar,single,high.school,no,yes,no,240,yes,-1.8,93.075,-47.1,1.483,5099.1,no
39,blue-collar,single,basic.4y,no,no,yes,396,yes,1.4,94.465,-41.8,4.967,5228.1,no
41,blue-collar,married,basic.9y,no,no,no,491,no,-1.8,92.893,-46.2,1.313,5099.1,no
46,blue-collar,married,basic.6y,unknown,yes,no,398,no,1.4,93.444,-36.1,4.963,5228.1,no
52,self-employed,married,university.degree,unknown,no,no,175,yes,1.1,93.994,-36.4,4.857,5191,no
44,admin.,single,high.school,no,no,yes,12,yes,-1.7,94.215,-40.3,0.861,4991.6,no
31,unemployed,married,high.school,yes,no,no,111,no,-0.1,93.2,-42,4.153,5195.8,no
31,blue-collar,married,basic.9y,no,no,no,129,no,1.4,93.918,-42.7,4.957,5228.1,no
31,admin.,married,university.degree,no,no,no,196,yes,1.4,93.444,-36.1,4.964,5228.1,no
35,services,married,high.school,no,yes,no,377,no,1.4,93.918,-42.7,4.961,5228.1,no
58,blue-collar,married,basic.4y,no,yes,no,184,no,1.1,93.994,-36.4,4.86,5191,no
38,technician,married,professional.course,no,yes,no,363,no,-1.8,92.843,-50,1.726,5099.1,yes
51,admin.,married,basic.4y,unknown,no,no,516,yes,-1.8,92.893,-46.2,1.344,5099.1,no
36,technician,married,professional.course,no,no,no,151,yes,1.4,94.465,-41.8,4.961,5228.1,no
47,blue-collar,married,high.school,unknown,yes,no,224,yes,1.4,94.465,-41.8,4.961,5228.1,no
49,admin.,single,high.school,no,no,no,103,yes,1.4,93.444,-36.1,4.964,5228.1,no
39,housemaid,married,basic.4y,no,yes,yes,215,yes,1.4,93.444,-36.1,4.964,5228.1,no
33,admin.,single,university.degree,unknown,yes,no,183,no,1.4,93.444,-36.1,4.964,5228.1,no
66,retired,married,professional.course,no,no,yes,525,yes,-1.8,93.369,-34.8,0.655,5008.7,yes
36,technician,married,professional.course,no,yes,no,45,no,1.4,93.444,-36.1,4.965,5228.1,no
46,blue-collar,divorced,basic.9y,no,no,no,332,yes,-1.8,93.075,-47.1,1.423,5099.1,no
44,services,married,professional.course,unknown,yes,no,428,yes,-1.8,92.893,-46.2,1.327,5099.1,no
50,technician,married,professional.course,unknown,yes,yes,705,yes,1.4,94.465,-41.8,4.959,5228.1,yes
32,services,married,professional.course,no,yes,no,379,yes,1.1,93.994,-36.4,4.859,5191,no
52,housemaid,married,basic.6y,no,yes,no,268,yes,1.4,93.444,-36.1,4.964,5228.1,no
26,blue-collar,single,high.school,no,no,no,213,no,1.1,93.994,-36.4,4.855,5191,no
30,admin.,single,university.degree,no,no,no,180,yes,1.4,93.444,-36.1,4.963,5228.1,no
34,technician,divorced,professional.course,no,yes,no,296,yes,1.1,93.994,-36.4,4.856,5191,no
30,management,married,university.degree,no,yes,yes,196,no,-0.1,93.2,-42,4.153,5195.8,no
56,retired,married,basic.4y,no,no,no,163,no,-0.1,93.2,-42,4.021,5195.8,no
33,blue-collar,married,basic.9y,no,yes,no,76,yes,1.1,93.994,-36.4,4.859,5191,no
31,blue-collar,divorced,basic.6y,no,yes,no,597,no,1.1,93.994,-36.4,4.859,5191,no
47,admin.,single,unknown,unknown,yes,no,247,no,1.1,93.994,-36.4,4.857,5191,no
46,services,married,professional.course,no,no,no,75,yes,1.4,94.465,-41.8,4.961,5228.1,no
54,technician,married,basic.4y,no,no,no,120,no,1.1,93.994,-36.4,4.857,5191,no
30,technician,single,university.degree,no,no,no,78,no,-0.1,93.2,-42,4.076,5195.8,no
40,self-employed,married,unknown,unknown,no,no,143,no,1.4,93.918,-42.7,4.962,5228.1,no
45,services,married,high.school,no,yes,no,68,yes,1.4,93.918,-42.7,4.961,5228.1,no
45,unemployed,married,basic.4y,no,yes,yes,264,yes,1.4,94.465,-41.8,4.967,5228.1,no
55,retired,married,high.school,no,yes,no,136,no,-2.9,92.963,-40.8,1.268,5076.2,no
30,admin.,married,university.degree,unknown,no,no,313,yes,1.4,93.444,-36.1,4.963,5228.1,no
82,housemaid,divorced,basic.4y,no,no,no,316,no,-1.7,94.215,-40.3,0.881,4991.6,yes
55,unknown,married,basic.4y,no,yes,no,1298,yes,1.4,93.918,-42.7,4.962,5228.1,yes
39,entrepreneur,married,basic.9y,no,no,no,157,no,1.1,93.994,-36.4,4.857,5191,no
46,technician,married,basic.9y,no,yes,no,1135,yes,1.1,93.994,-36.4,4.859,5191,no
33,blue-collar,single,basic.4y,no,no,no,60,yes,-0.1,93.2,-42,4.021,5195.8,no
39,admin.,single,unknown,no,no,no,188,no,-0.1,93.2,-42,4.021,5195.8,no
37,blue-collar,married,basic.4y,unknown,yes,no,97,no,1.4,93.918,-42.7,4.957,5228.1,no
28,technician,single,professional.course,no,yes,no,78,no,-2.9,92.201,-31.4,0.851,5076.2,yes
41,technician,divorced,university.degree,no,yes,yes,116,no,1.4,93.444,-36.1,4.966,5228.1,no
39,admin.,married,university.degree,no,no,no,160,yes,1.1,93.994,-36.4,4.857,5191,no
27,blue-collar,married,basic.4y,no,yes,no,51,yes,1.1,93.994,-36.4,4.857,5191,no
39,housemaid,married,basic.9y,no,yes,yes,272,no,-0.1,93.2,-42,4.191,5195.8,no
46,technician,married,professional.course,no,yes,no,61,yes,-0.1,93.2,-42,4.191,5195.8,no
38,technician,married,professional.course,no,no,no,119,no,-1.8,92.843,-50,1.757,5099.1,no
54,technician,single,high.school,no,yes,no,32,yes,-0.1,93.2,-42,4.021,5195.8,no
25,admin.,single,basic.9y,no,no,no,18,yes,1.4,93.918,-42.7,4.968,5228.1,no
37,admin.,married,university.degree,no,no,yes,206,no,-3,92.713,-33,0.706,5023.5,yes
28,self-employed,single,basic.9y,no,no,no,125,yes,1.1,93.994,-36.4,4.856,5191,no
53,blue-collar,married,basic.4y,unknown,yes,no,446,no,1.4,93.444,-36.1,4.968,5228.1,no
58,blue-collar,married,basic.4y,unknown,yes,no,451,yes,-1.8,92.893,-46.2,1.291,5099.1,no
31,admin.,single,high.school,no,no,no,132,unknown,1.1,93.994,-36.4,4.86,5191,no
42,services,married,high.school,no,yes,no,174,no,1.4,94.465,-41.8,4.967,5228.1,no
37,blue-collar,married,professional.course,no,yes,no,340,yes,1.4,93.918,-42.7,4.962,5228.1,no
37,self-employed,divorced,university.degree,no,no,no,143,yes,-1.8,92.893,-46.2,1.334,5099.1,no
24,blue-collar,single,basic.9y,no,yes,no,61,no,-1.8,92.893,-46.2,1.244,5099.1,no
33,technician,married,professional.course,no,yes,no,9,no,1.4,93.918,-42.7,4.96,5228.1,no
59,technician,married,professional.course,no,yes,no,1438,no,1.1,93.994,-36.4,4.857,5191,no
60,retired,married,basic.4y,no,no,no,82,no,-3.4,92.431,-26.9,0.739,5017.5,no
31,admin.,married,university.degree,no,no,no,209,no,1.4,93.444,-36.1,4.964,5228.1,no
38,technician,married,professional.course,no,no,no,101,yes,1.1,93.994,-36.4,4.856,5191,no
35,unknown,single,high.school,unknown,yes,no,277,yes,1.4,93.918,-42.7,4.958,5228.1,no
26,admin.,single,university.degree,no,no,no,1087,no,-1.7,94.027,-38.3,0.904,4991.6,yes
52,retired,married,university.degree,no,no,no,147,yes,-0.1,93.2,-42,4.191,5195.8,no
35,blue-collar,married,basic.9y,no,no,yes,782,yes,1.4,94.465,-41.8,4.961,5228.1,no
42,admin.,divorced,university.degree,no,no,no,232,no,1.1,93.994,-36.4,4.856,5191,no
46,unemployed,divorced,basic.9y,no,yes,no,231,yes,1.4,94.465,-41.8,4.864,5228.1,no
40,technician,married,professional.course,no,no,no,92,yes,1.4,94.465,-41.8,4.96,5228.1,no
58,admin.,married,university.degree,no,no,no,129,no,1.4,93.444,-36.1,4.965,5228.1,no
52,blue-collar,married,basic.4y,no,yes,no,156,yes,1.4,93.918,-42.7,4.968,5228.1,no
30,admin.,divorced,university.degree,no,no,yes,198,yes,-0.1,93.2,-42,4.153,5195.8,no
44,blue-collar,married,basic.9y,no,no,no,135,yes,1.4,93.444,-36.1,4.97,5228.1,no
53,services,married,high.school,unknown,yes,no,107,yes,1.1,93.994,-36.4,4.857,5191,no
30,management,single,university.degree,no,no,no,27,yes,1.4,94.465,-41.8,4.866,5228.1,no
43,blue-collar,married,basic.6y,no,no,no,272,yes,1.4,93.918,-42.7,4.962,5228.1,no
39,services,single,high.school,no,yes,no,308,yes,-1.7,94.027,-38.3,0.898,4991.6,yes
43,management,married,basic.9y,no,yes,no,180,yes,-2.9,92.201,-31.4,0.869,5076.2,no
57,blue-collar,divorced,basic.4y,unknown,yes,no,47,no,1.1,93.994,-36.4,4.856,5191,no
37,admin.,single,university.degree,no,no,no,416,no,-3.4,92.431,-26.9,0.72,5017.5,yes
32,technician,married,university.degree,no,no,no,137,no,1.4,93.444,-36.1,4.968,5228.1,no
40,admin.,single,professional.course,no,yes,no,43,no,-1.8,92.893,-46.2,1.344,5099.1,no
41,blue-collar,single,unknown,unknown,no,no,780,yes,1.4,94.465,-41.8,4.947,5228.1,no
46,technician,divorced,university.degree,no,no,no,1288,yes,1.4,94.465,-41.8,4.967,5228.1,no
33,services,single,high.school,no,yes,no,367,yes,-1.8,92.893,-46.2,1.266,5099.1,no
49,management,divorced,university.degree,no,no,no,170,yes,1.1,93.994,-36.4,4.864,5191,no
52,management,married,high.school,no,no,no,408,yes,-2.9,92.201,-31.4,0.883,5076.2,yes
31,admin.,single,university.degree,no,yes,no,244,yes,-1.8,92.893,-46.2,1.354,5099.1,no
32,blue-collar,married,basic.9y,no,yes,no,261,no,1.4,94.465,-41.8,4.959,5228.1,no
37,admin.,single,university.degree,no,no,no,125,no,1.4,93.444,-36.1,4.964,5228.1,no
45,housemaid,married,basic.4y,no,no,no,76,no,1.4,93.444,-36.1,4.963,5228.1,no
39,blue-collar,divorced,basic.6y,unknown,yes,yes,32,yes,1.1,93.994,-36.4,4.856,5191,no
28,blue-collar,single,basic.9y,no,no,no,489,yes,1.1,93.994,-36.4,4.859,5191,no
45,blue-collar,divorced,basic.4y,unknown,yes,no,168,no,1.4,93.918,-42.7,4.957,5228.1,no
33,admin.,married,university.degree,unknown,yes,no,386,yes,-0.1,93.2,-42,4.076,5195.8,no
37,technician,married,professional.course,no,yes,no,834,yes,1.1,93.994,-36.4,4.855,5191,no
34,entrepreneur,single,university.degree,no,yes,no,87,yes,-1.8,92.893,-46.2,1.266,5099.1,no
39,services,married,basic.9y,no,yes,no,322,yes,1.1,93.994,-36.4,4.856,5191,no
31,admin.,single,university.degree,no,yes,yes,115,unknown,-2.9,92.201,-31.4,0.883,5076.2,no
41,management,married,high.school,no,yes,no,180,no,-1.8,92.893,-46.2,1.244,5099.1,no
55,admin.,married,high.school,no,no,no,317,yes,-1.1,94.601,-49.5,0.977,4963.6,no
49,blue-collar,married,basic.9y,no,no,no,135,yes,-1.8,92.893,-46.2,1.266,5099.1,no
36,admin.,divorced,university.degree,unknown,yes,no,187,no,1.4,93.918,-42.7,4.963,5228.1,no
26,admin.,married,high.school,no,no,no,120,no,1.4,94.465,-41.8,4.947,5228.1,no
46,admin.,married,university.degree,unknown,no,no,55,yes,1.4,93.444,-36.1,4.965,5228.1,no
38,management,divorced,university.degree,no,yes,no,543,yes,1.4,93.918,-42.7,4.961,5228.1,no
40,blue-collar,married,basic.9y,unknown,yes,no,504,no,1.4,93.918,-42.7,4.962,5228.1,no
38,admin.,married,university.degree,no,yes,no,47,no,1.1,93.994,-36.4,4.857,5191,no
49,housemaid,married,professional.course,no,yes,no,351,yes,1.4,93.918,-42.7,4.963,5228.1,no
51,technician,married,professional.course,no,yes,yes,246,no,1.4,93.444,-36.1,4.963,5228.1,no
41,services,divorced,basic.9y,no,yes,no,163,no,1.4,94.465,-41.8,4.866,5228.1,no
42,blue-collar,married,basic.9y,unknown,yes,no,326,no,1.1,93.994,-36.4,4.857,5191,no
32,services,married,high.school,no,no,no,175,yes,1.1,93.994,-36.4,4.855,5191,no
37,technician,single,professional.course,unknown,unknown,unknown,51,yes,1.4,94.465,-41.8,4.865,5228.1,no
46,services,married,high.school,no,yes,no,183,yes,1.4,93.444,-36.1,4.965,5228.1,no
33,technician,divorced,professional.course,no,no,no,85,yes,1.1,93.994,-36.4,4.859,5191,no
68,retired,divorced,professional.course,no,yes,no,418,yes,-3.4,92.431,-26.9,0.728,5017.5,yes
41,blue-collar,married,basic.9y,no,yes,no,69,no,-1.8,93.075,-47.1,1.405,5099.1,no
32,admin.,single,university.degree,no,yes,no,460,yes,1.4,93.444,-36.1,4.966,5228.1,no
29,admin.,single,university.degree,no,no,no,245,no,-1.8,92.893,-46.2,1.344,5099.1,no
36,admin.,married,university.degree,no,yes,no,196,yes,-1.8,93.876,-40,0.697,5008.7,yes
37,admin.,single,university.degree,no,yes,no,212,yes,1.4,93.444,-36.1,4.964,5228.1,no
57,technician,married,high.school,unknown,no,no,784,yes,1.4,93.444,-36.1,4.966,5228.1,yes
40,blue-collar,single,basic.6y,unknown,no,no,201,yes,1.1,93.994,-36.4,4.855,5191,no
36,admin.,married,university.degree,no,no,no,147,yes,1.4,93.444,-36.1,4.97,5228.1,no
33,unemployed,divorced,professional.course,no,yes,no,151,no,1.4,93.444,-36.1,4.963,5228.1,no
53,management,married,university.degree,no,yes,yes,81,yes,1.4,93.444,-36.1,4.963,5228.1,no
56,management,married,university.degree,no,yes,no,90,yes,1.4,93.918,-42.7,4.961,5228.1,no
33,management,married,professional.course,no,no,no,578,no,-1.8,92.893,-46.2,1.266,5099.1,yes
48,admin.,divorced,basic.9y,no,no,no,1424,no,1.4,93.918,-42.7,4.961,5228.1,yes
38,self-employed,married,university.degree,unknown,no,no,96,yes,1.4,94.465,-41.8,4.961,5228.1,no
22,student,single,high.school,no,no,no,53,no,-2.9,92.201,-31.4,0.873,5076.2,no
50,admin.,divorced,university.degree,no,yes,no,23,no,1.4,93.444,-36.1,4.965,5228.1,no
58,retired,married,professional.course,no,no,no,577,yes,-0.1,93.2,-42,4.12,5195.8,no
56,retired,married,professional.course,no,yes,no,202,no,1.4,93.444,-36.1,4.965,5228.1,no
53,self-employed,divorced,university.degree,no,no,no,397,no,1.4,93.918,-42.7,4.96,5228.1,no
41,admin.,married,university.degree,unknown,yes,no,114,no,-1.8,92.893,-46.2,1.313,5099.1,no
80,retired,divorced,basic.4y,no,no,yes,720,yes,-3,92.713,-33,0.718,5023.5,no
50,management,married,university.degree,no,yes,no,198,yes,-1.8,93.075,-47.1,1.405,5099.1,no
33,services,single,high.school,no,yes,no,789,no,1.1,93.994,-36.4,4.855,5191,no
29,technician,single,university.degree,no,no,yes,57,yes,-0.1,93.2,-42,4.076,5195.8,no
45,self-employed,single,basic.9y,no,yes,no,156,no,-1.8,93.075,-47.1,1.405,5099.1,no
22,blue-collar,single,basic.6y,unknown,unknown,unknown,270,yes,1.1,93.994,-36.4,4.856,5191,no
34,admin.,divorced,university.degree,no,yes,no,25,no,-1.8,92.893,-46.2,1.291,5099.1,no
35,admin.,married,university.degree,no,yes,no,690,yes,-0.1,93.2,-42,4.191,5195.8,no
46,admin.,single,high.school,no,no,no,329,yes,-1.7,94.027,-38.3,0.904,4991.6,no
47,blue-collar,married,unknown,unknown,yes,no,227,no,1.4,93.444,-36.1,4.964,5228.1,no
33,admin.,single,high.school,no,yes,no,195,no,1.4,93.444,-36.1,4.963,5228.1,no
51,admin.,married,university.degree,no,no,no,104,no,-0.1,93.2,-42,4.153,5195.8,no
38,blue-collar,single,unknown,no,yes,no,39,no,-0.1,93.798,-40.4,4.968,5195.8,no
58,admin.,married,high.school,no,no,no,214,yes,1.4,93.444,-36.1,4.968,5228.1,no
49,admin.,married,university.degree,unknown,no,no,97,yes,1.4,93.918,-42.7,4.96,5228.1,no
45,housemaid,single,basic.9y,no,yes,no,113,no,1.4,94.465,-41.8,4.961,5228.1,no
42,management,married,high.school,unknown,no,no,179,yes,1.4,93.918,-42.7,4.961,5228.1,no
31,technician,married,high.school,no,yes,yes,232,no,-0.1,93.2,-42,4.076,5195.8,no
45,blue-collar,married,basic.9y,unknown,no,yes,145,yes,1.1,93.994,-36.4,4.859,5191,no
24,student,single,professional.course,no,no,no,180,yes,-3.4,92.649,-30.1,0.722,5017.5,no
37,services,divorced,high.school,no,yes,no,42,no,1.4,94.465,-41.8,4.961,5228.1,no
27,admin.,married,high.school,unknown,no,yes,318,yes,1.1,93.994,-36.4,4.856,5191,no
48,technician,married,professional.course,no,no,yes,266,no,1.4,93.918,-42.7,4.963,5228.1,no
46,admin.,married,high.school,no,yes,no,308,yes,-0.1,93.2,-42,4.076,5195.8,no
57,retired,married,basic.4y,unknown,yes,no,57,unknown,1.4,93.444,-36.1,4.964,5228.1,no
56,technician,married,basic.4y,no,yes,no,143,no,1.1,93.994,-36.4,4.857,5191,no
33,self-employed,single,professional.course,no,yes,no,85,yes,1.4,93.918,-42.7,4.962,5228.1,no
42,blue-collar,married,basic.9y,no,yes,yes,63,yes,-1.8,92.893,-46.2,1.344,5099.1,no
53,entrepreneur,married,basic.4y,unknown,yes,no,150,no,1.4,93.444,-36.1,4.963,5228.1,no
54,blue-collar,married,basic.9y,no,no,no,258,no,-2.9,92.963,-40.8,1.268,5076.2,yes
28,technician,single,high.school,no,yes,no,166,no,1.4,93.918,-42.7,4.961,5228.1,no
38,technician,married,high.school,no,no,no,100,no,1.4,93.444,-36.1,4.965,5228.1,no
45,technician,married,basic.9y,unknown,no,no,174,no,-0.1,93.2,-42,4.021,5195.8,no
30,technician,single,university.degree,no,no,no,327,yes,-1.1,94.199,-37.5,0.879,4963.6,yes
55,technician,married,professional.course,no,yes,no,182,yes,-3.4,92.431,-26.9,0.742,5017.5,no
45,technician,married,professional.course,no,no,no,158,no,1.4,93.918,-42.7,4.963,5228.1,no
25,admin.,single,high.school,no,yes,no,418,yes,1.4,93.918,-42.7,4.963,5228.1,no
54,management,married,high.school,no,no,no,725,yes,1.4,93.444,-36.1,4.963,5228.1,no
43,blue-collar,single,basic.4y,unknown,yes,no,181,no,1.1,93.994,-36.4,4.857,5191,no
28,technician,single,university.degree,no,yes,no,120,yes,-1.8,92.843,-50,1.811,5099.1,yes
33,blue-collar,married,basic.9y,no,yes,no,244,yes,-0.1,93.2,-42,4.12,5195.8,no
48,admin.,divorced,university.degree,no,no,no,94,no,1.4,94.465,-41.8,4.967,5228.1,no
36,technician,married,high.school,no,no,no,128,yes,1.4,94.465,-41.8,4.961,5228.1,no
38,services,single,high.school,no,no,no,256,yes,-1.1,94.199,-37.5,0.878,4963.6,yes
42,admin.,divorced,university.degree,no,yes,yes,153,yes,1.4,93.444,-36.1,4.963,5228.1,no
24,admin.,single,university.degree,no,yes,no,393,yes,-1.8,93.075,-47.1,1.405,5099.1,no
33,admin.,single,university.degree,no,yes,yes,44,yes,1.4,93.444,-36.1,4.962,5228.1,no
34,entrepreneur,married,basic.4y,no,no,no,75,yes,1.1,93.994,-36.4,4.859,5191,no
56,blue-collar,married,basic.4y,unknown,yes,no,400,yes,1.1,93.994,-36.4,4.855,5191,no
52,technician,married,university.degree,no,no,no,211,yes,-1.8,93.876,-40,0.677,5008.7,yes
29,admin.,married,high.school,no,yes,no,106,no,-1.8,92.893,-46.2,1.299,5099.1,no
54,technician,married,professional.course,no,no,no,796,no,1.4,93.918,-42.7,4.962,5228.1,no
43,blue-collar,married,basic.9y,no,no,no,246,no,1.4,94.465,-41.8,4.866,5228.1,no
60,retired,married,high.school,no,no,no,181,no,-1.8,93.876,-40,0.699,5008.7,yes
49,admin.,divorced,high.school,no,no,no,602,yes,1.4,93.918,-42.7,4.958,5228.1,no
51,admin.,divorced,university.degree,unknown,no,no,59,yes,1.4,93.444,-36.1,4.963,5228.1,no
34,admin.,married,university.degree,no,yes,no,351,yes,-1.8,92.893,-46.2,1.299,5099.1,no
32,admin.,married,basic.9y,no,no,no,77,yes,1.4,93.918,-42.7,4.962,5228.1,no
31,services,single,basic.9y,no,unknown,unknown,429,yes,-1.8,93.876,-40,0.695,5008.7,no
54,retired,divorced,university.degree,no,no,no,296,yes,-0.1,93.2,-42,4.021,5195.8,no
31,admin.,single,high.school,unknown,no,no,90,no,1.4,93.918,-42.7,4.962,5228.1,no
35,services,married,high.school,no,yes,no,104,no,-1.8,92.893,-46.2,1.313,5099.1,no
44,services,married,basic.9y,no,yes,no,109,no,1.1,93.994,-36.4,4.864,5191,no
63,retired,married,professional.course,no,no,no,83,yes,-3,92.713,-33,0.706,5023.5,no
28,technician,married,university.degree,no,yes,yes,175,yes,-1.8,92.893,-46.2,1.266,5099.1,no
56,management,married,basic.4y,unknown,yes,no,122,no,1.4,93.918,-42.7,4.961,5228.1,no
31,services,married,high.school,no,yes,no,32,yes,-1.8,92.893,-46.2,1.244,5099.1,no
33,management,married,university.degree,no,no,no,405,yes,1.1,93.994,-36.4,4.857,5191,no
25,admin.,single,university.degree,no,no,no,835,yes,1.4,93.918,-42.7,4.957,5228.1,no
44,admin.,divorced,university.degree,no,yes,yes,130,yes,-2.9,92.963,-40.8,1.262,5076.2,no
54,technician,married,university.degree,no,yes,no,252,unknown,1.4,93.444,-36.1,4.964,5228.1,no
32,housemaid,married,basic.6y,unknown,no,no,19,yes,1.4,94.465,-41.8,4.866,5228.1,no
54,housemaid,married,professional.course,no,yes,no,152,no,1.4,94.465,-41.8,4.961,5228.1,no
32,technician,married,professional.course,no,no,no,158,yes,-1.8,92.893,-46.2,1.313,5099.1,no
46,admin.,married,high.school,no,no,no,243,yes,-1.8,93.075,-47.1,1.365,5099.1,no
57,retired,divorced,professional.course,no,no,no,203,yes,1.4,94.465,-41.8,4.962,5228.1,no
30,technician,single,professional.course,no,no,no,214,yes,-0.1,93.2,-42,4.076,5195.8,no
54,management,married,university.degree,no,yes,no,281,yes,1.4,93.918,-42.7,4.962,5228.1,no
48,self-employed,married,university.degree,no,yes,no,141,yes,-0.1,93.2,-42,4.153,5195.8,no
28,services,married,high.school,no,no,no,171,yes,1.4,93.918,-42.7,4.962,5228.1,no
37,admin.,married,university.degree,no,yes,no,386,yes,-0.1,93.2,-42,4.191,5195.8,no
40,technician,married,basic.9y,no,no,no,319,no,-0.1,93.2,-42,4.12,5195.8,no
28,technician,married,university.degree,no,yes,no,402,no,-1.8,92.893,-46.2,1.327,5099.1,no
41,blue-collar,married,basic.9y,no,no,no,95,no,1.4,94.465,-41.8,4.865,5228.1,no
27,student,single,high.school,unknown,no,no,471,no,1.4,94.465,-41.8,4.967,5228.1,no
45,admin.,married,professional.course,no,no,no,49,yes,1.4,93.918,-42.7,4.962,5228.1,no
45,management,married,basic.9y,unknown,yes,no,305,yes,-1.8,92.893,-46.2,1.299,5099.1,no
43,blue-collar,married,basic.6y,no,yes,no,169,yes,1.4,94.465,-41.8,4.961,5228.1,no
35,housemaid,married,basic.4y,no,yes,no,87,yes,1.4,93.444,-36.1,4.965,5228.1,no
36,blue-collar,single,basic.4y,no,yes,no,279,yes,-1.8,92.893,-46.2,1.266,5099.1,no
47,blue-collar,married,basic.6y,unknown,yes,no,472,yes,-1.8,92.893,-46.2,1.299,5099.1,no
57,admin.,married,university.degree,no,no,yes,231,no,1.4,93.918,-42.7,4.962,5228.1,no
27,self-employed,married,university.degree,no,no,no,215,no,1.4,93.918,-42.7,4.963,5228.1,no
64,retired,married,unknown,no,no,no,252,no,-2.9,92.201,-31.4,0.849,5076.2,yes
29,management,single,university.degree,no,no,no,118,yes,1.1,93.994,-36.4,4.855,5191,no
45,management,married,university.degree,unknown,no,no,225,yes,1.4,93.918,-42.7,4.957,5228.1,no
26,blue-collar,single,high.school,unknown,no,no,314,no,-1.8,92.893,-46.2,1.299,5099.1,no
54,services,married,high.school,no,yes,no,184,yes,1.4,94.465,-41.8,4.864,5228.1,no
29,admin.,single,basic.9y,unknown,yes,no,83,yes,1.1,93.994,-36.4,4.858,5191,no
39,admin.,married,high.school,no,no,no,726,yes,1.1,93.994,-36.4,4.859,5191,no
46,blue-collar,married,basic.4y,unknown,no,yes,89,yes,1.4,94.465,-41.8,4.961,5228.1,no
44,technician,married,professional.course,unknown,no,yes,203,unknown,1.1,93.994,-36.4,4.855,5191,no
36,blue-collar,married,basic.9y,no,yes,no,320,no,-3.4,92.649,-30.1,0.715,5017.5,no
59,admin.,married,high.school,no,yes,no,1019,yes,-2.9,92.201,-31.4,0.884,5076.2,yes
56,technician,married,university.degree,no,no,yes,69,yes,1.4,94.465,-41.8,4.865,5228.1,no
33,unemployed,married,high.school,unknown,yes,no,590,no,1.4,93.918,-42.7,4.963,5228.1,no
51,technician,divorced,professional.course,no,no,yes,50,no,1.4,93.444,-36.1,4.966,5228.1,no
59,blue-collar,married,basic.4y,no,yes,no,258,yes,1.4,93.444,-36.1,4.963,5228.1,no
31,services,married,basic.9y,no,yes,no,537,yes,1.4,93.918,-42.7,4.962,5228.1,yes
46,technician,married,professional.course,unknown,no,no,235,no,1.4,93.444,-36.1,4.963,5228.1,no
21,blue-collar,married,basic.9y,no,no,yes,89,no,1.4,93.918,-42.7,4.963,5228.1,no
33,technician,single,professional.course,no,yes,no,90,yes,1.4,93.444,-36.1,4.967,5228.1,no
46,entrepreneur,single,university.degree,no,no,no,89,no,-1.8,93.075,-47.1,1.405,5099.1,no
24,blue-collar,single,unknown,no,no,no,39,no,1.4,93.918,-42.7,4.961,5228.1,no
35,technician,married,university.degree,no,no,yes,204,no,1.4,93.444,-36.1,4.966,5228.1,no
32,self-employed,single,university.degree,no,yes,no,205,yes,-3,92.713,-33,0.706,5023.5,yes
35,services,married,high.school,no,yes,no,36,yes,-1.8,93.075,-47.1,1.405,5099.1,no
32,self-employed,single,university.degree,no,yes,no,66,yes,-1.8,92.893,-46.2,1.299,5099.1,no
34,technician,married,professional.course,no,yes,no,157,yes,-1.1,94.199,-37.5,0.879,4963.6,no
47,blue-collar,married,basic.6y,unknown,yes,no,208,yes,-1.8,92.893,-46.2,1.299,5099.1,no
60,retired,divorced,high.school,no,no,no,99,no,-3.4,92.379,-29.8,0.768,5017.5,no
43,services,divorced,high.school,no,no,no,388,yes,1.4,93.918,-42.7,4.962,5228.1,no
58,technician,married,basic.4y,no,yes,no,88,no,-3.4,92.431,-26.9,0.74,5017.5,no
31,admin.,single,university.degree,no,yes,no,114,yes,-0.1,93.2,-42,4.076,5195.8,no
38,blue-collar,single,basic.4y,no,no,no,121,yes,-1.8,92.893,-46.2,1.266,5099.1,no
35,management,married,university.degree,no,no,no,304,yes,-1.8,92.893,-46.2,1.327,5099.1,no
34,services,married,basic.9y,unknown,yes,no,80,yes,1.4,93.918,-42.7,4.96,5228.1,no
31,admin.,single,high.school,no,no,no,75,yes,1.4,93.918,-42.7,4.962,5228.1,no
30,self-employed,married,professional.course,no,yes,no,329,no,-0.1,93.2,-42,4.076,5195.8,no
49,management,divorced,high.school,unknown,no,no,124,yes,1.1,93.994,-36.4,4.857,5191,no
41,services,married,high.school,no,yes,no,59,yes,1.1,93.994,-36.4,4.857,5191,no
53,blue-collar,married,basic.4y,no,yes,no,180,no,-0.1,93.2,-42,4.021,5195.8,no
45,housemaid,married,basic.4y,unknown,yes,no,83,no,1.1,93.994,-36.4,4.856,5191,no
58,retired,married,basic.4y,no,yes,no,159,yes,1.4,94.465,-41.8,4.864,5228.1,no
46,technician,married,basic.9y,unknown,no,no,81,no,1.1,93.994,-36.4,4.864,5191,no
56,services,divorced,high.school,unknown,yes,no,144,no,-1.8,93.075,-47.1,1.41,5099.1,no
28,self-employed,single,university.degree,no,yes,no,186,yes,-1.8,92.843,-50,1.64,5099.1,no
38,blue-collar,married,basic.9y,no,no,yes,159,no,-1.8,92.893,-46.2,1.299,5099.1,no
32,technician,single,professional.course,no,yes,no,97,no,-1.8,92.893,-46.2,1.334,5099.1,no
36,admin.,married,university.degree,no,no,no,174,no,-2.9,92.963,-40.8,1.266,5076.2,yes
27,blue-collar,married,basic.9y,no,yes,yes,152,yes,1.1,93.994,-36.4,4.857,5191,no
46,management,married,basic.9y,no,yes,no,996,yes,-0.1,93.2,-42,4.021,5195.8,no
40,admin.,married,university.degree,no,no,no,815,no,-1.8,93.075,-47.1,1.365,5099.1,yes
31,technician,married,professional.course,no,yes,no,208,yes,-1.7,94.055,-39.8,0.723,4991.6,yes
45,admin.,married,university.degree,no,yes,yes,300,no,-1.8,92.893,-46.2,1.25,5099.1,no
49,self-employed,married,high.school,no,no,no,532,yes,-1.8,92.893,-46.2,1.25,5099.1,yes
52,self-employed,married,university.degree,no,no,no,31,no,1.1,93.994,-36.4,4.857,5191,no
53,admin.,divorced,high.school,no,yes,no,70,yes,-2.9,92.963,-40.8,1.266,5076.2,no
26,services,single,high.school,no,unknown,unknown,588,yes,1.4,93.918,-42.7,4.963,5228.1,no
48,services,single,high.school,no,yes,no,267,no,-1.8,93.075,-47.1,1.405,5099.1,no
32,technician,married,professional.course,no,no,no,805,no,1.4,94.465,-41.8,4.866,5228.1,no
34,blue-collar,single,basic.9y,no,no,no,127,no,-0.1,93.2,-42,4.12,5195.8,no
35,technician,married,professional.course,no,no,no,159,no,1.4,94.465,-41.8,4.961,5228.1,no
38,student,single,university.degree,no,no,no,619,yes,1.1,93.994,-36.4,4.86,5191,no
53,technician,single,professional.course,no,yes,no,1468,yes,-0.1,93.2,-42,4.12,5195.8,yes
44,technician,divorced,professional.course,no,no,no,112,no,1.4,94.465,-41.8,4.958,5228.1,no
53,admin.,divorced,high.school,no,yes,no,159,yes,-2.9,92.201,-31.4,0.838,5076.2,no
39,management,single,basic.9y,no,yes,no,125,no,-0.1,93.2,-42,4.191,5195.8,no
38,entrepreneur,married,basic.9y,no,no,no,166,yes,-0.1,93.2,-42,4.076,5195.8,no
33,services,married,high.school,no,yes,no,274,yes,-1.7,94.055,-39.8,0.767,4991.6,yes
37,technician,married,high.school,unknown,yes,no,69,no,1.4,93.444,-36.1,4.966,5228.1,no
29,technician,single,university.degree,no,yes,yes,225,yes,1.4,93.444,-36.1,4.967,5228.1,no
33,unemployed,single,university.degree,no,no,no,126,no,1.4,93.444,-36.1,4.962,5228.1,no
33,admin.,single,university.degree,no,no,no,406,yes,-1.8,92.843,-50,1.614,5099.1,yes
28,admin.,single,university.degree,no,no,no,317,unknown,-3.4,92.431,-26.9,0.739,5017.5,no
26,blue-collar,single,high.school,no,no,yes,111,no,1.4,93.918,-42.7,4.963,5228.1,no
35,admin.,single,university.degree,no,no,no,131,yes,1.4,93.444,-36.1,4.965,5228.1,no
46,admin.,married,university.degree,no,yes,no,193,yes,1.4,94.465,-41.8,4.967,5228.1,no
43,services,married,high.school,unknown,yes,no,99,no,1.1,93.994,-36.4,4.864,5191,no
45,admin.,single,university.degree,no,no,no,582,no,-1.8,92.893,-46.2,1.259,5099.1,yes
50,technician,married,high.school,no,no,no,224,no,1.1,93.994,-36.4,4.856,5191,no
42,blue-collar,married,basic.4y,no,no,no,378,no,1.4,93.918,-42.7,4.96,5228.1,no
28,student,single,professional.course,no,no,no,168,no,1.4,94.465,-41.8,4.959,5228.1,no
36,admin.,divorced,high.school,no,no,yes,263,yes,1.4,93.444,-36.1,4.964,5228.1,no
28,blue-collar,married,basic.4y,no,no,no,149,yes,1.4,94.465,-41.8,4.961,5228.1,no
49,housemaid,married,basic.4y,unknown,no,yes,801,no,1.1,93.994,-36.4,4.858,5191,yes
25,blue-collar,married,high.school,no,no,no,217,yes,1.1,93.994,-36.4,4.857,5191,no
43,management,married,unknown,no,no,yes,86,yes,1.4,93.918,-42.7,4.96,5228.1,no
36,housemaid,married,basic.6y,no,yes,no,60,no,1.1,93.994,-36.4,4.864,5191,no
34,technician,divorced,unknown,no,yes,no,420,yes,1.4,93.918,-42.7,4.968,5228.1,no
34,admin.,married,university.degree,no,no,no,145,yes,1.4,93.918,-42.7,4.962,5228.1,no
56,management,divorced,university.degree,no,no,no,252,no,1.4,94.465,-41.8,4.865,5228.1,no
34,management,married,university.degree,no,yes,no,96,yes,-0.1,93.2,-42,4.12,5195.8,no
28,blue-collar,married,basic.6y,unknown,yes,no,273,yes,1.4,94.465,-41.8,4.96,5228.1,no
52,technician,married,university.degree,unknown,no,no,10,yes,1.4,94.465,-41.8,4.959,5228.1,no
38,admin.,married,high.school,no,unknown,unknown,309,yes,-0.1,93.2,-42,4.076,5195.8,no
32,admin.,single,university.degree,no,no,no,24,yes,-1.8,92.893,-46.2,1.25,5099.1,no
55,admin.,married,university.degree,unknown,no,no,96,yes,1.4,93.444,-36.1,4.964,5228.1,no
33,technician,married,professional.course,no,no,no,189,yes,-2.9,92.963,-40.8,1.262,5076.2,no
33,blue-collar,divorced,basic.6y,unknown,yes,no,365,yes,1.1,93.994,-36.4,4.855,5191,no
48,blue-collar,married,basic.4y,no,no,no,63,no,1.4,94.465,-41.8,4.959,5228.1,no
36,management,married,university.degree,no,yes,yes,90,no,1.4,93.918,-42.7,4.962,5228.1,no
33,admin.,married,basic.9y,no,no,no,198,no,1.1,93.994,-36.4,4.857,5191,no
40,blue-collar,married,basic.9y,no,no,no,231,no,1.4,94.465,-41.8,4.959,5228.1,no
29,management,married,university.degree,no,no,no,83,yes,-0.1,93.2,-42,4.021,5195.8,no
55,management,married,university.degree,no,yes,no,52,yes,1.4,93.444,-36.1,4.964,5228.1,no
53,admin.,married,professional.course,no,yes,no,233,yes,1.1,93.994,-36.4,4.857,5191,no
28,blue-collar,single,basic.9y,no,no,no,156,yes,-1.8,92.893,-46.2,1.266,5099.1,no
30,blue-collar,single,basic.4y,unknown,no,no,130,yes,1.1,93.994,-36.4,4.864,5191,no
38,technician,married,university.degree,no,yes,yes,150,yes,1.4,93.918,-42.7,4.963,5228.1,no
32,admin.,single,university.degree,no,no,no,79,no,1.4,93.918,-42.7,4.962,5228.1,no
55,technician,married,professional.course,no,no,no,113,no,1.1,93.994,-36.4,4.857,5191,no
40,technician,single,high.school,no,no,no,151,no,1.1,93.994,-36.4,4.856,5191,no
33,services,married,high.school,no,yes,yes,69,yes,-0.1,93.2,-42,4.12,5195.8,no
33,admin.,married,university.degree,no,no,no,384,yes,1.4,93.918,-42.7,4.957,5228.1,no
48,blue-collar,married,basic.4y,no,yes,no,477,no,-1.8,92.893,-46.2,1.334,5099.1,no
57,services,married,high.school,no,yes,no,113,yes,-1.8,93.075,-47.1,1.405,5099.1,no
46,services,married,university.degree,no,no,no,246,yes,1.4,93.444,-36.1,4.966,5228.1,no
52,technician,married,professional.course,no,yes,no,495,yes,-3.4,92.649,-30.1,0.714,5017.5,yes
32,services,single,high.school,no,yes,yes,253,yes,-2.9,92.201,-31.4,0.884,5076.2,yes
27,admin.,single,university.degree,no,no,no,96,unknown,-2.9,92.963,-40.8,1.268,5076.2,no
41,admin.,married,university.degree,no,no,no,463,no,-1.8,93.075,-47.1,1.453,5099.1,yes
38,technician,divorced,professional.course,no,yes,no,130,yes,1.4,93.444,-36.1,4.966,5228.1,no
31,admin.,single,university.degree,no,yes,no,237,yes,1.4,94.465,-41.8,4.866,5228.1,no
33,admin.,single,university.degree,no,yes,no,320,no,-1.8,92.893,-46.2,1.327,5099.1,no
27,services,married,professional.course,no,no,no,395,no,1.1,93.994,-36.4,4.857,5191,no
43,blue-collar,married,basic.9y,no,yes,no,83,yes,-1.8,92.893,-46.2,1.327,5099.1,no
36,admin.,married,high.school,no,no,no,91,yes,1.4,93.444,-36.1,4.963,5228.1,no
38,technician,married,university.degree,no,yes,no,814,no,-1.8,92.893,-46.2,1.334,5099.1,no
50,entrepreneur,married,basic.9y,no,no,no,59,no,-0.1,93.2,-42,4.153,5195.8,no
54,technician,married,university.degree,no,yes,no,464,yes,1.1,93.994,-36.4,4.856,5191,no
72,retired,divorced,basic.4y,no,no,no,152,no,-2.9,92.201,-31.4,0.861,5076.2,no
48,admin.,divorced,basic.4y,no,yes,no,227,no,-1.8,92.893,-46.2,1.299,5099.1,no
54,entrepreneur,married,university.degree,unknown,no,no,100,no,1.4,94.465,-41.8,4.96,5228.1,no
31,management,married,university.degree,no,no,yes,166,yes,1.4,93.444,-36.1,4.963,5228.1,no
50,self-employed,married,basic.9y,no,yes,yes,673,yes,-1.8,92.893,-46.2,1.354,5099.1,yes
40,blue-collar,married,basic.9y,no,yes,no,154,yes,1.4,94.465,-41.8,4.865,5228.1,no
29,services,single,high.school,no,yes,no,171,yes,-0.1,93.2,-42,4.021,5195.8,no
68,retired,married,basic.4y,no,no,no,201,yes,-3.4,92.379,-29.8,0.788,5017.5,no
47,admin.,single,university.degree,no,no,no,108,no,1.4,93.918,-42.7,4.961,5228.1,no
30,services,single,high.school,no,no,no,66,yes,1.1,93.994,-36.4,4.855,5191,no
34,admin.,married,university.degree,no,no,no,198,no,1.4,93.918,-42.7,4.957,5228.1,no
52,technician,married,high.school,unknown,no,no,68,yes,1.1,93.994,-36.4,4.858,5191,no
30,admin.,married,university.degree,unknown,yes,no,157,yes,-0.1,93.2,-42,4.076,5195.8,no
37,admin.,single,university.degree,no,no,no,89,yes,1.4,93.444,-36.1,4.966,5228.1,no
32,admin.,married,university.degree,no,yes,yes,384,yes,-2.9,92.963,-40.8,1.262,5076.2,yes
43,blue-collar,married,basic.6y,no,no,no,36,yes,-1.8,92.893,-46.2,1.313,5099.1,no
31,admin.,married,high.school,no,no,no,350,no,1.1,93.994,-36.4,4.857,5191,no
29,technician,single,unknown,no,yes,yes,326,yes,-2.9,92.469,-33.6,0.996,5076.2,no
34,admin.,single,high.school,no,yes,no,122,yes,1.4,94.465,-41.8,4.967,5228.1,no
47,self-employed,married,university.degree,no,yes,no,146,no,1.4,93.444,-36.1,4.965,5228.1,no
38,technician,divorced,professional.course,no,no,no,7,no,1.4,93.444,-36.1,4.962,5228.1,no
42,technician,married,professional.course,no,yes,no,154,yes,1.4,93.918,-42.7,4.962,5228.1,no
33,services,married,professional.course,no,yes,yes,630,no,1.4,93.918,-42.7,4.968,5228.1,yes
55,management,single,basic.4y,no,yes,no,89,no,1.4,94.465,-41.8,4.962,5228.1,no
46,services,married,high.school,no,no,no,124,yes,-1.8,93.075,-47.1,1.405,5099.1,no
50,blue-collar,married,basic.4y,unknown,yes,no,152,no,1.1,93.994,-36.4,4.857,5191,no
34,blue-collar,married,basic.6y,no,yes,yes,549,no,1.4,94.465,-41.8,4.961,5228.1,no
34,blue-collar,married,basic.9y,no,no,no,52,no,-1.8,92.893,-46.2,1.344,5099.1,no
26,blue-collar,single,high.school,no,no,no,201,yes,-3.4,92.649,-30.1,0.714,5017.5,no
34,blue-collar,married,basic.4y,no,no,no,252,yes,1.4,93.918,-42.7,4.962,5228.1,no
30,technician,divorced,high.school,no,yes,yes,131,no,1.4,94.465,-41.8,4.961,5228.1,no
27,technician,single,professional.course,no,no,no,234,yes,1.4,93.918,-42.7,4.958,5228.1,no
38,technician,married,professional.course,no,yes,no,119,no,1.4,93.444,-36.1,4.963,5228.1,no
45,technician,married,university.degree,no,yes,no,240,yes,1.1,93.994,-36.4,4.857,5191,no
50,management,married,university.degree,no,yes,no,281,no,1.1,93.994,-36.4,4.856,5191,no
31,housemaid,married,basic.4y,no,no,no,172,yes,1.4,93.444,-36.1,4.966,5228.1,no
29,admin.,single,university.degree,no,yes,no,73,yes,1.4,93.918,-42.7,4.957,5228.1,no
41,blue-collar,married,basic.6y,unknown,yes,no,160,no,1.1,93.994,-36.4,4.859,5191,no
45,technician,married,university.degree,unknown,yes,no,122,no,1.1,93.994,-36.4,4.856,5191,no
32,management,divorced,university.degree,no,yes,yes,160,no,-1.8,92.893,-46.2,1.344,5099.1,no
38,admin.,married,basic.6y,no,no,yes,204,no,-0.1,93.2,-42,4.191,5195.8,no
52,entrepreneur,married,basic.9y,no,unknown,unknown,147,yes,-0.1,93.2,-42,4.191,5195.8,no
37,services,married,high.school,no,yes,no,200,yes,-2.9,92.963,-40.8,1.26,5076.2,no
33,technician,single,high.school,no,no,no,124,no,-1.8,93.075,-47.1,1.405,5099.1,no
57,technician,married,high.school,no,no,yes,161,yes,-1.8,92.893,-46.2,1.299,5099.1,no
33,services,single,high.school,no,no,no,702,no,1.1,93.994,-36.4,4.857,5191,no
41,blue-collar,married,basic.9y,no,no,yes,327,yes,1.4,94.465,-41.8,4.866,5228.1,no
31,services,single,university.degree,no,yes,no,163,yes,-1.8,92.893,-46.2,1.266,5099.1,no
49,blue-collar,married,professional.course,unknown,no,no,144,no,1.1,93.994,-36.4,4.857,5191,no
35,technician,married,professional.course,no,yes,no,16,yes,-1.8,92.893,-46.2,1.266,5099.1,no
55,housemaid,married,basic.4y,no,yes,no,14,no,1.1,93.994,-36.4,4.855,5191,no
42,retired,divorced,illiterate,no,no,no,146,yes,-2.9,92.201,-31.4,0.834,5076.2,no
29,entrepreneur,single,university.degree,no,no,no,758,unknown,-1.8,93.075,-47.1,1.405,5099.1,no
51,admin.,married,basic.6y,unknown,yes,no,531,no,1.1,93.994,-36.4,4.857,5191,no
35,admin.,single,university.degree,no,yes,no,77,yes,1.4,93.918,-42.7,4.962,5228.1,no
45,entrepreneur,married,high.school,no,no,no,623,yes,-0.1,93.2,-42,4.191,5195.8,no
41,admin.,married,university.degree,no,no,no,12,no,1.4,93.444,-36.1,4.962,5228.1,no
44,technician,divorced,professional.course,no,yes,no,121,no,1.4,93.918,-42.7,4.961,5228.1,no
66,unknown,married,basic.4y,no,yes,yes,110,no,-1.8,92.893,-46.2,1.27,5099.1,no
39,admin.,married,university.degree,no,unknown,unknown,198,no,-1.8,93.075,-47.1,1.405,5099.1,no
47,technician,married,professional.course,no,yes,no,170,no,1.1,93.994,-36.4,4.857,5191,no
42,admin.,married,university.degree,no,no,no,273,yes,1.4,93.444,-36.1,4.964,5228.1,no
25,student,single,university.degree,no,no,no,184,yes,-2.9,92.201,-31.4,0.851,5076.2,yes
58,technician,married,university.degree,unknown,yes,no,160,no,-2.9,92.469,-33.6,1.072,5076.2,no
71,housemaid,married,basic.4y,no,yes,no,193,yes,-3.4,92.649,-30.1,0.715,5017.5,yes
48,admin.,single,professional.course,no,yes,no,530,yes,-0.1,93.2,-42,4.12,5195.8,no
30,unemployed,married,professional.course,no,yes,no,194,no,-2.9,92.963,-40.8,1.262,5076.2,no
24,technician,single,professional.course,no,yes,no,200,yes,-1.8,93.075,-47.1,1.405,5099.1,no
27,admin.,single,university.degree,no,yes,no,156,yes,-1.8,93.075,-47.1,1.405,5099.1,yes
45,admin.,divorced,high.school,no,yes,no,980,no,-0.1,93.2,-42,4.021,5195.8,yes
29,unemployed,married,basic.4y,no,no,no,805,yes,-3,92.713,-33,0.714,5023.5,yes
26,student,single,professional.course,no,yes,no,176,yes,-2.9,92.201,-31.4,0.883,5076.2,yes
36,blue-collar,married,basic.6y,unknown,no,no,378,yes,1.1,93.994,-36.4,4.857,5191,no
54,blue-collar,married,basic.6y,unknown,no,no,300,yes,-0.1,93.2,-42,4.12,5195.8,no
54,unemployed,married,high.school,no,yes,no,346,yes,-3,92.713,-33,0.721,5023.5,yes
42,admin.,married,basic.6y,no,yes,no,300,yes,1.4,94.465,-41.8,4.962,5228.1,no
49,services,married,basic.6y,no,no,yes,383,yes,-1.8,93.075,-47.1,1.479,5099.1,no
28,technician,single,professional.course,no,yes,no,1195,yes,1.4,94.465,-41.8,4.962,5228.1,no
52,technician,married,basic.9y,no,yes,no,208,no,1.1,93.994,-36.4,4.86,5191,no
26,admin.,single,university.degree,no,yes,no,400,no,-1.8,92.893,-46.2,1.266,5099.1,no
54,management,married,basic.6y,no,yes,no,616,no,-0.1,93.2,-42,4.12,5195.8,no
58,retired,married,basic.4y,no,no,no,81,no,1.4,93.918,-42.7,4.961,5228.1,no
28,blue-collar,married,basic.9y,no,no,yes,478,yes,1.1,93.994,-36.4,4.857,5191,no
32,technician,single,professional.course,no,yes,no,107,yes,-2.9,92.201,-31.4,0.881,5076.2,no
48,technician,married,university.degree,unknown,yes,no,409,yes,1.4,93.444,-36.1,4.968,5228.1,no
28,admin.,single,high.school,no,no,no,491,yes,-2.9,92.963,-40.8,1.26,5076.2,yes
37,admin.,married,university.degree,no,yes,no,145,yes,-2.9,92.963,-40.8,1.268,5076.2,no
31,admin.,single,professional.course,no,no,no,173,yes,1.4,93.918,-42.7,4.962,5228.1,no
41,blue-collar,married,unknown,unknown,yes,no,50,no,-1.8,93.075,-47.1,1.405,5099.1,no
52,services,married,basic.9y,unknown,no,no,80,no,1.1,93.994,-36.4,4.86,5191,no
35,technician,divorced,professional.course,no,no,yes,102,no,1.1,93.994,-36.4,4.855,5191,no
40,services,single,high.school,no,no,no,275,yes,-1.8,93.075,-47.1,1.466,5099.1,no
32,technician,married,university.degree,no,yes,no,562,yes,1.4,94.465,-41.8,4.967,5228.1,no
24,services,single,high.school,no,no,yes,91,no,-1.8,92.893,-46.2,1.266,5099.1,no
39,management,married,university.degree,no,yes,no,291,yes,-1.1,94.199,-37.5,0.884,4963.6,yes
73,retired,married,basic.4y,no,yes,no,209,yes,-1.8,93.369,-34.8,0.646,5008.7,no
28,technician,married,professional.course,no,no,no,261,yes,1.4,93.918,-42.7,4.961,5228.1,no
29,management,single,university.degree,no,no,yes,264,yes,1.4,93.444,-36.1,4.963,5228.1,no
43,blue-collar,married,basic.4y,no,yes,no,128,unknown,-1.8,92.893,-46.2,1.244,5099.1,no
31,technician,single,professional.course,no,yes,no,207,no,-0.1,93.2,-42,4.076,5195.8,no
41,admin.,married,university.degree,unknown,yes,no,121,yes,-1.8,92.893,-46.2,1.244,5099.1,no
61,retired,divorced,university.degree,no,yes,no,118,yes,-1.8,93.075,-47.1,1.384,5099.1,no
30,blue-collar,married,basic.9y,no,no,yes,173,no,1.4,93.918,-42.7,4.962,5228.1,no
50,management,single,university.degree,no,yes,no,600,no,-0.1,93.2,-42,4.153,5195.8,no
30,management,single,university.degree,no,no,no,244,yes,-1.8,93.075,-47.1,1.415,5099.1,no
43,blue-collar,married,basic.6y,no,yes,no,458,yes,-2.9,92.963,-40.8,1.281,5076.2,yes
32,student,married,high.school,no,yes,no,87,no,-3,92.713,-33,0.715,5023.5,no
47,blue-collar,divorced,basic.9y,no,yes,no,504,no,1.4,93.918,-42.7,4.958,5228.1,no
43,admin.,married,university.degree,no,no,yes,161,yes,-2.9,92.201,-31.4,0.838,5076.2,no
34,technician,married,university.degree,no,yes,no,309,no,-1.8,92.893,-46.2,1.327,5099.1,no
52,admin.,married,university.degree,no,no,yes,171,no,1.4,93.918,-42.7,4.962,5228.1,no
30,blue-collar,single,basic.9y,no,yes,yes,163,no,1.1,93.994,-36.4,4.857,5191,no
35,admin.,married,basic.9y,no,no,no,259,yes,1.1,93.994,-36.4,4.857,5191,no
39,admin.,married,university.degree,no,yes,no,175,yes,-1.8,92.893,-46.2,1.25,5099.1,no
30,admin.,single,university.degree,no,yes,no,608,yes,1.4,93.918,-42.7,4.961,5228.1,no
47,blue-collar,married,basic.4y,no,no,no,202,yes,-0.1,93.2,-42,4.12,5195.8,no
44,services,single,high.school,no,yes,no,116,yes,-0.1,93.2,-42,4.12,5195.8,no
33,admin.,single,university.degree,no,yes,no,233,no,-3.4,92.431,-26.9,0.739,5017.5,yes
43,unemployed,married,university.degree,unknown,no,no,456,yes,1.1,93.994,-36.4,4.86,5191,no
39,services,divorced,high.school,no,no,no,151,no,1.4,93.918,-42.7,4.962,5228.1,no
42,admin.,single,high.school,no,no,yes,295,yes,1.4,93.918,-42.7,4.962,5228.1,no
55,admin.,married,high.school,unknown,yes,no,139,yes,-1.8,92.893,-46.2,1.291,5099.1,no
56,services,married,high.school,no,no,yes,87,yes,1.4,93.918,-42.7,4.962,5228.1,no
66,retired,married,high.school,no,unknown,unknown,881,yes,-1.8,93.369,-34.8,0.646,5008.7,yes
30,services,single,high.school,no,yes,yes,178,yes,-1.8,92.893,-46.2,1.299,5099.1,no
34,admin.,married,university.degree,no,yes,no,37,no,1.1,93.994,-36.4,4.859,5191,no
38,technician,single,high.school,no,yes,yes,97,yes,1.4,93.444,-36.1,4.965,5228.1,no
39,blue-collar,married,basic.6y,no,yes,yes,195,yes,-1.8,92.893,-46.2,1.327,5099.1,no
27,technician,single,high.school,no,no,no,445,no,1.4,93.918,-42.7,4.962,5228.1,no
27,admin.,single,high.school,no,no,no,314,no,-1.8,93.075,-47.1,1.41,5099.1,no
35,blue-collar,married,high.school,unknown,yes,no,19,yes,-1.8,93.075,-47.1,1.405,5099.1,no
35,technician,married,professional.course,no,no,no,103,no,1.1,93.994,-36.4,4.856,5191,no
53,retired,married,high.school,no,yes,no,711,no,-0.1,93.2,-42,4.021,5195.8,no
37,management,married,university.degree,no,no,no,658,yes,-0.1,93.2,-42,4.153,5195.8,no
33,unknown,married,unknown,unknown,yes,no,247,no,1.4,94.465,-41.8,4.958,5228.1,no
54,management,divorced,university.degree,no,yes,yes,265,no,-1.8,92.893,-46.2,1.334,5099.1,no
39,services,married,basic.9y,no,yes,no,219,no,-0.1,93.2,-42,4.153,5195.8,no
45,blue-collar,married,basic.4y,unknown,yes,no,528,yes,1.4,93.444,-36.1,4.963,5228.1,no
33,admin.,married,university.degree,unknown,yes,yes,94,yes,1.4,93.444,-36.1,4.963,5228.1,no
36,self-employed,single,university.degree,no,yes,no,200,no,-0.1,93.2,-42,4.191,5195.8,no
27,student,married,high.school,no,yes,no,54,yes,-1.8,93.876,-40,0.672,5008.7,no
42,admin.,single,university.degree,unknown,yes,yes,115,no,1.4,93.918,-42.7,4.957,5228.1,no
38,management,married,university.degree,no,no,no,157,yes,1.4,93.444,-36.1,4.965,5228.1,no
44,admin.,married,university.degree,no,yes,no,25,no,1.4,94.465,-41.8,4.864,5228.1,no
23,student,single,high.school,no,no,no,361,yes,-1.8,92.893,-46.2,1.27,5099.1,no
50,blue-collar,divorced,high.school,unknown,no,yes,200,yes,1.1,93.994,-36.4,4.857,5191,no
54,technician,married,high.school,unknown,yes,yes,193,no,1.4,93.918,-42.7,4.962,5228.1,no
38,technician,divorced,professional.course,no,no,no,128,no,1.4,94.465,-41.8,4.958,5228.1,no
33,blue-collar,married,basic.9y,no,unknown,unknown,141,no,1.1,93.994,-36.4,4.856,5191,no
31,services,married,basic.9y,no,yes,no,277,no,-2.9,92.963,-40.8,1.266,5076.2,no
44,admin.,married,high.school,unknown,no,no,93,yes,1.4,93.444,-36.1,4.963,5228.1,no
26,admin.,single,high.school,no,yes,yes,668,yes,1.4,93.918,-42.7,4.962,5228.1,no
35,admin.,married,university.degree,no,yes,no,7,no,-1.1,94.199,-37.5,0.876,4963.6,no
31,services,divorced,high.school,no,yes,no,522,yes,1.4,93.918,-42.7,4.96,5228.1,no
56,admin.,married,unknown,no,yes,no,476,no,1.4,93.444,-36.1,4.965,5228.1,no
37,technician,divorced,professional.course,no,unknown,unknown,417,yes,1.4,93.444,-36.1,4.965,5228.1,no
57,technician,married,professional.course,no,yes,no,483,yes,1.1,93.994,-36.4,4.858,5191,yes
46,housemaid,married,basic.4y,no,no,no,336,no,1.1,93.994,-36.4,4.858,5191,no
49,admin.,married,basic.9y,unknown,no,yes,86,yes,1.4,93.444,-36.1,4.968,5228.1,no
74,retired,married,university.degree,no,yes,yes,232,no,-2.9,92.201,-31.4,0.854,5076.2,yes
31,blue-collar,single,basic.9y,unknown,no,yes,70,yes,1.4,93.918,-42.7,4.962,5228.1,no
38,technician,single,professional.course,unknown,yes,no,111,unknown,1.4,94.465,-41.8,4.967,5228.1,no
37,entrepreneur,married,university.degree,unknown,yes,no,1012,no,-0.1,93.2,-42,4.191,5195.8,no
56,admin.,married,basic.9y,no,no,yes,225,yes,-1.8,92.893,-46.2,1.327,5099.1,no
35,entrepreneur,single,university.degree,no,no,no,120,yes,1.4,93.918,-42.7,4.96,5228.1,no
46,admin.,married,high.school,unknown,no,no,49,no,1.4,93.444,-36.1,4.966,5228.1,no
30,blue-collar,married,basic.9y,no,no,no,348,no,1.4,94.465,-41.8,4.961,5228.1,no
40,blue-collar,single,basic.9y,no,unknown,unknown,245,no,-0.1,93.2,-42,4.12,5195.8,no
54,management,single,basic.9y,no,yes,no,224,no,1.1,93.994,-36.4,4.857,5191,no
32,blue-collar,married,basic.9y,no,no,no,296,no,-0.1,93.2,-42,4.153,5195.8,no
34,self-employed,single,university.degree,no,no,no,340,yes,-1.8,92.893,-46.2,1.281,5099.1,no
35,admin.,married,university.degree,no,yes,no,86,yes,-3.4,92.431,-26.9,0.74,5017.5,no
38,blue-collar,married,basic.4y,unknown,no,no,95,no,1.4,94.465,-41.8,4.959,5228.1,no
42,technician,divorced,high.school,no,yes,no,228,yes,-1.8,92.893,-46.2,1.281,5099.1,no
49,management,divorced,basic.6y,no,no,no,88,yes,-0.1,93.2,-42,4.076,5195.8,no
27,student,single,high.school,no,no,yes,537,no,-2.9,92.469,-33.6,1.029,5076.2,no
52,services,married,high.school,no,no,yes,38,yes,-1.8,92.893,-46.2,1.313,5099.1,no
54,retired,married,university.degree,unknown,no,no,26,yes,1.4,94.465,-41.8,4.961,5228.1,no
59,technician,married,professional.course,no,no,no,464,no,1.4,93.918,-42.7,4.962,5228.1,no
48,blue-collar,married,basic.9y,unknown,no,no,506,yes,-1.8,92.893,-46.2,1.266,5099.1,no
47,technician,married,professional.course,no,no,no,66,yes,1.4,93.918,-42.7,4.96,5228.1,no
27,services,married,university.degree,no,no,no,223,yes,-1.8,92.893,-46.2,1.266,5099.1,no
41,blue-collar,married,basic.6y,no,yes,yes,608,yes,-1.8,93.075,-47.1,1.423,5099.1,no
47,blue-collar,married,basic.4y,no,unknown,unknown,175,yes,1.4,93.918,-42.7,4.968,5228.1,no
36,services,married,high.school,no,no,yes,1590,yes,1.1,93.994,-36.4,4.857,5191,no
40,admin.,single,university.degree,no,yes,yes,190,yes,1.1,93.994,-36.4,4.857,5191,no
57,self-employed,married,basic.4y,no,yes,no,534,yes,-1.8,93.075,-47.1,1.405,5099.1,no
31,unemployed,divorced,university.degree,no,yes,yes,104,no,1.4,93.918,-42.7,4.963,5228.1,no
65,housemaid,married,basic.4y,no,no,no,145,no,-2.9,92.963,-40.8,1.266,5076.2,no
60,technician,married,university.degree,no,yes,no,11,no,1.4,93.444,-36.1,4.965,5228.1,no
53,services,married,high.school,unknown,yes,no,381,no,1.4,94.465,-41.8,4.865,5228.1,no
81,retired,married,basic.4y,no,yes,no,621,yes,-1.1,94.601,-49.5,1.016,4963.6,yes
81,retired,married,basic.4y,no,yes,no,90,yes,-1.7,94.027,-38.3,0.898,4991.6,no
47,blue-collar,divorced,basic.9y,unknown,yes,no,30,yes,1.1,93.994,-36.4,4.857,5191,no
60,admin.,married,university.degree,no,yes,no,1602,yes,-1.8,92.893,-46.2,1.354,5099.1,yes
55,management,divorced,university.degree,unknown,no,no,89,yes,-0.1,93.2,-42,4.021,5195.8,no
70,retired,married,basic.4y,unknown,no,no,122,yes,-1.1,94.601,-49.5,0.965,4963.6,no
32,blue-collar,married,professional.course,no,yes,no,757,no,-1.8,92.893,-46.2,1.25,5099.1,no
31,admin.,married,university.degree,no,yes,no,359,no,1.1,93.994,-36.4,4.86,5191,no
46,admin.,married,university.degree,no,no,no,358,no,-0.1,93.2,-42,4.076,5195.8,no
36,services,married,high.school,no,yes,no,241,yes,1.4,94.465,-41.8,4.959,5228.1,no
68,retired,married,basic.4y,unknown,yes,no,383,yes,-1.7,94.055,-39.8,0.754,4991.6,no
31,technician,single,high.school,no,yes,no,77,no,-0.1,93.2,-42,4.12,5195.8,no
52,blue-collar,married,basic.9y,unknown,yes,no,346,yes,1.1,93.994,-36.4,4.855,5191,no
58,admin.,divorced,university.degree,no,yes,no,70,yes,-0.1,93.2,-42,4.191,5195.8,no
54,blue-collar,married,basic.4y,unknown,yes,yes,351,yes,1.1,93.994,-36.4,4.858,5191,no
40,housemaid,single,university.degree,no,no,no,126,yes,1.4,94.465,-41.8,4.961,5228.1,no
44,admin.,married,university.degree,no,yes,no,413,unknown,1.1,93.994,-36.4,4.86,5191,no
42,technician,single,university.degree,no,yes,no,578,yes,1.4,93.444,-36.1,4.966,5228.1,no
30,unemployed,single,high.school,no,no,no,13,no,-1.8,92.893,-46.2,1.25,5099.1,no
42,technician,single,basic.9y,no,yes,no,99,yes,1.1,93.994,-36.4,4.857,5191,no
54,technician,married,professional.course,no,yes,yes,196,yes,1.1,93.994,-36.4,4.857,5191,no
29,admin.,married,university.degree,no,yes,no,302,yes,1.1,93.994,-36.4,4.86,5191,no
47,management,married,university.degree,no,yes,no,323,yes,-3.4,92.379,-29.8,0.771,5017.5,yes
25,admin.,single,university.degree,no,yes,yes,115,yes,-3.4,92.431,-26.9,0.739,5017.5,yes
43,blue-collar,married,basic.4y,unknown,yes,yes,593,yes,1.1,93.994,-36.4,4.857,5191,no
38,management,married,high.school,unknown,no,no,879,yes,1.1,93.994,-36.4,4.86,5191,no
30,blue-collar,single,high.school,no,no,no,71,yes,1.4,93.918,-42.7,4.956,5228.1,no
56,retired,married,basic.4y,unknown,no,no,580,no,1.4,93.918,-42.7,4.961,5228.1,no
62,blue-collar,married,basic.4y,no,yes,no,152,no,-3.4,92.649,-30.1,0.719,5017.5,no
36,admin.,single,university.degree,no,no,yes,69,no,1.4,93.444,-36.1,4.963,5228.1,no
33,services,married,high.school,no,no,no,146,no,1.1,93.994,-36.4,4.857,5191,no
41,blue-collar,divorced,basic.9y,no,no,no,102,yes,1.4,93.444,-36.1,4.963,5228.1,no
34,housemaid,single,university.degree,no,yes,no,159,yes,1.4,93.444,-36.1,4.963,5228.1,no
58,admin.,divorced,high.school,no,no,no,290,yes,1.4,93.444,-36.1,4.963,5228.1,no
41,admin.,divorced,high.school,no,no,no,620,yes,-1.8,93.075,-47.1,1.405,5099.1,no
35,entrepreneur,single,university.degree,no,yes,no,88,yes,1.4,93.918,-42.7,4.96,5228.1,no
31,blue-collar,single,basic.9y,unknown,no,yes,70,yes,1.4,94.465,-41.8,4.959,5228.1,no
43,services,married,high.school,no,no,no,77,no,1.1,93.994,-36.4,4.857,5191,no
42,technician,divorced,professional.course,no,yes,no,408,no,1.4,93.444,-36.1,4.97,5228.1,no
47,housemaid,married,basic.4y,unknown,yes,no,159,no,1.4,93.918,-42.7,4.961,5228.1,no
45,entrepreneur,divorced,basic.9y,no,yes,no,29,yes,-1.8,92.893,-46.2,1.344,5099.1,no
36,admin.,married,university.degree,unknown,yes,no,155,yes,1.4,93.444,-36.1,4.964,5228.1,no
32,admin.,married,university.degree,no,yes,no,151,no,-1.8,92.893,-46.2,1.266,5099.1,no
63,retired,married,high.school,no,no,no,1386,yes,-3.4,92.431,-26.9,0.74,5017.5,no
53,housemaid,divorced,basic.6y,unknown,unknown,unknown,85,yes,1.1,93.994,-36.4,4.855,5191,no
30,technician,married,university.degree,no,no,yes,131,yes,-1.7,94.055,-39.8,0.748,4991.6,no
31,technician,single,professional.course,no,yes,no,155,yes,-0.1,93.2,-42,4.076,5195.8,no
31,admin.,single,university.degree,no,yes,no,463,unknown,-0.1,93.2,-42,4.076,5195.8,no
30,admin.,married,basic.6y,no,yes,yes,53,no,1.4,93.918,-42.7,4.958,5228.1,no
39,admin.,married,high.school,no,yes,no,219,yes,1.4,93.918,-42.7,4.959,5228.1,no
27,student,single,high.school,no,no,no,64,yes,-1.8,92.893,-46.2,1.354,5099.1,no
58,admin.,married,high.school,no,no,no,528,no,1.4,93.444,-36.1,4.966,5228.1,no
34,management,single,high.school,no,yes,no,175,no,-0.1,93.2,-42,4.12,5195.8,no
