Date,suncor_daily_return,USOF_daily_return,USDtoCAD_daily_return,shell_daily_return,imperial_oil_daily_return,cenovus_daily_return,cnrl_daily_return
2015-01-02,0,0,0,0,0,0,0
2015-01-03,0,0,0.00005092773355,0,0,0,0
2015-01-04,0,0,0.0009336275675,0,0,0,0
2015-01-05,0,0,-0.003052658357,0,0,0,0
2015-01-06,-0.01371780515,-0.03938265035,0.006804456919,-0.01222570533,-0.01604166667,0.0008658008658,-0.02877697842
2015-01-07,0.001419244962,0.01765927978,-0.001562896004,0.01158362425,0.003387677324,-0.008650519031,-0.01975308642
2015-01-08,0.01984126984,0.009867301803,0.0007530566485,0.02023529412,0.01519307871,0.02617801047,0.02833753149
2015-01-09,-0.01028349083,-0.01455525606,0.002857770939,-0.01260762608,-0.004780710871,0.0106292517,0.002449479486
2015-01-10,0,0,0.0002360638047,0,0,0,0
2015-01-11,0,0,-0.001660485502,0,0,0,0
2015-01-12,0,0,0.01044384219,0,0,0,0
2015-01-13,0.01427738928,0.01206203331,-0.001128008021,0.0007945336088,-0.01058667843,-0.01129943503,0.003821656051
2015-01-14,0.001723642631,0.03688989784,-0.0006273788113,-0.010955859,0.006464556398,0.02505494505,0.02538071066
2015-01-15,-0.01864066533,-0.04488232074,0.0009207332385,0.003531867073,-0.004651162791,-0.01072041166,-0.003094059406
2015-01-16,0.0520163647,0.05042979943,0.001881585549,0.03007518797,0.05540720961,0.06805374946,0.08752327747
2015-01-17,0,0,0.0002921413964,0,0,0,0
2015-01-18,0,0,-0.001143190921,0,0,0,0
2015-01-19,0,0,-0.001278163455,0,0,0,0
2015-01-20,-0.01744022504,0,0.01322459222,0,-0.0140419097,-0.02100840336,-0.006478209658
2015-01-21,0.04208416834,0.01659038902,0.0190454962,0.01594674098,0.02695004382,0.0330472103,0.04801422644
2015-01-22,0.01785714286,-0.02025886325,0.003110873475,0.003657421518,0.003840409644,0.016202742,0.01131221719
2015-01-23,0.007827260459,-0.02354968409,0.003044693189,-0.01017309444,0.006801275239,-0.002861815209,0.003355704698
2015-01-24,0,0,-0.00007246435156,0,0,0,0
2015-01-25,0,0,0.003059827683,0,0,0,0
2015-01-26,0,0,0.001790158144,0,0,0,0
2015-01-27,0.01128728836,0.02015411974,-0.006835319289,0.003611738149,0.01664932362,0.00243803332,0.01005586592
2015-01-28,-0.02365134201,-0.03776873911,0.01032757786,-0.03868645974,-0.04421699079,-0.07012565869,-0.03705752212
2015-01-29,-0.008165487207,0.007246376812,0.007187350264,-0.0280767431,-0.0128507175,-0.008282476024,-0.008615738082
2015-01-30,0.04006586169,0.06834532374,0.009150015858,-0.01380195795,0.02495118247,0.05802197802,0.05330243337
2015-01-31,0,0,0.00004714238572,0,0,0,0
2015-02-01,0,0,-0.003134820867,0,0,0,0
2015-02-02,0,0,-0.008283352117,0,0,0,0
2015-02-03,0.005082592122,0.0537056928,-0.01128506715,0.06450587861,0.0273556231,0.01870274572,0.0171875
2015-02-04,-0.05208596713,-0.06829765545,0.01093159714,-0.02358208955,-0.0224852071,-0.021875,-0.04813108039
2015-02-05,0.02827420646,0.04102844639,-0.01129045082,0.02124732498,0.02502017756,0.01437699681,0.03388918774
2015-02-06,0.004928664073,0.02312138728,0.006851628468,-0.008531656938,0,0.007480314961,0.005723204995
2015-02-07,0,0,-0.0000958451143,0,0,0,0
2015-02-08,0,0,-0.0001597571691,0,0,0,0
2015-02-09,0,0,-0.003443317089,0,0,0,0
2015-02-10,-0.02239185751,-0.04198280223,0.008826429585,-0.009592326139,-0.01193317422,-0.01530011769,-0.02156057495
2015-02-11,0.001821967725,-0.0227032735,0.002622377622,-0.02148910412,0.001207729469,-0.01673306773,0.007869884575
2015-02-12,0.01584827228,0.03619665046,-0.008544027899,0.01067120322,0.02191395255,-0.002025931929,0.0005205622072
2015-02-13,0.007672634271,0.02294056309,-0.004812458031,0.01484315226,0.009049773756,-0.01827040195,0.01144640999
2015-02-14,0,0,0,0,0,0,0
2015-02-15,0,0,0.0004177042333,0,0,0,0
2015-02-16,0,0,0.001638001638,0,0,0,0
2015-02-17,0,0,-0.006717650265,0,0,0,0
2015-02-18,-0.01685823755,-0.02678120263,0.005181263518,0.002108433735,-0.0161480898,-0.05023615286,-0.03432377049
2015-02-19,-0.0005196154845,-0.008307372793,0.002834203131,-0.02194168921,-0.006204963971,-0.000452079566,-0.00424403183
2015-02-20,0,-0.02356020942,0.003306565895,0.0110633067,-0.02054380665,0.004975124378,-0.01385189132
2015-02-21,0,0,-0.0002074755019,0,0,0,0
2015-02-22,0,0,0.0003112778354,0,0,0,0
2015-02-23,0,0,0.003199578709,0,0,0,0
2015-02-24,-0.008533747091,-0.003865267808,-0.006124234471,0.01104802823,0.001831874618,0.001360544218,0.003791982665
2015-02-25,0.0007824726135,0.03381374723,-0.005185659411,0.001062376688,-0.004672897196,0.004981884058,0.001618996222
2015-02-26,-0.004691164973,-0.03324396783,0.005775789948,-0.01728320194,-0.009593794652,-0.01937809824,-0.01778017241
2015-02-27,-0.017282011,0.003882418192,0.00001599616092,0.008485035483,-0.005770816158,-0.008731617647,-0.01590784421
2015-02-28,0,0,0.0003839017212,0,0,0,0
2015-03-01,0,0,0.0005196674129,0,0,0,0
2015-03-02,0,0,0.001957729034,0,0,0,0
2015-03-03,0.01294498382,0.009279475983,-0.004466065874,-0.01555209953,0.01039717197,0.01962616822,0.001099505223
2015-03-04,-0.004526091587,0.0281233099,-0.004694384363,-0.006003159558,-0.01296563079,0.01924839597,-0.003294892916
2015-03-05,-0.007488633324,-0.01578116781,0.004652136119,-0.009218054673,-0.01125938282,-0.001798561151,0.05068870523
2015-03-06,-0.005389382916,-0.02512025655,0.01128807422,-0.02085338466,-0.008857022353,-0.006756756757,-0.03041426324
2015-03-07,0,0,-0.0001663616703,0,0,0,0
2015-03-08,0,0,-0.001426194438,0,0,0,0
2015-03-09,0,0,0.001428231373,0,0,0,0
2015-03-10,-0.01140472879,-0.02397820163,0.004246890104,-0.03957481603,-0.008824795523,-0.009124087591,-0.007186290768
2015-03-11,0.01350590884,-0.007816862088,0.005073138403,-0.01072705602,0.01520086862,0.01104972376,0.01169265033
2015-03-12,-0.01776790672,-0.01857062465,-0.003775836218,0.009638554217,-0.00128342246,-0.02732240437,-0.01210787012
2015-03-13,-0.00113058225,-0.03669724771,0.007052352886,-0.02386634845,-0.0025701435,-0.003745318352,0.00278551532
2015-03-14,0,0,0.00005477179722,0,0,0,0
2015-03-15,0,0,0.002785384555,0,0,0,0
2015-03-16,0,0,-0.003386233478,0,0,0,0
2015-03-17,-0.00312322544,-0.02385321101,0.00108038706,0.01142461485,0.01173208191,0.006569685594,0.01310043668
2015-03-18,0.02335516947,0.05012531328,-0.0183232971,0.03953448571,0.01855365802,0.02424242424,0.003232758621
2015-03-19,-0.01447258558,-0.04057279236,0.01181419137,-0.008890352321,-0.02007865866,-0.05279927173,-0.0268528464
2015-03-20,0.0011296244,0.02176616915,-0.01172348634,0.02209302326,0.02133502324,0.01105237866,0.01324503311
2015-03-21,0,0,-0.003951530023,0,0,0,0
2015-03-22,0,0,0.00625474905,0,0,0,0
2015-03-23,0,0,-0.00474536393,0,0,0,0
2015-03-24,0.006435366536,0.0005959475566,-0.000958389905,-0.01422634271,0.01750855303,0.01643964302,0.01573521432
2015-03-25,0.005282179594,0.03394877904,0.001438963946,0.01232365818,0.0001977848101,-0.007855822551,0.01442307692
2015-03-26,0.01078539823,0.04896313364,-0.003799792448,-0.0171391959,0.006327862369,-0.0190964136,0.01579778831
2015-03-27,0.00218878249,-0.05875892367,0.01064153725,-0.01434159061,-0.00903910395,-0.01804368471,-0.01088646967
2015-03-28,0,0,-0.00009514596978,0,0,0,0
2015-03-29,0,0,-0.0002378875585,0,0,0,0
2015-03-30,0,0,0.005179251269,0,0,0,0
2015-03-31,0.003797125034,-0.02263493906,0.001159918885,-0.02100771377,-0.01557935735,-0.007899628253,-0.005708354956
2015-04-01,0.006484733856,0.04394299287,-0.006116015132,0.009052808047,0.005934718101,0.0112412178,0.006784968685
2015-04-02,0.03758389262,-0.001137656428,-0.003861891772,0.002325967769,0.01022615536,0.01760074108,0.005702436496
2015-04-03,0,0,-0.007140753242,0,0,0,0
2015-04-04,0,0,0.001122514432,0,0,0,0
2015-04-05,0,0,-0.0008809867051,0,0,0,0
2015-04-06,0,0,-0.00004008016032,0,0,0,0
2015-04-07,0.006714876033,0.03418339664,0.002364824241,0.007317073171,0.004828118965,0.0181900864,0.01963746224
2015-04-08,-0.003591585428,-0.0519412382,0.002999040307,-0.03422114609,0.002306361714,-0.02679767753,-0.02567901235
2015-04-09,0.01364572606,-0.002213613724,0.002838575928,-0.007187029918,0.02013422819,0.0142267095,0.01368474404
2015-04-10,0.007874015748,0.02107598447,-0.0007394391394,0.005555555556,0.006578947368,0.001357466063,0.003
2015-04-11,0,0,0.0001750505259,0,0,0,0
2015-04-12,0,0,-0.00003977724741,0,0,0,0
2015-04-13,0,0,0.001790047337,0,0,0,0
2015-04-14,0.009359979762,0.0172972973,-0.008600698856,0.01086956522,0.008314855876,0.02432432432,0.0180090045
2015-04-15,0.01929824561,0.0472901169,-0.01439477078,0.02845326716,0.007513285688,0.03034300792,0.01867321867
2015-04-16,-0.01475288911,0.01166920345,-0.008338751625,0.01753257198,-0.001455074573,-0.01749893299,-0.02797877472
2015-04-17,0.001247816321,-0.005015045135,0.002999655777,-0.008220044262,-0.006557377049,0.002172024327,0.01042183623
2015-04-18,0,0,0,0,0,0,0
2015-04-19,0,0,-0.00223075666,0,0,0,0
2015-04-20,0,0,0.001007313258,0,0,0,0
2015-04-21,-0.008691333499,-0.02212166918,0.003558864436,-0.006841686555,-0.008174386921,-0.0142118863,-0.02028698664
2015-04-22,0.005511022044,-0.004627249357,-0.001997309746,-0.0009612303749,0.001465201465,0.000873743993,0.008585858586
2015-04-23,-0.001245640259,0.02066115702,-0.007768338507,0.009621552277,0.008412582297,0.02313400262,0.01001502253
2015-04-24,0.003242703916,-0.00455465587,0.00273320765,-0.003176620076,-0.01668480232,-0.004266211604,0.001983143282
2015-04-25,0,0,-0.0003366146419,0,0,0,0
2015-04-26,0,0,-0.0005420499343,0,0,0,0
2015-04-27,0,0,-0.006278041645,0,0,0,0
2015-04-28,-0.003513174404,0.004098360656,-0.004630778136,0.00459660802,-0.009588788493,-0.004304778304,-0.009985022466
2015-04-29,0.004281037522,0.02653061224,-0.001545235524,0.001893341748,0.0003723701359,-0.02291396455,0.005042864347
2015-04-30,-0.01479438315,0.01938369781,0.00495906277,-0.001102362205,-0.01023636702,0.005752212389,-0.007526342198
2015-05-01,-0.004072283024,-0.005363237445,0.00639178672,0.001734195176,-0.01109439639,0.01583809943,-0.00353892821
2015-05-02,0,0,0.0001480847703,0,0,0,0
2015-05-03,0,0,0.000411285679,0,0,0,0
2015-05-04,0,0,-0.005714520638,0,0,0,0
2015-05-05,-0.01944231261,0.02366863905,-0.001811039901,-0.002979924718,-0.01035474593,-0.02671922908,0.001023541453
2015-05-06,-0.0339159927,0.00289017341,-0.002700777095,-0.001415762152,-0.02906413486,-0.0603060306,-0.02914110429
2015-05-07,-0.01728328382,-0.0297790586,0.005814919422,-0.02142407057,-0.002195170625,-0.003831417625,-0.007372301211
2015-05-08,0.01044242924,0.01089108911,-0.002527254708,0.03412749517,0.0022,0.01298076923,0.001061007958
2015-05-09,0,0,-0.0000331197112,0,0,0,0
2015-05-10,0,0,0.001109547073,0,0,0,0
2015-05-11,0,0,0.0002646727983,0,0,0,0
2015-05-12,-0.01058919359,0.01766437684,-0.007491565787,-0.009494163424,-0.01220244049,-0.01098901099,-0.001062699256
2015-05-13,-0.005488474204,-0.006268081003,-0.004082312755,-0.005342551854,-0.004050222762,-0.01642512077,0.005319148936
2015-05-14,0.001655629139,-0.003881610869,0.002425966204,0.004107424961,-0.007116714111,0.01031434185,-0.01322751323
2015-05-15,0.007713498623,-0.0004870920604,0.002453475757,-0.005191944619,0.000204792136,0.01069518717,0.004825737265
2015-05-16,0,0,0.0002164430089,0,0,0,0
2015-05-17,0,0,-0.0002663337495,0,0,0,0
2015-05-18,0,0,0.01108909572,0,0,0,0
2015-05-19,0,-0.03962818004,0.006924660354,-0.01448109413,0,0,0
2015-05-20,0.007749792416,0.01069791136,-0.001856228177,0.002612244898,0.01027538019,0.007317073171,0.005907626208
2015-05-21,0.01208459215,0.03326612903,-0.0008520120592,0.01449275362,0.02725793328,0.01065375303,0.02349172451
2015-05-22,0.007055630936,-0.01219512195,0.006559527714,-0.0176565008,-0.001386138614,0.02204120747,-0.006259780908
2015-05-23,0,0,0,0,0,0,0
2015-05-24,0,0,0,0,0,0,0
2015-05-25,0,0,0,0,0,0,0
2015-05-26,-0.0200270636,0,0.00853132889,0,-0.01486839462,-0.01241050119,-0.01160949868
2015-05-27,0.003037834852,-0.01066531234,0.002382408808,0.007372654155,-0.006322659596,-0.01063315611,-0.0005339028297
2015-05-28,0.004955947137,0.004106776181,-0.002320539586,0,0.001026272578,0.002442598925,0.008012820513
2015-05-29,-0.004109589041,0.03834355828,0.002164972515,-0.006653359947,0.0002050440845,0,0.003709591945
2015-05-30,0,0,-0.0003212335368,0,0,0,0
2015-05-31,0,0,0,0,0,0,0
2015-06-01,0,0,0,0,0,0,0
2015-06-02,-0.001381597126,0.01571709234,-0.008838746766,0.01205228314,-0.0006065507481,0.01697381183,0.01064395955
2015-06-03,0.004427227449,-0.0246615087,0.003407525556,-0.0013418316,-0.002225369209,-0.01859799714,-0.01316482359
2015-06-04,-0.004683195592,-0.02528507685,0.0030507386,-0.01662747733,-0.001622060016,-0.01603498542,-0.006937033084
2015-06-05,-0.003321339607,0.01220752798,-0.004858331999,-0.003586678053,-0.009341998375,0.007901234568,-0.005373455132
2015-06-06,0,0,0.00005630041904,0,0,0,0
2015-06-07,0,0,0,0,0,0,0
2015-06-08,0,0,0,0,0,0,0
2015-06-09,0.0233884769,0.02536783359,-0.005640612409,-0.006687242798,0.01853780462,0.01370558376,0.01219512195
2015-06-10,0.009754738016,0.02127659574,-0.005348460292,0.02071465562,0.001840490798,0.02954431647,0.001095290252
2015-06-11,-0.01959701904,-0.00726744186,0.001547987616,-0.0006764755623,-0.008369054909,-0.01653696498,-0.009299781182
2015-06-12,-0.02027027027,-0.01073694485,0.001496786789,-0.01810797089,-0.02490736929,-0.01928783383,-0.03810049696
2015-06-13,0,0,0.0008609906266,0,0,0,0
2015-06-14,0,0,0,0,0,0,0
2015-06-15,0,0,0,0,0,0,0
2015-06-16,0.007301401869,0.005459057072,-0.001672620981,0.005,0.003801478353,0.0281124498,0.004072134962
2015-06-17,-0.0008698173384,-0.002467917078,-0.005400393643,0.0003431120261,0.004207868714,0.01025390625,0.00405561993
2015-06-18,-0.01334881021,0.007422068283,-0.00008177283506,0.00583090379,-0.00733291431,0.03963267279,0.00230813618
2015-06-19,-0.008823529412,-0.01669941061,0.00284592738,-0.001705029838,-0.009075559308,-0.02185030219,-0.01957397812
2015-06-20,0,0,0.0002609518218,0,0,0,0
2015-06-21,0,0,0,0,0,0,0
2015-06-22,0,0,0,0,0,0,0
2015-06-23,0,0.01537698413,0.0007877532789,-0.001860937236,0,0,0
2015-06-24,0.0264519839,-0.01270151441,0.004933783433,0.008983050847,0.01927414394,0,-0.001692047377
2015-06-25,-0.03193277311,-0.0113805047,-0.004190891473,-0.005039475895,-0.01327700664,-0.00378250591,-0.02033898305
2015-06-26,-0.005497685185,0,-0.001354189473,-0.0003376667229,0.005096839959,-0.01423825344,-0.01268742791
2015-06-27,0,0,0.0003735160856,0,0,0,0
2015-06-28,0,0,0,0,0,0,0
2015-06-29,0,0,0,0,0,0,0
2015-06-30,0.01805267831,0.01896463352,0.005244966524,-0.01264288188,0.00478967097,0.008585858586,0.004201680672
2015-07-01,0,-0.03923541247,0.009144826481,-0.01262936327,0,0,0
2015-07-02,0,-0.00890052356,-0.003740737505,0.01136969266,0,0,0
2015-07-03,-0.0008663008952,0,0.001705994898,0,-0.009122952519,-0.0116929334,-0.004191616766
2015-07-04,0,0,0.0005252518822,0,0,0,0
2015-07-05,0,0,0,0,0,0,0
2015-07-06,0,0,0,0,0,0,0
2015-07-07,0.02252779403,0.001692047377,0.004542115283,-0.002857653152,0.008655267047,0.02457264957,0.006690997567
2015-07-08,-0.01459227468,-0.0213963964,0.0009593608455,-0.01253806197,-0.003139388866,-0.02711157456,-0.0163141994
2015-07-09,-0.01887340302,0.01898734177,-0.001524078875,0.005260293851,-0.02162502624,-0.01018220793,-0.005528255528
2015-07-10,0.006214856466,-0.002258610954,-0.004177944231,0.02562251895,-0.001502145923,-0.01515971846,0.006176652254
2015-07-11,0,0,-0.0001185161775,0,0,0,0
2015-07-12,0,0,0,0,0,0,0
2015-07-13,0,0,0,0,0,0,0
2015-07-14,0.01948807446,0.01199314677,-0.001097953102,0.01496742384,0.004901960784,0.02028508772,0.006108735492
2015-07-15,0.003138373752,-0.0276523702,0.01491717045,-0.01162387231,-0.0008483563097,-0.006985491671,-0.01153612629
2015-07-16,0.002275312856,-0.01044689495,0.00317939197,0.002281902756,-0.0004245383146,0.007034632035,-0.0006142506143
2015-07-17,-0.01872871737,-0.003519061584,0.0003238716543,-0.001401050788,-0.003822467615,-0.02364320258,-0.00553165335
2015-07-18,0,0,0.00005396113257,0,0,0,0
2015-07-19,0,0,0,0,0,0,0
2015-07-20,0,0,0,0,0,0,0
2015-07-21,-0.01506202008,0.01318154584,-0.004055187485,0.006175017643,0.001090512541,0.01303854875,0.009014810045
2015-07-22,0.005997001499,-0.03370786517,0.007556207989,-0.01525512888,-0.001307189542,-0.01902630106,-0.02169751117
2015-07-23,0.002980625931,-0.01223990208,-0.00171001779,-0.006054131054,0.003708551483,0.006845407872,-0.00782778865
2015-07-24,-0.01693907875,-0.006815365551,0.001943388255,-0.0257972053,-0.007824386003,-0.008498583569,-0.003944773176
2015-07-25,0,0,-0.00006133182048,0,0,0,0
2015-07-26,0,0,0,0,0,0,0
2015-07-27,0,0,0,0,0,0,0
2015-07-28,0.01405867971,0.01277955272,-0.008367976192,0.01762850251,0.01395348837,0.05855072464,0.006040268456
2015-07-29,0.04339963834,0.02460567823,0.001469598645,0.01021152443,0.01922236785,0.01916757941,0.01200800534
2015-07-30,0.06325823224,-0.008620689655,0.004471836697,0.03555956679,0.04007715388,0.02095647501,0.03032300593
2015-07-31,0.000814995925,-0.03167701863,0.00618195239,0.001917378421,-0.002884813517,0.003157894737,0.007677543186
2015-08-01,0,0,0.0001528350909,0,0,0,0
2015-08-02,0,0,0,0,0,0,0
2015-08-03,0,0,0,0,0,0,0
2015-08-04,0,0.007947019868,0.002576359809,-0.001748251748,0,0,0
2015-08-05,0.0105605199,-0.01248357424,-0.001743480898,0.01068301226,0.00586879061,0.008,0.003142677561
2015-08-06,0.005091103966,-0.01064537591,-0.004237223783,0.01524865708,0.01208585122,-0.006878306878,0.01441102757
2015-08-07,-0.004265529192,-0.02084734364,0.001365036757,-0.007339136371,-0.01482396541,-0.02503995738,-0.0006176652254
2015-08-08,0,0,0.0002208497384,0,0,0,0
2015-08-09,0,0,0,0,0,0,0
2015-08-10,0,0,0,0,0,0,0
2015-08-11,0.001060726598,-0.02686366689,0.006824889326,0.003396162337,0.007358953393,-0.01839201261,-0.006116207951
2015-08-12,-0.006887417219,-0.003450655625,-0.009389312977,-0.008630902014,-0.01034902597,0,-0.03015384615
2015-08-13,-0.01707121899,-0.02423822715,0.006781228327,-0.02816660976,-0.02050440845,-0.02569593148,-0.03045685279
2015-08-14,0.01112618725,-0.007097232079,0.002296211251,-0.008431406991,0.006489428512,-0.02527472527,-0.01505235602
2015-08-15,0,0,-0.0005345551737,0,0,0,0
2015-08-16,0,0,0,0,0,0,0
2015-08-17,0,0,0,0,0,0,0
2015-08-18,-0.00737704918,0.01151907847,-0.002749140893,-0.006417112299,0.0008421052632,-0.002845759818,-0.003369272237
2015-08-19,-0.03220478943,-0.04412811388,0.004977410215,-0.02099031216,-0.02776609171,-0.0154109589,-0.0554428668
2015-08-20,-0.02673492605,-0.004467609829,-0.003611703749,-0.006963533077,-0.01795759412,-0.03304347826,-0.02720114531
2015-08-21,0.001753360608,-0.01047120419,0.008151966107,-0.03229378114,-0.01255783212,0.007194244604,-0.02649006623
2015-08-22,0,0,0.00006068329389,0,0,0,0
2015-08-23,0,0,0,0,0,0,0
2015-08-24,0,0,0,0,0,0,0
2015-08-25,0.02095353781,0.0192153723,0.004591644712,-0.001809772773,-0.02304678497,0.0364321608,-0.007009345794
2015-08-26,0.02676977989,0.003142183818,-0.003446725611,-0.003021756648,-0.0007077140835,0.03878787879,0.006274509804
2015-08-27,0.05533024334,0.09240407204,-0.008270676692,0.0495049505,0.03682719547,0.0577596266,0.08573655495
2015-08-28,0.01043096349,0.06666666667,0.0008188021228,0.01270696958,0.03825136612,0.03033645891,0.0208183776
2015-08-29,0,0,-0.0002878613417,0,0,0,0
2015-08-30,0,0,0,0,0,0,0
2015-08-31,0,0,0,0,0,0,0
2015-09-01,-0.03247450349,-0.06796727502,0.008369474245,-0.04497354497,-0.03961248654,-0.06659674882,-0.04306220096
2015-09-02,-0.02912621359,0.0189061445,0.0009054553686,0.008705975465,-0.001120824927,0.007303370787,0.01142857143
2015-09-03,-0.001428571429,0.01656726309,-0.00580474934,-0.003530796391,-0.02019748654,0.002230897936,-0.01271186441
2015-09-04,0.001430615165,-0.01694915254,0.006672732787,-0.02539370079,0.001374255612,0.01112966055,-0.03147353362
2015-09-05,0,0,0.00007532389274,0,0,0,0
2015-09-06,0,0,0,0,0,0,0
2015-09-07,0,0,0,0,0,0,0
2015-09-08,0,0,-0.007309809584,0,0,0,0
2015-09-09,-0.01052931133,-0.03395472703,0.005992424242,-0.01318638063,-0.02561196736,-0.01107419712,-0.02543604651
2015-09-10,0.00747771067,0.02894555479,-0.003388783878,0.008575987236,0.004187020237,0.01623740202,0.01416853095
2015-09-11,-0.02711961176,-0.0187541862,0.001964621697,-0.005932370971,-0.02455408849,-0.02644628099,-0.03823529412
2015-09-12,0,0,-0.000007541421256,0,0,0,0
2015-09-13,0,0,0,0,0,0,0
2015-09-14,0,0,0,0,0,0,0
2015-09-15,-0.005061030068,0.01250868659,-0.000528262018,0.007411858974,-0.01909596326,0.008645533141,0.008540372671
2015-09-16,0.04159186116,0.05422100206,-0.005738447599,0.02803738318,0.03992114342,0.07657142857,0.06312548114
2015-09-17,0.009192760701,-0.008463541667,0.0005315917375,-0.003481624758,0.009241706161,0.05307855626,-0.001448225923
2015-09-18,-0.03074295474,-0.04005252791,0.003719165085,-0.03881987578,-0.01267903264,0.02772177419,-0.03553299492
2015-09-19,0,0,-0.00007562008469,0,0,0,0
2015-09-20,0,0,0,0,0,0,0
2015-09-21,0,0,0,0,0,0,0
2015-09-22,-0.007183908046,-0.008637873754,0.001811457468,-0.03318494537,-0.009760632117,-0.02082324455,-0.02449888641
2015-09-23,-0.01360347323,-0.03217158177,0.003917727718,-0.009208874006,-0.02769302981,-0.01879327399,-0.02815829528
2015-09-24,0.0117370892,0.01038781163,0.00105065666,-0.007604562738,-0.00168959691,0.004536290323,0.002349256069
2015-09-25,0.01711136891,0.008910212474,-0.0007646750131,0.00681140911,0.007253384913,0.01154039137,0.01015625
2015-09-26,0,0,0.00009003061041,0,0,0,0
2015-09-27,0,0,0,0,0,0,0
2015-09-28,0,0,0,0,0,0,0
2015-09-29,0.02601156069,0.01599443672,0.001642158692,0.01482450403,0.01625818976,0.02819738167,0.02943516309
2015-09-30,0.005352112676,0.004791238877,-0.007601162531,0.01804511278,0.009551098376,-0.008814887365,-0.008500772798
2015-10-01,-0.0123283833,-0.006811989101,-0.005354058722,0.01667018358,-0.0234153264,-0.02816205534,-0.01247077163
2015-10-02,0.003404255319,0.01303155007,-0.007051344965,0.03424657534,0.01453136353,0.02643619725,0.01657458564
2015-10-03,0,0,0.00005322263026,0,0,0,0
2015-10-04,0,0,0,0,0,0,0
2015-10-05,0,0,0,0,0,0,0
2015-10-06,0.007803468208,0.04933333333,-0.002980967668,0.03523717328,0.03609341826,0.0162991371,0.0474137931
2015-10-07,0.01663320906,-0.01080050826,0.001617601963,0.0280531139,-0.001593806922,0.02830188679,0.05692729767
2015-10-08,0.04823695346,0.03018625562,-0.005097549961,0.01655448426,0.03169897377,0.01926605505,0.03049967554
2015-10-09,-0.01318622174,-0.003117206983,-0.004869792668,-0.01091624911,0.00884173298,-0.01440144014,-0.004408060453
2015-10-10,0,0,0.000525697322,0,0,0,0
2015-10-11,0,0,0,0,0,0,0
2015-10-12,0,0,0,0,0,0,0
2015-10-13,0,-0.0163291966,0.0005380063024,-0.01706918467,0,0,0
2015-10-14,0.01397260274,-0.0006640106242,-0.007528038101,0.02161463144,0.006727965912,0.002824858757,0.01727574751
2015-10-15,-0.007025128344,0.005315614618,-0.005185758514,0.01139240506,-0.007796836712,0.003755868545,-0.01175702155
2015-10-16,0.002993197279,0.005948446794,0.004745973703,0.007509386733,0.002469690166,0.001403180543,0.008592200925
2015-10-17,0,0,-0.0004646120489,0,0,0,0
2015-10-18,0,0,0,0,0,0,0
2015-10-19,0,0,0,0,0,0,0
2015-10-20,0.01320132013,-0.006743088334,-0.002642089094,0.001094491062,0.005549132948,0.005265677358,0.02878179384
2015-10-21,0.004885993485,-0.02036659878,0.01138953918,0.003644314869,0.0002299379168,-0.0519047619,-0.02277163305
2015-10-22,0.02944354403,0.005544005544,-0.002093882057,0.005628177197,0.009655172414,0.004520341537,0.02396804261
2015-10-23,-0.01600629756,-0.01654031702,0.004204181291,-0.01787326232,-0.003187613843,-0.006,-0.001950585176
2015-10-24,0,0,0.0001443648327,0,0,0,0
2015-10-25,0,0,0,0,0,0,0
2015-10-26,0,0,0,0,0,0,0
2015-10-27,-0.009176788124,-0.01356174161,0.008665247796,-0.01704758336,-0.01165447898,-0.01662337662,-0.02473262032
2015-10-28,0.02233723781,0.06295224313,-0.005953278071,0.01048218029,0.01294797688,0.01637612256,0.03701165182
2015-10-29,0.03410604849,-0.004084411164,-0.002425896445,-0.008675971332,0.00753252682,0.02806652807,-0.01057501652
2015-10-30,0.002576655501,0.01230348599,-0.00698381336,-0.001902587519,-0.01427276846,-0.01516683519,-0.000668002672
2015-10-31,0,0,0.000795891973,0,0,0,0
2015-11-01,0,0,0,0,0,0,0
2015-11-02,0,0,0,0,0,0,0
2015-11-03,0.008169517488,0.03593220339,-0.002184373329,0.02030551416,0.02631578947,0.0556912555,0.02401038287
2015-11-04,0.008356545961,-0.02814136126,0.006927222069,-0.006390359686,-0.004905239688,-0.01943544655,-0.001267427123
2015-11-05,-0.01230537418,-0.02491582492,0.0005397228409,-0.03123851525,-0.002912838898,0.0009438414346,0.05583756345
2015-11-06,0.003559623697,-0.01726519337,0.01068986476,-0.01119119879,-0.0193258427,-0.001885902876,-0.001802884615
2015-11-07,0,0,-0.0001277936058,0,0,0,0
2015-11-08,0,0,0,0,0,0,0
2015-11-09,0,0,0,0,0,0,0
2015-11-10,0.003592507057,0.0007102272727,-0.0003090630866,-0.02657935285,0.006780453589,-0.01581217058,-0.01415384615
2015-11-11,-0.02352339555,-0.02342086586,-0.0006635599994,-0.01800554017,-0.01602415235,-0.02336903603,-0.02309612984
2015-11-12,-0.02356637863,-0.02979651163,0.002188183807,-0.01994761233,-0.02006136417,-0.03738783649,-0.01916932907
2015-11-13,-0.009654062751,-0.02172284644,0.002996536666,-0.006167763158,-0.004816955684,0.009839461419,0.01433224756
2015-11-14,0,0,0.00001501298623,0,0,0,0
2015-11-15,0,0,0,0,0,0,0
2015-11-16,0,0,0,0,0,0,0
2015-11-17,0,-0.0283793876,-0.0009302325581,-0.006452913894,0.00328022493,-0.004396678065,-0.003665241295
2015-11-18,0,0.003074558032,-0.001396648045,0.02618226101,-0.003269500234,0.0142296369,0.003065603924
2015-11-19,-0.009871931697,-0.006896551724,-0.0002706970449,0.009691455696,-0.007731958763,-0.0290275762,-0.003056234719
2015-11-20,-0.01374292643,-0.002314814815,0.003948734149,-0.02683643487,-0.01204250295,-0.0279023418,-0.003065603924
2015-11-21,0,0,-0.0002921807925,0,0,0,0
2015-11-22,0,0,0.0009142685851,0,0,0,0
2015-11-23,0,0,0.0003069735404,0,0,0,0
2015-11-24,0.008999181893,0.02304147465,-0.00428882585,0.0178752793,0.02312411515,0.01703406814,0.008594229589
2015-11-25,-0.01081081081,0.005255255255,-0.0004359918815,-0.003592097386,-0.01199261993,-0.02068965517,-0.01704199635
2015-11-26,-0.004918032787,0,-0.0002105706465,0,-0.0058356676,-0.004527162978,-0.0006191950464
2015-11-27,-0.003844041735,0,0.005844566133,0,-0.004695938014,-0.01616978272,-0.02850061958
2015-11-28,0,0,-0.00008226082665,0,0,0,0
2015-11-29,0,0,0,0,0,0,0
2015-11-30,0,0,0,0,0,0,0
2015-12-01,0.02411924119,0.00154679041,0.000839026729,0.006832797428,0.003688335639,0.0217611336,0
2015-12-02,-0.02699126753,-0.03629343629,-0.0009056886228,-0.00998003992,-0.02273771245,-0.02575532442,-0.04197994987
2015-12-03,-0.0005439216753,0.02323717949,-0.00007491815192,-0.008870967742,0.005875440658,0.007625826131,-0.005232177894
2015-12-04,-0.01959183673,-0.02427564605,0.0009140699338,-0.01484947111,-0.01985981308,-0.0312815338,-0.003944773176
2015-12-05,0,0,0.00006736980785,0,0,0,0
2015-12-06,0,0,0,0,0,0,0
2015-12-07,0,0,0,0,0,0,0
2015-12-08,0,-0.003412969283,0.005255988866,-0.01101511879,0.001732244494,0.01416893733,0.002111189303
2015-12-09,0,-0.0102739726,-0.0009131478563,0.02293077091,0.006175889328,0.003761418592,0.002808988764
2015-12-10,0.008196721311,-0.01643598616,0.004864745338,-0.01387702818,0.003928308372,-0.01766595289,0.0350140056
2015-12-11,-0.0126156434,-0.02638522427,0.008853517201,-0.03572201775,-0.02787967718,-0.05013623978,-0.03179972936
2015-12-12,0,0,0.00009452002007,0,0,0,0
2015-12-13,0,0,0,0,0,0,0
2015-12-14,0,0,0,0,0,0,0
2015-12-15,0.01678726483,0.02150537634,0.0001092744902,0.01660978385,0.01907090465,0.03134068485,0.02953586498
2015-12-16,0.003131226872,-0.03596491228,0.004487048746,-0.0006714413608,0.0136756238,-0.01069217783,-0.02254098361
2015-12-17,0.005675368899,-0.02274795268,0.009717186367,-0.02553191489,0.005917159763,-0.007963594994,-0.02655485674
2015-12-18,0.01551918736,-0.007448789572,0.002168916978,0.00459664445,0.02141176471,0.00630733945,0.03302225413
2015-12-19,0,0,-0.0002293216379,0,0,0,0
2015-12-20,0,0,0,0,0,0,0
2015-12-21,0,0,0,0,0,0,0
2015-12-22,0.003348214286,0.01031894934,-0.002350951132,0.02114456447,0.01623376623,0.00872600349,0.007037297678
2015-12-23,0.03420467186,0.04549675023,-0.004813564193,0.05829394553,0.03765403925,0.03979238754,0.07337526205
2015-12-24,-0.008066684593,0.003552397869,-0.001768697661,-0.01616333475,-0.0008797009017,-0.002218524681,-0.001953125
2015-12-25,0,0,-0.003796781775,0,0,0,0
2015-12-26,0,0,0,0,0,0,0
2015-12-27,0,0,0,0,0,0,0
2015-12-28,0,0,0,0,0,0,0
2015-12-29,0,0.03019213175,-0.004318410825,0.01440104735,0,0,0
2015-12-30,-0.01865057597,-0.02930728242,0.002746855573,-0.01075500108,-0.01273046532,-0.01860202931,-0.02667534157
2015-12-31,-0.001676914477,0.006404391583,0.001996828143,-0.004348771472,0.002223210316,0.005169442849,-0.003342245989
2016-01-01,0,0,-0.005014496716,0,0,0,0
2016-01-02,0,0,0,0,0,0,0
2016-01-03,0,0,0.002494577007,0,0,0,0
2016-01-04,0,0,0.005034440477,0,0,0,0
2016-01-05,0.003401360544,-0.029143898,0.003566738193,-0.004800349116,0.001114578689,0.000577034045,0.02157788267
2016-01-06,-0.03672316384,-0.05159474672,0.00597826087,-0.03486077615,-0.02827877978,-0.0005767012687,-0.04422442244
2016-01-07,-0.02346041056,-0.02077151335,0.002445335381,-0.043162199,-0.02841429881,-0.03866128102,-0.0614640884
2016-01-08,0,-0.0101010101,0.004786555099,-0.04131054131,-0.0004716981132,-0.009603841537,-0.008830022075
2016-01-09,0,0,0.00003528706024,0,0,0,0
2016-01-10,0,0,0.0009880028229,0,0,0,0
2016-01-11,0,0,0.002679075014,0,0,0,0
2016-01-12,0.0156641604,-0.008648648649,0.002320348755,-0.002747252747,0.007770762506,0.01532801962,-0.03139717425
2016-01-13,-0.03362122147,-0.008724100327,0.00673447913,-0.02479338843,-0.02722891566,-0.01207729469,-0.0113452188
2016-01-14,0.03383338653,0.01540154015,-0.0004459619539,0.06189008731,0.04607381719,0.05684596577,0.04754098361
2016-01-15,-0.03612225996,-0.04767063922,0.01322448866,-0.05320435308,-0.01302391665,-0.007518796992,-0.05633802817
2016-01-16,0,0,0.00001376055262,0,0,0,0
2016-01-17,0,0,0.002992879012,0,0,0,0
2016-01-18,0,0,-0.002297983262,0,0,0,0
2016-01-19,-0.02284178703,0,0.001285709375,0,-0.001259763165,0.02014218009,-0.04152542373
2016-01-20,-0.02268820901,-0.02944640754,-0.006056361239,-0.04208885425,-0.03102926337,-0.03948896632,-0.000884173298
2016-01-21,0.04678156877,0.03883495146,-0.01410708117,0.03580146461,0.008851861494,0.02478839178,0.08407079646
2016-01-22,0.05275537634,0.08294392523,-0.01016761499,0.05865409793,0.06116129032,0.05014749263,0.04979591837
2016-01-23,0,0,-0.0007574845848,0,0,0,0
2016-01-24,0,0,0.001813673397,0,0,0,0
2016-01-25,0,0,0.01098963269,0,0,0,0
2016-01-26,0.03540414162,0.05035128806,-0.01245103525,0.04403948368,0.03297818366,-0.008092485549,0.06102522376
2016-01-27,0.01322580645,0.02341137124,-0.001643292251,0.01333333333,-0.001227897839,-0.01456876457,0.04754601227
2016-01-28,0.04520853231,0.05664488017,-0.004292363141,0.03660287081,0.05630686009,0.01833234772,0.0541727672
2016-01-29,0.01066098081,-0.005154639175,-0.004724140142,0.01384721902,-0.0002327746741,0.002322880372,0.02777777778
2016-01-30,0,0,0,0,0,0,0
2016-01-31,0,0,0,0,0,0,0
2016-02-01,0,0,-0.00163174167,0,0,0,0
2016-02-02,-0.02042098649,-0.04988913525,0.007885304659,-0.0428769018,-0.01792971552,-0.04632972323,-0.04665738162
2016-02-03,0.01186658114,0.08984830805,-0.01890469417,0.03564547206,0.03042843233,0.04668769716,0.0796201607
2016-02-04,0.008557844691,-0.02355460385,-0.002827275232,0.03604651163,0.03141979683,-0.003616636528,0.01150202977
2016-02-05,0.001885606537,-0.02302631579,0.01152291497,0.002918069585,0.0004580852038,-0.009074410163,-0.002675585284
2016-02-06,0,0,0,0,0,0,0
2016-02-07,0,0,0,0,0,0,0
2016-02-08,0,0,0.00302528272,0,0,0,0
2016-02-09,-0.04526617788,-0.05324074074,-0.003001795332,-0.04179775281,-0.02572347267,-0.0556621881,-0.0374479889
2016-02-10,-0.01368948247,-0.02689486553,0.002866774231,-0.007973733583,-0.02451673739,-0.08401084011,-0.02737752161
2016-02-11,-0.003723764387,0.004082914573,-0.0004812181283,0.004255319149,-0.02078298695,0.03180473373,-0.02814814815
2016-02-12,0.03873598369,0.04222708789,-0.005180974828,0.03766478343,0.01530108588,0.04014336918,0.04344512195
2016-02-13,0,0,0,0,0,0,0
2016-02-14,0,0,0,0,0,0,0
2016-02-15,0,0,-0.001076838575,0,0,0,0
2016-02-16,0,0,0.003132709685,0,0,0,0
2016-02-17,0.06062560464,0.05655836342,-0.01354470184,0.01563876652,0.02890454214,0.03436426117,0.07059679767
2016-02-18,0.003344481605,-0.01366742597,0.004423355316,-0.00759054435,-0.001888574127,-0.005315614618,-0.02311352821
2016-02-19,-0.004242424242,-0.01270207852,0.002059994613,-0.01070804196,0.004257332072,-0.02939211757,-0.03549060543
2016-02-20,0,0,0,0,0,0,0
2016-02-21,0,0,0,0,0,0,0
2016-02-22,0,0,-0.006236855465,0,0,0,0
2016-02-23,-0.03422838595,-0.04826038159,0.00685981172,-0.04068383467,-0.006770954938,-0.03464357095,-0.04427266339
2016-02-24,0.008860372747,0.01297169811,-0.006813075306,-0.001804646966,0.009167842031,0.002070393375,-0.008088235294
2016-02-25,0.01059963658,0.02444703143,-0.01160329855,0.01830508475,-0.006755182856,-0.01790633609,-0.02075611564
2016-02-26,-0.0143841774,-0.002272727273,-0.002399586533,0.01043053706,0.000703564728,0.04488078541,0.0234670704
2016-02-27,0,0,0,0,0,0,0
2016-02-28,0,0,0,0,0,0,0
2016-02-29,0,0,-0.0007086439802,0,0,0,0
2016-03-01,0.01632406288,0.01666666667,-0.008155184895,0.02110817942,0,0.01937984496,0.01790830946
2016-03-02,-0.006841165973,0.01639344262,0.000148953601,0.0142118863,0.006714517249,0.02408111534,0.04785362421
2016-03-03,0.0005989817311,-0.005376344086,-0.001712711296,0.01061571125,0.005749770009,0.01113861386,0.08865010074
2016-03-04,0.01017659383,0.04324324324,-0.007019245114,0.008193277311,0.009147038646,0.02264381885,0.04750154226
2016-03-05,0,0,0,0,0,0,0
2016-03-06,0,0,0,0,0,0,0
2016-03-07,0,0,-0.002775693923,0,0,0,0
2016-03-08,-0.007518796992,-0.04549950544,0.009328217859,-0.02382432152,-0.006272401434,-0.01474056604,-0.03271028037
2016-03-09,0.005536130536,0.0518134715,-0.01261832004,0.02334465195,-0.005184851217,0.01017354877,0.038647343
2016-03-10,-0.006664734859,-0.01083743842,0.006801180582,-0.01845707175,-0.01314298663,-0.01362559242,0.01104651163
2016-03-11,0.00991831972,0.01494023904,-0.009146935777,0.02028311853,0.01951779564,0.04384384384,0.02472685451
2016-03-12,0,0,0,0,0,0,0
2016-03-13,0,0,0,0,0,0,0
2016-03-14,0,0,0.002803025152,0,0,0,0
2016-03-15,0.02817711328,-0.01821862348,0.006117774697,-0.006030359742,0.03475513428,0.0092272203,-0.01852891634
2016-03-16,0.01006711409,0.04948453608,-0.01782237532,0.02426778243,-0.01264994547,0.007428571429,0.02231121281
2016-03-17,0.01218161683,0.03634577603,-0.01006404392,0.02308006536,0.007289595759,0.006806579694,0.006715165081
2016-03-18,-0.01531728665,-0.00663507109,0.001455637708,-0.01257736075,-0.01644736842,-0.001126760563,-0.01889938855
2016-03-19,0,0,0,0,0,0,0
2016-03-20,0,0,0,0,0,0,0
2016-03-21,0,0,0.003525984976,0,0,0,0
2016-03-22,-0.0008262186725,-0.004721435316,-0.003200427742,-0.0120285423,-0.006471769694,-0.02252252252,0.0125284738
2016-03-23,-0.01957001103,-0.04079696395,0.01225277967,-0.01568303756,-0.02897574124,-0.03456221198,-0.03487064117
2016-03-24,0.008152937869,-0.004945598417,0.003088569266,0.01215932914,0.01179736294,0.007756563246,0.01282051282
2016-03-25,0,0,0.0008603254143,0,0,0,0
2016-03-26,0,0,0,0,0,0,0
2016-03-27,0,0,0,0,0,0,0
2016-03-28,0,0,-0.007256423781,0,0,0,0
2016-03-29,-0.008100558659,-0.02097902098,-0.008478371424,-0.001661819693,-0.01005025126,-0.01352145797,-0.00577034045
2016-03-30,0.003942551394,-0.007142857143,-0.006614100896,0.0214315439,-0.002307337333,0.01489868892,-0.007544979687
2016-03-31,0.01458625526,-0.003083247688,0.001078865034,-0.01303727847,0.003469010176,-0.007633587786,0.01403508772
2016-04-01,-0.003870611004,-0.03827319588,0.001477991779,-0.01651186791,-0.02212491357,-0.01775147929,-0.04382929642
2016-04-02,0,0,0,0,0,0,0
2016-04-03,0,0,0,0,0,0,0
2016-04-04,0,0,0.003122123351,0,0,0,0
2016-04-05,0,0.00550660793,0.004932437083,-0.02136573104,0,0,0
2016-04-06,0,0.05147864184,-0.004596231699,0.02033390411,0,0,0
2016-04-07,-0.009515813042,-0.009375,0.004525717082,-0.008810572687,-0.01503030303,-0.003037667072,-0.01795020266
2016-04-08,0.01215032495,0.05467928496,-0.01158295282,0.0419047619,0.007875953729,0.03595368678,0.04658018868
2016-04-09,0,0,0,0,0,0,0
2016-04-10,0,0,0,0,0,0,0
2016-04-11,0,0,-0.005416400213,0,0,0,0
2016-04-12,0.03710992409,0.03501945525,-0.01106222112,0.02128514056,0.01875468867,0.07413997628,0.05290102389
2016-04-13,0.004337218758,-0.01221804511,0.004065486448,0.009044435706,-0.009081983309,-0.01490889012,0.0005402485143
2016-04-14,-0.003778677463,-0.002854424358,0.001646135482,0.007404520655,0.005201882586,-0.0005605381166,0
2016-04-15,-0.02682199946,-0.02194656489,-0.001791416777,0.0003868471954,-0.01429275505,-0.03365114975,-0.02267818575
2016-04-16,0,0,0,0,0,0,0
2016-04-17,0,0,0,0,0,0,0
2016-04-18,0,0,-0.01616457354,0,0,0,0
2016-04-19,0.02540033131,0.02654867257,-0.005716881245,0.008670520231,0.01233654083,0.0387283237,0.01348435814
2016-04-20,-0.01642434033,0.030651341,-0.003993320836,0.003629417383,0.002437241043,0.03283249861,0.001064395955
2016-04-21,-0.01286613742,-0.003717472119,0.006231465739,0.001712980586,-0.01312910284,0.005387931034,0.01541733121
2016-04-22,0.006655574043,0.003731343284,-0.004723246072,0.003990119704,-0.0002463661,0.03108252947,-0.0005235602094
2016-04-23,0,0,0,0,0,0,0
2016-04-24,0,0,0,0,0,0,0
2016-04-25,0,0,0.0003788416915,0,0,0,0
2016-04-26,0.004976499862,0.02464454976,-0.005285996055,0.01335914811,0.01482741857,-0.002115282919,0.009554140127
2016-04-27,-0.002751031637,0.03052728955,-0.001919416244,0.02178066488,0.001916167665,0.0164281929,0.004206098843
2016-04-28,0.01655172414,0.007181328546,-0.002447591348,-0.007479431563,0.005498446091,0.01981230448,-0.02094240838
2016-04-29,-0.0005427408412,0.007130124777,-0.00009559467856,-0.003579502638,-0.01069900143,0.01687116564,-0.005882352941
2016-04-30,0,0,0,0,0,0,0
2016-05-01,0,0,0,0,0,0,0
2016-05-02,0,0,-0.001116160408,0,0,0,0
2016-05-03,-0.01770657673,-0.02805429864,0.01365631734,-0.02738949754,-0.003951592986,-0.01556016598,-0.01990049751
2016-05-04,-0.02203147353,0.004655493482,0.01274793112,-0.02466498349,0.0009918175056,-0.005268703899,0.0005640157924
2016-05-05,-0.02984201287,0.01019462465,-0.0007774840616,0.005774591796,-0.005449591281,-0.001059322034,-0.00281848929
2016-05-06,0.0205066345,0.005504587156,0.004333955805,0.00475153435,0.02914072229,0.01060445387,-0.002826455625
2016-05-07,0,0,0,0,0,0,0
2016-05-08,0,0,0,0,0,0,0
2016-05-09,0,0,0.002219970452,0,0,0,0
2016-05-10,0.0385078219,0.02902621723,-0.003125771796,0.02076612903,0.01604146101,0.008620689655,0.03110859729
2016-05-11,-0.001448435689,0.03184713376,-0.004358833412,-0.0005925340707,-0.01627398591,0.01495726496,0.003839824465
2016-05-12,-0.01044386423,0.009700176367,-0.001477449456,0.003162055336,-0.006913580247,0.002631578947,0.009836065574
2016-05-13,-0.001172676634,-0.006986899563,0.007530566155,-0.02206461781,-0.001740427648,0.00157480315,-0.01352813853
2016-05-14,0,0,0,0,0,0,0
2016-05-15,0,0,0,0,0,0,0
2016-05-16,0,0,-0.004315002933,0,0,0,0
2016-05-17,0.004002287021,0.01360544218,0.0008915488918,-0.003528719859,-0.0004859086492,-0.006054490414,0.01503759398
2016-05-18,-0.02050113895,-0.01845637584,0.008721650762,-0.02400157387,0.001701507049,-0.01827411168,-0.007407407407
2016-05-19,-0.002906976744,0.007692307692,0.004837595024,-0.00826446281,-0.01237563698,-0.007238883144,-0.01492537313
2016-05-20,0.00583090379,-0.003392705683,0.002086198991,0.000406504065,0.007862407862,-0.002083333333,0.01244588745
2016-05-21,0,0,0,0,0,0,0
2016-05-22,0,0,0,0,0,0,0
2016-05-23,0,0,0.001600121914,0,0,0,0
2016-05-24,0,0.01372212693,-0.001521491061,0.007191288268,0,0,0
2016-05-25,0.008759536592,0.01776649746,-0.006933333333,0.02713178295,0.009388541165,0.02324380165,0.02073365231
2016-05-26,0,-0.006650041563,-0.004503605954,-0.009930486594,0.0007154781779,0.00454316002,-0.0005208333333
2016-05-27,0.005602240896,0.002510460251,0.003992200566,-0.006018054162,0.007149666349,0.0135678392,0.0005211047421
2016-05-28,0,0,0,0,0,0,0
2016-05-29,0,0,0,0,0,0,0
2016-05-30,0,0,-0.0006132147785,0,0,0,0
2016-05-31,0.006390664073,0,0.002929897224,0,-0.007834757835,-0.01543824701,0.01104100946
2016-06-01,-0.02374378796,0.005054759899,-0.00008412229853,0.008042895442,-0.007896625987,0.00708143652,-0.01352054082
2016-06-02,0.01696832579,-0.005867560771,0.001445495637,-0.0006137479542,0.0007235890014,0.002009040683,0.01581444386
2016-06-03,-0.01001112347,-0.003372681282,-0.0121124179,0.01248720573,-0.000723065799,-0.009523809524,-0.009859885833
2016-06-04,0,0,0,0,0,0,0
2016-06-05,0,0,0,0,0,0,0
2016-06-06,0,0,-0.01123517474,0,0,0,0
2016-06-07,0.01898380793,0.01495016611,-0.004448363861,0.03717845659,0.02171837709,0.04977375566,0.0421875
2016-06-08,-0.02821917808,0.01718494272,-0.005698966034,0.02615772137,-0.03784162579,-0.04501915709,-0.03548225887
2016-06-09,-0.008175923315,-0.01448109413,0.00357931252,-0.01208459215,-0.01602330663,-0.03309929789,-0.01347150259
2016-06-10,-0.02274019329,-0.03102040816,0.003582258394,-0.01930428135,-0.01579077227,-0.02541493776,-0.03834033613
2016-06-11,0,0,0,0,0,0,0
2016-06-12,0,0,0,0,0,0,0
2016-06-13,0,0,0.003590903046,0,0,0,0
2016-06-14,-0.007844276583,-0.002551020408,0.002525685599,-0.0231316726,-0.002510670349,-0.009503695882,0.009787928222
2016-06-15,-0.005563689605,-0.02216538789,0.003685675629,-0.0006071645416,-0.001761892776,-0.01599147122,-0.0005385029618
2016-06-16,0.002355712603,-0.02877070619,0.0006894948869,0.01498582422,-0.0002521432173,-0.03629469122,0.002155172414
2016-06-17,0.008813160987,0.04667863555,-0.001958674295,0.03072625698,0.004035308953,0.01573917931,0.01612903226
2016-06-18,0,0,0,0,0,0,0
2016-06-19,0,0,0,0,0,0,0
2016-06-20,0,0,-0.003883903206,0,0,0,0
2016-06-21,0.005214368482,-0.001679261125,0.0003125488358,0.02166476625,0,0.007514761138,0.01040041602
2016-06-22,0.002593659942,-0.0126156434,0.0009373535385,-0.004650297619,-0.01141439206,-0.02983484283,-0.02007205353
2016-06-23,0.04052888761,0.02044293015,0.001404713595,0.03102223883,0.01581325301,0.02910488742,0.03466386555
2016-06-24,-0.03729281768,-0.04841402337,0.0128584788,-0.06434656516,-0.02322708179,-0.0469583778,-0.01421319797
2016-06-25,0,0,0,0,0,0,0
2016-06-26,0,0,0,0,0,0,0
2016-06-27,0,0,0.003432916059,0,0,0,0
2016-06-28,0.01776871541,0.02502234138,-0.003574244013,0.02491173009,0.01080802882,0.01936619718,0.01699415826
2016-06-29,0.01860331998,0.02789886661,-0.006505876027,0.0380861244,0.02469450102,0.02936096718,0.03603133159
2016-06-30,0.007024445069,-0.01865988126,0.001832337274,0.01806784661,0.01565217391,-0.0005592841163,0.004536290323
2016-07-01,0,0.01815038894,-0.003781447754,0.006157189424,0,0,0
2016-07-02,0,0,0,0,0,0,0
2016-07-03,0,0,0,0,0,0,0
2016-07-04,0,0,-0.003384710712,0,0,0,0
2016-07-05,0.0008174386921,0,0.01074817561,0,-0.005071238831,-0.02562704471,0.001494023904
2016-07-06,-0.008167710319,0.01341681574,-0.003506181952,-0.001275045537,-0.0002427184466,-0.008393956351,0.01342615614
2016-07-07,-0.01015646445,-0.04501323919,0.002854938272,-0.01039576874,-0.005341102209,-0.02483069977,-0.0299313052
2016-07-08,0.006100942873,0.0009242144177,0.003162268216,0.005897530409,-0.004393458628,0.04340277778,0.01922104198
2016-07-09,0,0,0,0,0,0,0
2016-07-10,0,0,0,0,0,0,0
2016-07-11,0,0,0.005979302415,0,0,0,0
2016-07-12,0.02590245247,0.05070422535,-0.004983616551,0.01694606414,0.01426154218,0.04403567447,0.03705558338
2016-07-13,-0.0147730325,-0.03932082216,-0.006379426541,-0.005017022039,-0.01286939943,-0.02829684997,-0.004345726702
2016-07-14,-0.002453653217,0.0111627907,-0.005086979644,-0.001080497029,0.0007242877837,0.01043956044,0.004849660524
2016-07-15,-0.01393823449,0.01103955842,0.004423510455,-0.004687218316,0.001930036188,-0.003262642741,-0.001930501931
2016-07-16,0,0,0,0,0,0,0
2016-07-17,0,0,0,0,0,0,0
2016-07-18,0,0,0.00008489685033,0,0,0,0
2016-07-19,-0.01077645758,-0.01109057301,0.005294026856,-0.006821037516,-0.01335877863,0.005393743258,-0.00289017341
2016-07-20,0.006983240223,0.002803738318,0.003116699676,-0.003072474245,0.00749516441,0.001072961373,0.007729468599
2016-07-21,-0.001941747573,-0.02236719478,0.0004974286764,-0.002175489485,-0.003599712023,-0.008038585209,-0.01294343241
2016-07-22,0.0005558643691,-0.006673021926,0.004237515011,0.001271802326,0.007225433526,0.005942733657,0.009713453133
2016-07-23,0,0,0,0,0,0,0
2016-07-24,0,0,0,0,0,0,0
2016-07-25,0,0,0.006653724639,0,0,0,0
2016-07-26,0.005743825388,-0.004935834156,-0.003584690197,0.01512605042,-0.0002464875524,0.005571030641,0.001006542526
2016-07-27,-0.01027984009,-0.01785714286,-0.002899320709,-0.007542310522,-0.007642998028,-0.03047091413,-0.01407742584
2016-07-28,0.01529140219,-0.02323232323,0.001111339469,-0.0296570899,0.003726708075,0.06685714286,0
2016-07-29,-0.001420858198,0.009307135471,-0.008591914476,-0.01069723018,-0.005693069307,0.001071237279,0.008159102499
2016-07-30,0,0,0,0,0,0,0
2016-07-31,0,0,0,0,0,0,0
2016-08-01,0,0,0.004916413316,0,0,0,0
2016-08-02,0,-0.008501594049,-0.001303105353,0.00262202501,0,0,0
2016-08-03,0.01467997651,0.038585209,-0.002739328826,0.001207000604,0.02033462033,0.03899721448,0.01649484536
2016-08-04,0.00462962963,0.01547987616,-0.004139408547,0.006831424553,0.002018163471,0.03056300268,0.0005070993915
2016-08-05,0.008928571429,0.002032520325,0.012193248,0.0009978048294,0.003524672709,-0.007284079084,0.02939685758
2016-08-06,0,0,0,0,0,0,0
2016-08-07,0,0,0,0,0,0,0
2016-08-08,0,0,-0.001866478501,0,0,0,0
2016-08-09,0.007295173962,-0.00297029703,-0.002926577121,-0.002581926514,0.005437469105,-0.006176016469,0.0009713453133
2016-08-10,0.003899721448,-0.02979145978,-0.004635276897,-0.02548785344,-0.006145526057,-0.02951838426,-0.009704027171
2016-08-11,0.007491675916,0.04503582395,-0.005507046569,0.02063751532,0.01137768983,0.02241195304,0.01322880941
2016-08-12,0.003855687139,0.02840352595,-0.002256606157,-0.002202202202,0.009048667156,-0.0005219206681,0.006769825919
2016-08-13,0,0,0,0,0,0,0
2016-08-14,0,0,0,0,0,0,0
2016-08-15,0,0,-0.002407648915,0,0,0,0
2016-08-16,-0.002453653217,0.01486988848,-0.004966157416,0.01359456218,-0.005630354957,0.0005063291139,-0.01048118152
2016-08-17,-0.007105766603,0.00641025641,-0.001477070425,0.002564102564,-0.006154603644,-0.009109311741,0.002888781897
2016-08-18,0.008532892926,0.02820746133,-0.005333104957,0.01042691324,0.004954173892,0.01940755873,0.007201152184
2016-08-19,-0.002456331878,0.003539823009,0.006872368071,-0.01460280374,-0.001478925314,-0.006012024048,-0.004289799809
2016-08-20,0,0,0,0,0,0,0
2016-08-21,0,0,0,0,0,0,0
2016-08-22,0,0,0.003754382699,0,0,0,0
2016-08-23,-0.006263616558,0.01105287147,-0.00158423493,-0.0009978048294,0.006624141315,-0.008171603677,-0.002398081535
2016-08-24,-0.004932858317,-0.02445621549,0.0009210882774,-0.007590890931,0.001462344626,-0.001544799176,-0.008173076923
2016-08-25,-0.001101624897,0.01201478743,-0.001469291801,0.0006038647343,-0.01849598442,-0.001547189273,0.002908385846
2016-08-26,0.005789909016,0,0.007039744741,-0.0002011667673,-0.006942722539,-0.003099173554,0.001933301112
2016-08-27,0,0,0,0,0,0,0
2016-08-28,0,0,0,0,0,0,0
2016-08-29,0,0,-0.0003688108922,0,0,0,0
2016-08-30,0.007747648035,-0.01105990783,0.005895465027,0.001004823151,0.01223776224,0.007763975155,-0.00288184438
2016-08-31,-0.02361339923,-0.03448275862,0.001719302804,-0.01826942381,-0.01283000247,-0.02670775552,-0.01926782274
2016-09-01,-0.01012373453,-0.02895752896,-0.001159491044,-0.005521472393,0.0002499375156,0.008443271768,0.001473477407
2016-09-02,0.01221590909,0.01789264414,-0.008576447228,0.02076907259,0.02123938031,0.008372579801,0.01422265817
2016-09-03,0,0,0.00079342459,0,0,0,0
2016-09-04,0,0,0.0001539408867,0,0,0,0
2016-09-05,0,0,-0.004986917039,0,0,0,0
2016-09-06,0,0,-0.006442780682,0,0,0,0
2016-09-07,-0.001979638009,0.0125120308,0.002818019757,0.00676213206,0.0009840098401,-0.008961518187,-0.001934235977
2016-09-08,0.01331822046,0.04182509506,0.003019693994,0.01047016989,-0.001720324404,0.05159574468,0.00484496124
2016-09-09,-0.01985458613,-0.03375912409,0.009790263911,-0.03069403715,-0.01797144264,-0.03338391502,-0.03616200579
2016-09-10,0,0,-0.0008813949032,0,0,0,0
2016-09-11,0,0,0.0009205277693,0,0,0,0
2016-09-12,0,0,-0.001379521766,0,0,0,0
2016-09-13,-0.018322359,-0.02537593985,0.009800460476,-0.03075376884,-0.01587701613,-0.03925729443,-0.0376984127
2016-09-14,-0.001458151064,-0.02700096432,0.002728440381,-0.009954375778,0.003841229193,-0.01877415792,-0.01134020619
2016-09-15,0.00613317757,0.004955401388,-0.002622483628,0.005655634688,0.004846938776,0.01012943163,0.001042752868
2016-09-16,-0.005805515239,-0.01380670611,0.004012462953,-0.01666319517,0.002792586951,-0.003342618384,0.0046875
2016-09-17,0,0,0,0,0,0,0
2016-09-18,0,0,0,0,0,0,0
2016-09-19,0,0,0.0002500246236,0,0,0,0
2016-09-20,-0.01304347826,0.009018036072,-0.001530071201,-0.007591733446,-0.005297679112,-0.01295774648,-0.003092783505
2016-09-21,0.01027900147,0.03277060576,-0.007525527621,0.01997450064,-0.00507227999,0.02168949772,0.0170630817
2016-09-22,0.01569767442,0.0125,-0.002728815373,0.009791666667,0.02294162631,0.01229050279,0.01677681749
2016-09-23,-0.002575844305,-0.03228869896,0.009205251822,-0.01031565917,-0.013207077,-0.01655629139,-0.024
2016-09-24,0,0,0.0009873167768,0,0,0,0
2016-09-25,0,0,-0.00215477997,0,0,0,0
2016-09-26,0,0,0.005763557286,0,0,0,0
2016-09-27,-0.01441753172,-0.02684563758,-0.001542253202,-0.007794396461,-0.01379137412,-0.02535211268,-0.01484135107
2016-09-28,0.04095962551,0.04926108374,-0.01081244794,0.03439490446,0.03076531909,0.05780346821,0.06961038961
2016-09-29,0.0233277122,0.020657277,0.006774237994,0.02073070608,0.02491366552,0.02732240437,0.02331228752
2016-09-30,0.0002746498215,0.005519779209,-0.00200719244,0.006836919365,-0.01227436823,0.001595744681,-0.00474608448
2016-10-01,0,0,0.0002056939122,0,0,0,0
2016-10-02,0,0,0.0002742021479,0,0,0,0
2016-10-03,0,0,-0.00127164461,0,0,0,0
2016-10-04,0.003032809484,-0.0009009009009,0.006145213062,0.006554121152,-0.001451729978,0.001592356688,-0.004739336493
2016-10-05,0.008521165476,0.02344454463,-0.001477664532,0.01637726914,0.02834989096,0.02808691044,0.02095238095
2016-10-06,0.005723630417,0.0140969163,0.003263261744,-0.007183071248,0.01531573987,0.02989690722,-0.004664179104
2016-10-07,-0.0005420054201,-0.01563857515,0.005582450832,0.003128666406,-0.009050823857,-0.00950950951,-0.006560449859
2016-10-08,0,0,0,0,0,0,0
2016-10-09,0,0,0,0,0,0,0
2016-10-10,0,0,-0.006369138355,0,0,0,0
2016-10-11,0,-0.007712082262,0.00472393104,-0.01877394636,0,0,0
2016-10-12,-0.005614973262,-0.01295336788,0.003492274665,-0.00566185084,0.0002319109462,-0.005392156863,-0.001391465677
2016-10-13,0.01075557946,0.005249343832,-0.005506425418,-0.007461221284,0.006028286575,0.01034992607,-0.005573618207
2016-10-14,-0.005586592179,-0.004351610096,-0.004802193557,0.003956478734,-0.01843742798,0.0009756097561,-0.0135450724
2016-10-15,0,0,0.0001598307316,0,0,0,0
2016-10-16,0,0,0.00005326839662,0,0,0,0
2016-10-17,0,0,-0.002046919348,0,0,0,0
2016-10-18,0.01038062284,0.007036059807,-0.0005261231586,0.00736318408,0.002823529412,0.001480750247,0.004257332072
2016-10-19,0.01106427819,0.01834061135,0.001937762723,0.007902015014,0.01102768653,0.009857072449,0.0230805464
2016-10-20,0.01016154247,-0.01972555746,0.007134535874,-0.000588004704,0.001624506846,-0.0009760858956,0.008287292818
2016-10-21,0.01083311839,0.004374453193,0.00824071974,-0.003333987056,0.01135310473,0.02002931119,0.008219178082
2016-10-22,0,0,-0.000524895021,0,0,0,0
2016-10-23,0,0,0.00180058519,0,0,0,0
2016-10-24,0,0,-0.0002995581517,0,0,0,0
2016-10-25,-0.008390541571,-0.01662292213,0.0002247359353,-0.001581340186,-0.008581752484,-0.01207729469,-0.0135501355
2016-10-26,0.009743589744,-0.01334519573,0.001640203715,-0.00851316571,-0.004783599089,-0.0141809291,-0.002747252747
2016-10-27,0.05662772981,0.01082055906,0.001001951562,0.008785942492,0.02723735409,0.02777777778,-0.0009182736455
2016-10-28,-0.007690459024,-0.0178412132,0.0004780650318,-0.01286619161,-0.03342245989,-0.0333011583,-0.004136029412
2016-10-29,0,0,-0.00005226337756,0,0,0,0
2016-10-30,0,0,0.0006719928321,0,0,0,0
2016-10-31,0,0,0.001253544247,0,0,0,0
2016-11-01,-0.00248447205,0.003798670465,-0.002071720273,0.04738004417,0.01724137931,-0.001550387597,-0.004227336778
2016-11-02,-0.0104607721,-0.02743614002,0.0002240310656,-0.022426682,-0.01242937853,-0.02691511387,-0.004716981132
2016-11-03,-0.004530581425,-0.01945525292,-0.0001418545617,-0.002156862745,-0.0006864988558,-0.02446808511,-0.02985781991
2016-11-04,-0.01061946903,-0.009920634921,0.0007168405254,-0.01198663785,-0.008930615984,0.007088331516,-0.02002931119
2016-11-05,0,0,0.00009700261907,0,0,0,0
2016-11-06,0,0,-0.003260464075,0,0,0,0
2016-11-07,0,0,0.0008608235461,0,0,0,0
2016-11-08,0.001246882793,-0.005905511811,-0.005631674993,-0.01654984424,-0.003894616266,-0.006389776358,0
2016-11-09,0.01519302615,0.01782178218,0.008792448573,0.007325282122,0.008279668813,0.03269024652,0.02165354331
2016-11-10,-0.016437684,-0.0233463035,0.004324356566,0.005306603774,-0.002052919708,-0.01401141671,0.005298651252
2016-11-11,-0.01396857072,-0.02689243028,0.005122342321,-0.03655913978,-0.01737142857,-0.001052631579,-0.01054144705
2016-11-12,0,0,0,0,0,0,0
2016-11-13,0,0,0,0,0,0,0
2016-11-14,0,0,0.0008575885497,0,0,0,0
2016-11-15,0.03921568627,0.04761904762,-0.006130936113,0.0229602296,0.02396865637,0.0373095113,0.0229775012
2016-11-16,-0.007982583454,-0.01063829787,-0.002118187426,-0.0126252505,-0.002475804637,-0.003039513678,-0.003275620028
2016-11-17,0.005120702268,-0.009775171065,0.008185366144,0.003653338746,0.003835740072,-0.008130081301,-0.005164319249
2016-11-18,0.01431344008,0.01875616979,-0.002496989576,-0.004651162791,0.00584400989,0.005635245902,0.01698914582
2016-11-19,0,0,0,0,0,0,0
2016-11-20,0,0,0,0,0,0,0
2016-11-21,0,0,-0.007403020432,0,0,0,0
2016-11-22,-0.003971962617,-0.01299907149,0.001789976134,0.004551751435,0.00703451308,-0.01557935735,0
2016-11-23,-0.002111189303,0.003762935089,0.00517421084,-0.009062253743,-0.008295132067,0.003461918892,0.0009074410163
2016-11-24,-0.0009402914904,0,-0.0007776913676,0,0.007484041382,-0.0009857072449,-0.002266545784
2016-11-25,-0.01270588235,0,0.001771551405,0,-0.01594931178,-0.01134681796,-0.008178100863
2016-11-26,0,0,0.0008953081414,0,0,0,0
2016-11-27,0,0,-0.0008131884379,0,0,0,0
2016-11-28,0,0,-0.008338265759,0,0,0,0
2016-11-29,-0.02205525933,-0.03639846743,0.002081576925,-0.002845528455,-0.005174353206,-0.02519280206,-0.02251407129
2016-11-30,0.06022304833,0.08648111332,-0.0004318303651,0.04158173665,0.04002713704,0.09546413502,0.08781190019
2016-12-01,0.004441327723,0.03659652333,-0.008826552654,0.0133072407,-0.01587301587,0.002407318247,0.0008822232025
2016-12-02,-0.00349080754,0.013239188,-0.001382741285,0.00270374662,-0.01237295625,-0.003362151777,-0.001322168356
2016-12-03,0,0,-0.0001128795575,0,0,0,0
2016-12-04,0,0,0.00251373523,0,0,0,0
2016-12-05,0,0,-0.003633524519,0,0,0,0
2016-12-06,-0.002784868879,-0.005286343612,0.0003767329717,0.003256704981,0.02054340623,0.00918762089,-0.006637168142
2016-12-07,0.001396323016,-0.01771479185,-0.003841229193,0.009165552797,0.0002164502165,-0.01581217058,-0.02004454343
2016-12-08,-0.004415524053,0.01983769161,-0.002343868139,-0.001702932829,-0.0004328067518,-0.002921129503,-0.005909090909
2016-12-09,0.003034547152,0.01149425287,-0.001250473664,0.0009476876422,0.00562892401,0.00927734375,0.00548696845
2016-12-10,0,0,-0.0001897029252,0,0,0,0
2016-12-11,0,0,-0.003574681239,0,0,0,0
2016-12-12,0,0,-0.0001675692556,0,0,0,0
2016-12-13,0.02291325696,0.009466437177,0.0005865906892,0.0164763153,0.006715634837,-0.0004768717215,0.03615002259
2016-12-14,-0.01188571429,-0.03495311168,0.01152698258,-0.01805120648,-0.01938711695,-0.02671755725,-0.02354993458
2016-12-15,0.01295396715,0.003533568905,0.003560192085,0.007128118552,0.009991496599,0.02450980392,-0.01339883877
2016-12-16,0,0.01672535211,0.0003450060376,0.009685230024,0.01473374027,0.01435406699,0.01177003169
2016-12-17,0,0,-0.0002774091485,0,0,0,0
2016-12-18,0,0,0.000397480126,0,0,0,0
2016-12-19,0,0,0.004820342897,0,0,0,0
2016-12-20,0.00296668188,0.01043478261,-0.002417261034,0.001479289941,0.00272479564,-0.01740357479,-0.005855855856
2016-12-21,0.0004550625711,-0.01549053356,0.004532128754,-0.0007385524372,0.005434782609,0,-0.006796556411
2016-12-22,0.01068910621,0.001748251748,0.003692729195,0.001293422025,0.0002079002079,-0.001914791766,-0.0009124087591
2016-12-23,-0.001800180018,0.00872600349,0.004865963476,-0.001476287138,-0.01600498857,-0.01822541966,-0.006392694064
2016-12-24,0,0,-0.00007381708127,0,0,0,0
2016-12-25,0,0,-0.00190462129,0,0,0,0
2016-12-26,0,0,0.0001701158267,0,0,0,0
2016-12-27,0,0,0.003934183768,0,0,0,0
2016-12-28,0,0.001705029838,-0.001701569716,-0.001840942563,0,0,0
2016-12-29,0.004536176004,-0.002553191489,-0.005497100187,0.006270748801,-0.002115059222,0.0009756097561,-0.009619789281
2016-12-30,-0.008805599458,0,-0.003271974536,-0.003299120235,-0.009961848241,-0.01072124756,-0.01017576318
2016-12-31,0,0,0.0001488759863,0,0,0,0
2017-01-01,0,0,-0.0001488538255,0,0,0,0
2017-01-02,0,0,0.0005508411493,0,0,0,0
2017-01-03,0,0,-0.001458181439,0,0,0,0
2017-01-04,-0.004975124378,0.01223776224,-0.009149294431,0.01014125317,-0.003826530612,-0.009770395701,0.0004576659039
2017-01-05,0.002954545455,0.0103626943,-0.005233476201,0.008784510577,-0.01707212975,0,-0.006861848124
2017-01-06,-0.0004532064355,-0.001709401709,0.0007558921795,-0.008530300338,0.004993486756,-0.0009866798224,-0.006448641179
2017-01-07,0,0,-0.000256809221,0,0,0,0
2017-01-08,0,0,0.0004381988516,0,0,0,0
2017-01-09,0,0,-0.002091860623,0,0,0,0
2017-01-10,-0.01103702,-0.02122015915,0.002262734503,-0.004212454212,-0.004149377593,-0.01462430661,-0.01530368245
2017-01-11,0.003720065101,0.027100271,-0.006100875868,0.02023174545,-0.0006578947368,0.008188331627,-0.007770762506
2017-01-12,-0.009034051425,0.01495162709,-0.0009572140513,0.004326663061,-0.007461048936,-0.01878172589,-0.01125795399
2017-01-13,-0.003740065451,-0.01126516464,-0.002950435722,-0.004128522707,-0.002210921954,0.001034661148,0.02178217822
2017-01-14,0,0,0.00009152061502,0,0,0,0
2017-01-15,0,0,0.0009913825974,0,0,0,0
2017-01-16,0,0,0.003733048911,0,0,0,0
2017-01-17,-0.001635131979,0,-0.008599620493,0,-0.0006643046944,0.01083591331,-0.0009713453133
2017-01-18,-0.007253158634,-0.02362204724,0.0155645896,-0.01260352899,-0.011522269,-0.01633486473,-0.01312591152
2017-01-19,-0.006834786708,0.0008960573477,0.004259329061,-0.00583515682,-0.007173279534,0.001037882719,-0.004926108374
2017-01-20,0.003322259136,0.01969561325,0.0003453064595,0.006419662509,0.003838338225,0.008812856402,0.01386138614
2017-01-21,0,0,0.0001425773482,0,0,0,0
2017-01-22,0,0,-0.001815726291,0,0,0,0
2017-01-23,0,0,-0.004968505239,0,0,0,0
2017-01-24,0.02363154087,0.004416961131,-0.006353067376,0.01095690285,0.005944215821,0,0.008664627931
2017-01-25,-0.006124852768,-0.005277044855,-0.006393686899,0.005238439306,0.004772727273,0.003745318352,0.01061141991
2017-01-26,-0.01066603461,0.01945181256,0.001568537434,-0.01006289308,-0.01040488577,-0.01012793177,0.0065
2017-01-27,-0.01006229037,-0.01127493495,0.004896867838,-0.002541296061,-0.0048,-0.02207862143,0.0009935419771
2017-01-28,0,0,-0.0002356679666,0,0,0,0
2017-01-29,0,0,-0.001482776975,0,0,0,0
2017-01-30,0,0,-0.002223660663,0,0,0,0
2017-01-31,-0.00688976378,0.003546099291,-0.005060180274,0.01266058462,-0.0009341429239,-0.005599104143,0.006138107417
2017-02-01,0.004212091179,0.01413427562,0.0009742252225,-0.002206287921,0.007012622721,0,-0.001016776817
2017-02-02,-0.0002467308167,0.002613240418,-0.001410102156,0.005527915976,-0.005106778087,-0.002815315315,0.02595419847
2017-02-03,0.005182625864,0.002606429192,-0.0005295350069,0.007330034818,0.0006999533364,0.01129305477,-0.009920634921
2017-02-04,0,0,0.0001228557827,0,0,0,0
2017-02-05,0,0,-0.0005220729367,0,0,0,0
2017-02-06,0,0,0.00513127775,0,0,0,0
2017-02-07,0.004202719407,-0.01669595782,0.008047382499,-0.01142015104,-0.007068803016,-0.0005773672055,-0.02363823227
2017-02-08,-0.002708025603,0.003574620197,-0.003373691273,-0.00912986771,0.003796867584,0.01559792028,-0.002631578947
2017-02-09,0.02369785238,0.0106856634,-0.0009736950205,0.009966152689,0.003546099291,0.001137656428,0.03007915567
2017-02-10,0.001205690861,0.01321585903,-0.003753902383,0.008936883262,0.004475853946,0.008522727273,0.0112704918
2017-02-11,0,0,-0.0002063636433,0,0,0,0
2017-02-12,0,0,0.002820885253,0,0,0,0
2017-02-13,0,0,-0.003537151526,0,0,0,0
2017-02-14,0.00263662512,0.005300353357,0.0007420724477,0.0001836884644,0.00283286119,0.01930721181,0.01275510204
2017-02-15,0.01482189816,-0.001757469244,-0.001032015411,-0.01983471074,0.004708097928,0.001114206128,0.002518891688
2017-02-16,0.0009422850412,0.004401408451,0.0005739342042,-0.007682218475,0.006091846298,0.008347245409,-0.002512562814
2017-02-17,-0.008472581784,-0.001752848379,0.001369003916,-0.01435045317,-0.001630181649,-0.01324503311,-0.008564231738
2017-02-18,0,0,0.0002978668153,0,0,0,0
2017-02-19,0,0,-0.0006719095976,0,0,0,0
2017-02-20,0,0,0.001298879907,0,0,0,0
2017-02-21,0,0,0.003136159692,0,0,0,0
2017-02-22,-0.01311782619,-0.01559792028,0.001392026654,-0.009716136407,-0.009501738123,-0.0474137931,-0.04264927245
2017-02-23,0.01708995965,0.01496478873,-0.004861522568,0.009619084263,0.0004679457183,0.0005656108597,0.01048218029
2017-02-24,-0.03757292882,-0.00607111882,-0.0003053295269,-0.01448170732,-0.03531337699,-0.04183154324,-0.02178423237
2017-02-25,0,0,-0.0005803032848,0,0,0,0
2017-02-26,0,0,0.002314920926,0,0,0,0
2017-02-27,0,0,0.005152713941,0,0,0,0
2017-02-28,0.002424242424,-0.001743679163,0.009433604562,0.0001927525058,-0.007178750897,-0.02211874272,0.001577287066
2017-03-01,0.0084643289,-0.004366812227,0.003057552606,0.008864906533,-0.01012292119,0.01130952381,0.009448818898
2017-03-02,-0.006474820144,-0.0201754386,0.003048232475,-0.00229226361,0.007061115169,-0.01059446733,0.05304212168
2017-03-03,0.007965242578,0.01074306177,-0.001269348227,0.004403599464,-0.006044487427,0.01665675193,0.03259259259
2017-03-04,0,0,-0.00005233370964,0,0,0,0
2017-03-05,0,0,0.000523364486,0,0,0,0
2017-03-06,0,0,0.001449708564,0,0,0,0
2017-03-07,-0.001658374793,-0.0008865248227,0.0006790335338,-0.004554944012,0.002414292612,-0.01101449275,-0.01005747126
2017-03-08,-0.03986710963,-0.05323868678,0.005629916856,-0.0266920877,-0.01541425819,-0.03048065651,-0.04596032898
2017-03-09,0.002224419179,-0.01312089972,0.001542340205,0.005680705191,0.01223091977,-0.0253929867,0.09837728195
2017-03-10,-0.002219482121,-0.02279202279,-0.002976278615,0.007791195949,-0.007733204447,0.009925558313,0.001385041551
2017-03-11,0,0,0,0,0,0,0
2017-03-12,0,0,0,0,0,0,0
2017-03-13,0,0,-0.0005424081436,0,0,0,0
2017-03-14,-0.009888751545,-0.008754863813,0.001583501844,-0.02000384689,-0.01071341612,-0.004965859714,-0.01357677903
2017-03-15,0.0177278402,0.01864573111,-0.01304138059,0.02217860648,0.006153088851,0.04054897068,0.03844328429
2017-03-16,0.005397448479,-0.001926782274,0.001940316467,0.006528417819,0.01272015656,-0.001798561151,0.001371115174
2017-03-17,0.004148365056,-0.002895752896,0.00177893204,0.00534147272,-0.003381642512,-0.009009009009,-0.003651300776
2017-03-18,0,0,0.001550991661,0,0,0,0
2017-03-19,0,0,-0.002543577467,0,0,0,0
2017-03-20,0,0,0.0003525088127,0,0,0,0
2017-03-21,-0.01266130996,-0.01605839416,0.001447026099,0.006105705018,-0.005110732538,-0.01136363636,-0.01440520446
2017-03-22,0.003699136868,0.0009891196835,-0.001871677772,-0.003413616537,0.01272015656,0.03024803388,0.005657708628
2017-03-23,0.003931203931,-0.01086956522,0.001237623762,-0.001712654615,-0.004589371981,-0.01409277745,-0.0009376465073
2017-03-24,-0.0004894762604,0.007992007992,0.002367307188,-0.007624857034,0.001941276389,0.005360333532,0.005161895824
2017-03-25,0,0,-0.0005306387845,0,0,0,0
2017-03-26,0,0,-0.003626710536,0,0,0,0
2017-03-27,0,0,0.004803182108,0,0,0,0
2017-03-28,0.0234741784,0.0109561753,-0.000829069724,0.01109623111,0.02291006581,0.01877934272,0.009905660377
2017-03-29,0.01521004346,0.02167487685,-0.003468536487,0.007190160833,-0.0111984751,0.005184331797,0.02428771602
2017-03-30,-0.02045184304,0.01928640309,0.0001125196909,-0.004320871689,-0.01975903614,-0.1375358166,-0.0104879161
2017-03-31,-0.008739985433,0.006622516556,-0.001102568911,-0.005094339623,-0.003933136676,0,0.003225806452
2017-04-01,0,0,-0.0004054723753,0,0,0,0
2017-04-02,0,0,0.001006580331,0,0,0,0
2017-04-03,0,0,0.004412493059,0,0,0,0
2017-04-04,0.009102091021,0.01516587678,0.0009936793031,0.00935828877,0.01500984252,-0.00602006689,0.01965265082
2017-04-05,0.01023890785,-0.002801120448,0.002724307541,-0.003784295175,-0.016,0.01682368775,-0.002689376961
2017-04-06,0.006032818533,0.01685393258,-0.001190972429,0.008547008547,0.0034491254,-0.001323626737,0.007191011236
2017-04-07,-0.005277044855,0.009208103131,-0.0008644845883,0.003201506591,-0.003682789099,-0.02319416832,-0.004908522981
2017-04-08,0,0,-0.0002088492407,0,0,0,0
2017-04-09,0,0,0.0002238137869,0,0,0,0
2017-04-10,0,0,-0.006302677706,0,0,0,0
2017-04-11,-0.007657334291,0.002692998205,0.0002326890599,0.005428678398,-0.003149224806,-0.01998667555,-0.0013239188
2017-04-12,-0.002893658066,-0.005371530886,-0.006236116948,-0.005026996835,-0.004617253949,-0.01767505099,-0.01193106496
2017-04-13,-0.01596130593,0.001800180018,0.007090806117,-0.0192739521,-0.02221679688,-0.01314878893,-0.008050089445
2017-04-14,0,0,-0.0008772982214,0,0,0,0
2017-04-15,0,0,0.00002251457819,0,0,0,0
2017-04-16,0,0,-0.0009005628518,0,0,0,0
2017-04-17,0,0,0.0009389318711,0,0,0,0
2017-04-18,-0.007028599127,-0.001808318264,0.004247495404,-0.009066868153,-0.004677498769,-0.01310344828,-0.01558325913
2017-04-19,-0.005857944838,-0.03804347826,0.007539922733,-0.02382767823,-0.0103883255,-0.02585604472,-0.01175938489
2017-04-20,-0.001964154186,-0.007532956685,-0.000526589038,0.001952743605,0.001999500125,-0.006456241033,0.002745995423
2017-04-21,0.007134071341,-0.02087286528,0.001402503729,0.001948937829,0.01097530556,0.0238267148,0.006846188955
2017-04-22,0,0,0.0001852565433,0,0,0,0
2017-04-23,0,0,-0.001059471153,0,0,0,0
2017-04-24,0,0,0.00489505303,0,0,0,0
2017-04-25,0.01956049263,0.01073170732,0.001837774005,0.009183087813,0.02045342533,0.00777385159,0.02393857272
2017-04-26,-0.01397441971,-0.009652509653,0.003366755317,-0.00663507109,-0.008693552282,-0.0175315568,-0.005734450816
2017-04-27,0.002882536632,-0.001949317739,0.0006094158419,-0.005152671756,-0.02314250914,-0.03283369022,-0.0363797693
2017-04-28,0.02467065868,0,0.001819796153,0.001150968732,-0.009725685786,0.00442804428,0.0009208103131
2017-04-29,0,0,-0.0001245174947,0,0,0,0
2017-04-30,0,0,-0.0006592923595,0,0,0,0
2017-05-01,0,0,0.002199091042,0,0,0,0
2017-05-02,0.005828864537,-0.02266009852,0.002538033938,-0.001153846154,-0.00353713997,-0.007423904974,-0.005497022446
2017-05-03,-0.01043115438,0.001008064516,0.001502914633,0.006546014632,0.005831643002,-0.003739715782,-0.003684937817
2017-05-04,-0.02201920825,-0.04733131923,0.001741056144,0.007651109411,-0.01613309806,-0.0487987988,-0.04207119741
2017-05-05,0.0205988024,0.02114164905,-0.007359357729,0.0294229309,0.00794260825,0.01973164957,0.02027027027
2017-05-06,0,0,-0.00007326007326,0,0,0,0
2017-05-07,0,0,0.001633819327,0,0,0,0
2017-05-08,0,0,0.001638468909,0,0,0,0
2017-05-09,-0.003006475486,-0.01034126163,0.0009712495527,-0.005690161527,-0.002780586451,-0.009863429439,-0.01579925651
2017-05-10,0.01206216655,0.0303030303,0.0002699350697,0.01402990585,0.004309252218,0.03448275862,0.01369216242
2017-05-11,-0.009397203759,0.008113590264,-0.000495963007,0.0007281995267,-0.00227158001,-0.03333333333,-0.01210992082
2017-05-12,0.005321610366,0.001006036217,0.0004816147228,0.006185191923,0.005818365798,0.007662835249,-0.004243281471
2017-05-13,0,0,0.0001094052004,0,0,0,0
2017-05-14,0,0,0.0004084014002,0,0,0,0
2017-05-15,0,0,-0.006509885111,0,0,0,0
2017-05-16,-0.009578107184,-0.005899705015,-0.001174027575,0.009164420485,-0.01702980215,-0.02908277405,-0.01165501166
2017-05-17,-0.01657840203,0.007912957468,-0.0009844038113,-0.01691595442,-0.0178343949,-0.02841781874,-0.02783018868
2017-05-18,0.0007024116132,0.006869479882,0.0003382626536,-0.00289802572,0,-0.002371541502,0.005337214944
2017-05-19,0.01310248011,0.02144249513,-0.006946741647,0.007992733878,0.01712062257,0.03645007924,0.013996139
2017-05-20,0,0,0.0001480494485,0,0,0,0
2017-05-21,0,0,0.0003848715861,0,0,0,0
2017-05-22,0,0,-0.001797842589,0,0,0,0
2017-05-23,0,0.009487666034,0.002171673374,-0.001990229781,0,0,0
2017-05-24,-0.006510113927,-0.003759398496,-0.008009644114,-0.002356780276,-0.01196537678,-0.01152959262,-0.005813953488
2017-05-25,-0.01263749122,-0.05283018868,0.00525613402,-0.01235689624,-0.006441638753,-0.03421461897,-0.01998050682
2017-05-26,0.009243896658,0.02390438247,-0.002736698459,0.001103955842,0.005186721992,0.01771336554,-0.005469915465
2017-05-27,0,0,0.0001859219871,0,0,0,0
2017-05-28,0,0,0.0003271618708,0,0,0,0
2017-05-29,0,0,0.001486613049,0,0,0,0
2017-05-30,0.001174260216,0,-0.0002375050099,0,-0.0007749935417,-0.03120124805,-0.01658291457
2017-05-31,-0.008210180624,-0.02734375,0.001499606539,-0.002017608217,-0.01189245088,-0.02979066023,-0.005109862034
2017-06-01,0.0009460737938,-0.005020080321,0.00186058234,0.0007351589781,0.0007849293564,0.01742738589,0.01335387776
2017-06-02,-0.008979206049,-0.005045408678,-0.002515630202,-0.008815426997,-0.01045751634,-0.05301794454,-0.01317790167
2017-06-03,0,0,0.0003337907503,0,0,0,0
2017-06-04,0,0,0.0009194720451,0,0,0,0
2017-06-05,0,0,-0.001533515083,0,0,0,0
2017-06-06,0.008834765998,0.01734693878,-0.002084925469,0.002765996681,0.007963897,0.01488616462,0.009688934217
2017-06-07,-0.02627218935,-0.05115346038,0.004528015703,-0.01232070614,-0.01290492494,-0.06125970664,-0.02676767677
2017-06-08,-0.007292173068,-0.003171247357,0.0008585914659,-0.004840811767,0.00560298826,-0.02297794118,0.003632589517
2017-06-09,0.01003917728,0.006362672322,-0.004126577972,0.007857811038,0.007959671,0.0442144873,0.0170630817
2017-06-10,0,0,-0.0003193156249,0,0,0,0
2017-06-11,0,0,-0.0004382706879,0,0,0,0
2017-06-12,0,0,-0.01075348727,0,0,0,0
2017-06-13,-0.003655861565,0.008403361345,-0.005333774058,0.007579959327,0.001561686622,0.005277044855,0.002041858091
2017-06-14,-0.0362035225,-0.03854166667,0.0001435001964,-0.01302752294,-0.003898128898,-0.04199475066,-0.0483953133
2017-06-15,-0.006091370558,-0.005417118093,0.001034563482,-0.01282766313,0.003913383773,-0.04383561644,-0.01391862955
2017-06-16,0.002553626149,0.006535947712,-0.003236270368,0.02542372881,0.02156964657,0.003820439351,0.0124864278
2017-06-17,0,0,-0.0002346156466,0,0,0,0
2017-06-18,0,0,0.0001362604088,0,0,0,0
2017-06-19,0,0,0.001074796773,0,0,0,0
2017-06-20,-0.02256988972,-0.01864035088,0.003319219719,-0.02216885276,-0.01757066463,-0.08171206226,-0.01489361702
2017-06-21,0.003673576489,-0.02681564246,0.00415225435,-0.01322501417,-0.001036806636,-0.03177966102,0.01133909287
2017-06-22,-0.003660130719,0.00803673938,-0.007054409006,0.0001914608463,-0.004670472237,-0.01531728665,0.005339028297
2017-06-23,0.01075833115,0.009111617312,0.00297029703,0.007082695253,0.02111574557,0.01777777778,0.003717472119
2017-06-24,0,0,-0.0003240318606,0,0,0,0
2017-06-25,0,0,-0.0003241368913,0,0,0,0
2017-06-26,0,0,-0.0003242419901,0,0,0,0
2017-06-27,0.0110323089,0.01903695409,-0.005611960113,0.01544033549,0.001818181818,0.04371584699,0.001065530101
2017-06-28,0.001039230969,0.01098901099,-0.01095350072,0.007133470997,0.005444646098,0.002094240838,0.01809473124
2017-06-29,-0.007007526603,0.001086956522,-0.003527986133,-0.008574091333,-0.01418256833,-0.01149425287,-0.004181913225
2017-06-30,-0.009670674334,0.03148751357,-0.002170466265,0,-0.01124771122,0.01057082452,-0.01784776903
2017-07-01,0,0,-0.0002622566413,0,0,0,0
2017-07-02,0,0,0.001049301751,0,0,0,0
2017-07-03,0,0,0.001210056572,0,0,0,0
2017-07-04,0,0,-0.004526454354,0,0,0,0
2017-07-05,-0.005061267981,0,0.002142056219,0,-0.02377179081,-0.05088265836,-0.01864677677
2017-07-06,-0.01124497992,0.006486486486,0.001489289462,0.003591003591,-0.01001082251,0.004376367615,0.000542888165
2017-07-07,-0.007040346602,-0.02255639098,-0.007882266826,-0.003013182674,-0.01147854605,-0.0174291939,-0.01410743353
2017-07-08,0,0,0.00006213013156,0,0,0,0
2017-07-09,0,0,0.0003106313582,0,0,0,0
2017-07-10,0,0,0.0009704215511,0,0,0,0
2017-07-11,0.01998357514,0.01533406353,0.001341761353,0.004356060606,0.02239424938,0.01762114537,0.01461038961
2017-07-12,0.001073537305,0.006472491909,-0.01247018,0.008485762776,0.01000540833,-0.002164502165,-0.004266666667
2017-07-13,0,0.01500535906,-0.001803949866,0,-0.004819277108,0.01193058568,-0.004820567756
2017-07-14,0.008579088472,0.01267159451,-0.006435239023,0.005048616305,-0.006725854183,-0.007502679528,-0.00215285253
2017-07-15,0,0,-0.00007117494009,0,0,0,0
2017-07-16,0,0,-0.000173995571,0,0,0,0
2017-07-17,0,0,0.004358556535,0,0,0,0
2017-07-18,0.005326231691,0.009523809524,-0.005127235782,0.006526198023,-0.001894964808,0.007462686567,0.01124799143
2017-07-19,0.02145695364,0.01572327044,-0.002517455945,0.001296776584,0.02305397342,0.02222222222,0.01694915254
2017-07-20,0.006742738589,-0.008255933953,-0.0003015873016,0.005365402405,-0.00821845175,-0.008281573499,-0.005729166667
2017-07-21,-0.01030396703,-0.02809573361,-0.004477540846,-0.005152741995,-0.01737503341,-0.02505219207,-0.02409638554
2017-07-22,0,0,-0.0002232890477,0,0,0,0
2017-07-23,0,0,-0.0001994097471,0,0,0,0
2017-07-24,0,0,-0.002321592405,0,0,0,0
2017-07-25,0.01589783685,0.03263157895,0.00008796200042,0.008532739751,0.009264305177,0.06545064378,0.0192926045
2017-07-26,0,0.01529051988,-0.004357733978,0.002758874379,-0.001889848812,0.002014098691,0.007360672976
2017-07-27,0.02026680349,0.01004016064,0.007051076132,0.01393983859,0.006762239654,0.09447236181,0.008872651357
2017-07-28,0.01483530299,0.01093439364,-0.008461059985,0.008321273517,-0.03062869425,-0.02938475666,-0.004138644594
2017-07-29,0,0,-0.000217151773,0,0,0,0
2017-07-30,0,0,0.002445499155,0,0,0,0
2017-07-31,0,0,0.003659299918,0,0,0,0
2017-08-01,-0.007622326039,-0.01848249027,0.00315823139,0.004776225013,-0.0002794857462,-0.0305635148,0.002621919245
2017-08-02,0.01957383548,0.004955401388,0.002032439326,0.01021126761,0.02879507968,0.01083743842,0.009414225941
2017-08-03,0.0009720534629,-0.01183431953,-0.0002943048043,-0.00592540955,-0.008967391304,-0.0126705653,0.03367875648
2017-08-04,0.01310997815,0.01097804391,0.006476611793,0.005259467041,0.01453249246,0.03948667325,0.01854636591
2017-08-05,0,0,-0.0003715503134,0,0,0,0
2017-08-06,0,0,-0.0003163305654,0,0,0,0
2017-08-07,0,0,0.002689660628,0,0,0,0
2017-08-08,0,-0.00396039604,-0.0003313609467,-0.002265597769,0,0,0
2017-08-09,-0.0009603841537,0.008946322068,0.001925687407,-0.008384279476,-0.001078167116,-0.01043643264,-0.001960784314
2017-08-10,-0.008411439558,-0.0236453202,0.003481630853,-0.01356350185,-0.01214247167,-0.02588686481,-0.02013752456
2017-08-11,-0.003635482307,0.008072653885,-0.004764745592,-0.006428571429,-0.002458344715,-0.0009842519685,-0.009022556391
2017-08-12,0,0,-0.0005284453453,0,0,0,0
2017-08-13,0,0,0.0001262626263,0,0,0,0
2017-08-14,0,0,0.004379181921,0,0,0,0
2017-08-15,-0.002938295788,0.003086419753,0.00186973156,-0.002536231884,-0.003044561306,-0.01016260163,0.001529831719
2017-08-16,-0.01915520629,-0.01846153846,-0.01006829819,-0.005630221576,0,-0.02566735113,-0.007637474542
2017-08-17,-0.00901352028,0.005224660397,0.004713057943,-0.004566210046,0.00222098834,-0.004214963119,0.0005130836326
2017-08-18,-0.001263264275,0.03638253638,-0.008136234626,0.002752293578,0.001662049861,-0.002116402116,-0.007179487179
2017-08-19,0,0,0.0001748696426,0,0,0,0
2017-08-20,0,0,0.0002145752205,0,0,0,0
2017-08-21,0,0,-0.002169128455,0,0,0,0
2017-08-22,0.004115226337,0.006179196704,0.0005494330488,0.00736377025,0.01152656733,0,0.004736842105
2017-08-23,0.006915983607,0.01125895599,-0.001750853541,0.008771929825,0.008615897721,0.01297297297,0.01414353064
2017-08-24,-0.002543881964,-0.01720647773,-0.002423604634,-0.001811594203,0.004133370074,-0.008537886873,0
2017-08-25,-0.0007651109411,0.00411946447,-0.002557360804,0.01034482759,0.001920965971,-0.001076426265,-0.002066115702
2017-08-26,0,0,-0.0002323550385,0,0,0,0
2017-08-27,0,0,-0.0004968744991,0,0,0,0
2017-08-28,0,0,0.003399669655,0,0,0,0
2017-08-29,0.01386036961,-0.007345225603,0.00002397276694,0,0.00109469075,0.0217155266,0.009844559585
2017-08-30,-0.003797468354,-0.008456659619,0.009021535019,-0.00487012987,0.009294696555,0.002125398512,-0.01590559261
2017-08-31,-0.005590851334,0.02665245203,-0.01230657142,0.00018125793,-0.001625135428,0.03605514316,0.003128258603
2017-09-01,0.009711219014,0.004153686397,-0.006061577935,0.003080826386,0.01302224634,0.01842374616,0.006756756757
2017-09-02,0,0,-0.0001129360137,0,0,0,0
2017-09-03,0,0,-0.001331181928,0,0,0,0
2017-09-04,0,0,0.002779011997,0,0,0,0
2017-09-05,0,0,-0.003609148547,0,0,0,0
2017-09-06,0.009386098427,0.01209677419,-0.01090709163,0.01526032316,0.002949061662,0.0009727626459,0.01832061069
2017-09-07,0.002010555416,-0.0009960159363,-0.01017722264,0.006896551724,-0.002673082064,-0.01166180758,-0.009495252374
2017-09-08,-0.003762227239,-0.02991026919,0.00388976521,-0.006849315068,-0.0008040739748,-0.03146509341,-0.01160443996
2017-09-09,0,0,0.0002632488195,0,0,0,0
2017-09-10,0,0,-0.0006250514023,0,0,0,0
2017-09-11,0,0,-0.003629211449,0,0,0,0
2017-09-12,0.01397205589,0.005091649695,0.005509073039,0.0007036059807,0.01066098081,0.04146100691,0.002564102564
2017-09-13,0.007627952756,0.02026342452,-0.000394282898,0.009667779926,0.001582278481,0.04075829384,0.02864450128
2017-09-14,0.01660561661,0.005958291956,-0.000509482957,0.006093314763,-0.00289626119,0.01183970856,-0.0009945300845
2017-09-15,-0.001921691088,0.006910167818,0.002581599934,-0.002941685413,0.0005281225244,-0.008100810081,-0.003484320557
2017-09-16,0,0,-0.0002788165059,0,0,0,0
2017-09-17,0,0,0.0005741940776,0,0,0,0
2017-09-18,0,0,0.006730611576,0,0,0,0
2017-09-19,-0.002633468997,-0.005899705015,0.0007817525916,0.01183431953,0.004173187272,0.02135231317,0.004464285714
2017-09-20,0.01128180509,0.01285855589,0.004532250584,0.01186790506,0,0.08362369338,0.02320987654
2017-09-21,0.002136244956,0.0009765625,-0.001741539359,0.003059663437,0.01376623377,0.0008038585209,0.01882239382
2017-09-22,-0.003079109427,-0.0009756097561,0.0009818320499,0.007964751737,0.001793492185,0.01927710843,-0.002842254856
2017-09-23,0,0,-0.0002350843061,0,0,0,0
2017-09-24,0,0,0.001045965734,0,0,0,0
2017-09-25,0,0,0.001960149036,0,0,0,0
2017-09-26,-0.005594405594,-0.005687203791,-0.0005254563386,0.004175714047,-0.005562579014,-0.008600469116,-0.007547169811
2017-09-27,0.01617440225,0.00285986654,0.00953598033,-0.001996007984,0.01423849479,0.007886435331,0.01663498099
2017-09-28,-0.00092272203,-0.00855513308,-0.003629342392,0.006166666667,-0.008774128854,-0.01408450704,-0.008882655446
2017-09-29,0.009697529439,0,-0.002573112582,0.003478548948,0.008093070309,-0.007142857143,-0.0141509434
2017-09-30,0,0,0.004925711245,0,0,0,0
2017-10-01,0,0,0.0006257320262,0,0,0,0
2017-10-02,0,0,0.003511528718,0,0,0,0
2017-10-03,0.002535730751,-0.002938295788,-0.00214108812,0.005780346821,0.004518072289,-0.004048582996,0.003323836657
2017-10-04,0.004368820418,-0.009823182711,-0.0008967030152,0,-0.01374312844,-0.00325203252,-0.008991954567
2017-10-05,0.007783882784,0.01686507937,0.00719608943,0.002134646962,0.00152014188,0.01386623165,0.003342884432
2017-10-06,-0.01181281236,-0.02731707317,-0.003890586213,-0.01441913813,-0.007336200354,-0.03057119871,-0.0214183722
2017-10-07,0,0,0.0004073514964,0,0,0,0
2017-10-08,0,0,0.0009021956088,0,0,0,0
2017-10-09,0,0,0.00131617782,0,0,0,0
2017-10-10,0,0.028,-0.003568924861,0.009760132341,0,0,0
2017-10-11,-0.005781683626,0.007782101167,-0.004764950432,0.003112712975,-0.005794910557,0.01247920133,-0.0004816955684
2017-10-12,-0.02163293789,-0.01254826255,0.002136820796,-0.008165931733,-0.01926001014,-0.02218570255,-0.02024096386
2017-10-13,0.001426533524,0.01368523949,-0.000753507014,0.003128602009,0.01550387597,0.02016806723,0.01377274963
2017-10-14,0,0,0.00003208830702,0,0,0,0
2017-10-15,0,0,0.0008824001283,0,0,0,0
2017-10-16,0,0,0.003686783682,0,0,0,0
2017-10-17,0.003800475059,0.002868068834,-0.001996326759,-0.002792837194,0.01291466194,0.013136289,0.003851709196
2017-10-18,-0.0042593469,-0.0009532888465,-0.002576412226,-0.002800658979,-0.009,-0.009724473258,-0.006714628297
2017-10-19,-0.003089353612,-0.01240458015,0.001195270259,0.00826036676,-0.0007568113017,0.02373158756,-0.002414292612
2017-10-20,0.002622169249,0.007729468599,0.01160191335,0.0006554153695,-0.004039383994,-0.001598721023,0.009196515005
2017-10-21,0,0,0.00003960239198,0,0,0,0
2017-10-22,0,0,0.0008712181213,0,0,0,0
2017-10-23,0,0,0.0001582654111,0,0,0,0
2017-10-24,0.0002381519409,0.01151631478,0.002531845874,0.006228487133,0.001784803672,-0.0228198859,0.003403014098
2017-10-25,0.003571428571,-0.00569259962,0.00962828506,-0.005538361297,0.006617459913,0.003336113428,0.00726744186
2017-10-26,0.02253855279,0.00858778626,0.004299226139,-0.002457002457,0.008343868521,0.001662510391,0.01539201539
2017-10-27,0.00464037123,0.02554399243,-0.003206724782,0.006075533662,0.02833500502,0.02821576763,0.02794883941
2017-10-28,0,0,0.000249867258,0,0,0,0
2017-10-29,0,0,0.001662763466,0,0,0,0
2017-10-30,0,0,-0.0005455409818,0,0,0,0
2017-10-31,0.009216589862,0.005519779209,0.005216658999,0.01350699469,0.01209774982,0.0113085622,0.008512544803
2017-11-01,0.01050228311,-0.00274473925,-0.001310971826,0.0001586546089,-0.008845326321,0.03913738019,0.001332741004
2017-11-02,0.008133755084,0.008256880734,-0.005188631615,0.01871827411,-0.05523396044,0.02690238278,0.004436557232
2017-11-03,0.00829224563,0.01728844404,-0.00354479797,-0.001868576767,0.0165943324,0.01571856287,0.01634275618
2017-11-04,0,0,0.0001488783194,0,0,0,0
2017-11-05,0,0,-0.0003133813851,0,0,0,0
2017-11-06,0,0,-0.003636363636,0,0,0,0
2017-11-07,0.01587301587,-0.001737619461,0.003759753335,-0.01495726496,0.003007518797,0.004204625088,-0.01026957638
2017-11-08,-0.003038194444,-0.006962576153,-0.00263293996,-0.002943910753,0.003498250875,0.01046755059,0.005188067445
2017-11-09,-0.002612102743,0.004382120947,-0.003889124593,-0.001243201243,0.01045816733,-0.002762430939,-0.006451612903
2017-11-10,0.008075076386,-0.003490401396,0.0004101496257,-0.005756962813,0.0004928536225,-0.01108033241,0.002164502165
2017-11-11,0,0,-0.00003942129538,0,0,0,0
2017-11-12,0,0,0.0006938421509,0,0,0,0
2017-11-13,0,0,0.003537717266,0,0,0,0
2017-11-14,-0.01427953267,-0.02196836555,-0.0001334725635,-0.001564945227,-0.009433962264,-0.0488155061,-0.04531590414
2017-11-15,-0.003511852502,-0.003593890386,0.002606988614,-0.01003134796,-0.004761904762,-0.01962264151,0.0146052031
2017-11-16,-0.008370044053,-0.00180342651,-0.0008066916245,-0.02533248892,0.002266431629,-0.01077752117,0.002249212776
2017-11-17,0.004220346513,0.02529358627,0.0002586632596,0.005523066927,0.0007537688442,0.01011673152,-0.0004488330341
2017-11-18,0,0,-0.00001567250729,0,0,0,0
2017-11-19,0,0,0.002429276702,0,0,0,0
2017-11-20,0,0,0.001665103189,0,0,0,0
2017-11-21,0.006938227395,0.01063829787,-0.003067125565,-0.00388852884,0.003042596349,-0.01681345076,0.006430868167
2017-11-22,-0.0004445432318,0.01754385965,-0.005401596994,0.01089785296,0.002022244692,0.002442996743,0.002282062985
2017-11-23,-0.003335557038,0,0.0005981896891,0,-0.0005045408678,0.01137286759,0.001821493625
2017-11-24,0.003792949576,0,-0.0002831836131,0,-0.005552751136,-0.01365461847,0.001818181818
2017-11-25,0,0,0,0,0,0,0
2017-11-26,0,0,0.0003934219844,0,0,0,0
2017-11-27,0,0,0.003492213308,0,0,0,0
2017-11-28,0.0004501462975,-0.0008628127696,0.004412779032,0.03362974939,0.009923664122,0.002533783784,-0.001401214386
2017-11-29,-0.00157480315,-0.009499136442,0.003691073533,-0.003754106053,-0.003779289494,-0.004212299916,0.000935453695
2017-11-30,0.008337088779,0,0.002285803141,0.006751452347,0.006575619626,0.04060913706,0.02242990654
2017-12-01,-0.004469273743,0.01743679163,-0.01616581597,0.0007797878977,-0.004271356784,0.04634146341,0.02285191956
2017-12-02,0,0,0,0,0,0,0
2017-12-03,0,0,0.002767484034,0,0,0,0
2017-12-04,0,0,-0.003231614785,0,0,0,0
2017-12-05,0.003884826325,0.004351610096,0.00134101128,-0.002494154326,0.00506585613,-0.01286173633,0.008581752484
2017-12-06,-0.008650125199,-0.0294627383,0.00731841815,-0.007657446476,0.001260080645,-0.03338762215,-0.01119570085
2017-12-07,0.01285878301,0.01160714286,0.0055603782,-0.003307086614,-0.0005033979361,0.02695871946,0.006793478261
2017-12-08,0.003173883473,0.01412180053,-0.0008399440037,0.002686048349,-0.006547469151,-0.003281378179,0.008996851102
2017-12-09,0,0,-0.0001712435394,0,0,0,0
2017-12-10,0,0,0.00116776956,0,0,0,0
2017-12-11,0,0,-0.0005443234837,0,0,0,0
2017-12-12,0.003803982994,-0.01379310345,0.001167042714,0.008758210823,0.00127420999,-0.01868399675,-0.004941599281
2017-12-13,-0.01917075346,-0.009615384615,-0.004041032017,0.007286821705,-0.02137948587,-0.01324503311,-0.02031602709
2017-12-14,-0.009318181818,0.008826125331,-0.001677590512,-0.006464522087,-0.01404421326,-0.05536912752,-0.009677419355
2017-12-15,0.001605872907,0.002624671916,0.005181914104,0.002323780015,0.002374043788,-0.03552397869,-0.009771986971
2017-12-16,0,0,0.0003265737746,0,0,0,0
2017-12-17,0,0,0.0007306645939,0,0,0,0
2017-12-18,0,0,-0.0007378984652,0,0,0,0
2017-12-19,0.000678119349,0.006118881119,0.001033820706,0.0007710100231,0.01100340582,0.001824817518,0.003228782288
2017-12-20,0.005647165123,0.008688097307,-0.004022301253,0.003081664099,-0.0139932625,0.01001821494,0.009195402299
2017-12-21,0.0004492362983,0.002583979328,-0.007047963575,0.01658986175,0.005519053876,0.01082055906,0.01184510251
2017-12-22,0.003592276605,0.001718213058,-0.001570351759,-0.006497431248,0.004704652378,-0.00356824264,-0.004502476362
2017-12-23,0,0,0.001022334067,0,0,0,0
2017-12-24,0,0,-0.0002356823003,0,0,0,0
2017-12-25,0,0,-0.0008250825083,0,0,0,0
2017-12-26,0,0,-0.002241358971,0,0,0,0
2017-12-27,0,-0.002510460251,-0.002940017341,-0.004658851818,0,0,0
2017-12-28,0.006983849847,0.004194630872,-0.006656284339,0.004076702401,0.007985574446,0.02116402116,0.004007123776
2017-12-29,0.0002167316862,0.003341687552,0.0003899566273,0.003157894737,0.002555583951,-0.008635578584,-0.00399113082
2017-12-30,0,0,-0.00003182078534,0,0,0,0
2017-12-31,0,0,0.0008591885442,0,0,0,0
2018-01-01,0,0,-0.002050743991,0,0,0,0
2018-01-02,0,0,-0.004070091597,0,0,0,0
2018-01-03,0.009182148196,0.02236951118,0.003438927055,0.008083480306,0.005319148936,0.06239737274,0.01880192392
2018-01-04,0.008040626322,0.002431118314,-0.004511074449,0.004373815425,0.0007558578987,0.002318392581,-0.001716738197
2018-01-05,-0.01490344249,-0.004850444624,-0.006316901916,0.002177384236,-0.01057401813,-0.03238242097,-0.02493551161
2018-01-06,0,0,0.00004834265272,0,0,0,0
2018-01-07,0,0,-0.001514663229,0,0,0,0
2018-01-08,0,0,0.001726753381,0,0,0,0
2018-01-09,0.003201707577,0.01534733441,0.004720248739,-0.004199247032,0.001517450683,0.0344,0.0118629174
2018-01-10,0,0.008750994431,0.004601866402,0.00392613058,0.003282828283,0.01392111369,-0.005644811116
2018-01-11,0.002340425532,0.001577287066,-0.0009257338036,0.01158748552,-0.0118298515,0.04424103738,0.005676855895
2018-01-12,0.005094459775,0.01338582677,-0.004920520808,0.01489117984,-0.008405501783,-0.006574141709,0.005644811116
2018-01-13,0,0,-0.00003210942893,0,0,0,0
2018-01-14,0,0,0.0002729389098,0,0,0,0
2018-01-15,0,0,-0.002881127412,0,0,0,0
2018-01-16,-0.004653130288,0,0.00005634029538,0,0.004620123203,-0.04108584006,-0.01335631193
2018-01-17,0.005949851254,0.001567398119,0.0009899237034,0.003143755359,0.02069494124,0.01377199694,0.002620087336
2018-01-18,-0.006548373469,-0.001564945227,-0.002106532663,-0.002279202279,-0.01151439299,-0.0158490566,-0.018728223
2018-01-19,-0.01722304912,-0.003134796238,0.006469910485,-0.002998286693,0.001519371993,-0.01917177914,0.002663115846
2018-01-20,0,0,-0.00020813987,0,0,0,0
2018-01-21,0,0,-0.0002322043398,0,0,0,0
2018-01-22,0,0,-0.002731036913,0,0,0,0
2018-01-23,0.007975856866,0.01486697966,-0.003027626084,-0.0002815315315,0.0115,0.009266409266,-0.003558718861
2018-01-24,-0.01732249786,0.01927525058,-0.00497813006,0.004928189242,-0.006920415225,0.01147666412,-0.003571428571
2018-01-25,-0.003699673558,-0.01210287443,0.001902448897,-0.0005604595769,-0.02712792434,-0.02496217852,-0.007168458781
2018-01-26,0.009174311927,0.01378254211,-0.005494505495,0.001261741203,-0.0002558199028,-0.00310318076,0.001805054152
2018-01-27,0,0,0.0003249918752,0,0,0,0
2018-01-28,0,0,0.00008122157245,0,0,0,0
2018-01-29,0,0,0.001721757492,0,0,0,0
2018-01-30,-0.02591697782,-0.01601830664,0.0001540432294,-0.01059022875,-0.03062005614,-0.04022526146,-0.02518315018
2018-01-31,0.004735062007,0.006201550388,-0.002764244778,0.002426145283,0.01789944722,-0.01676445935,-0.01362141851
2018-02-01,0.001346499102,0.02003081664,-0.003365306454,-0.01096241458,0.00310318076,-0.01278772379,0.0119047619
2018-02-02,-0.01815329449,-0.01510574018,0.01352299235,-0.03123650497,-0.04305233308,-0.04490500864,-0.01458823529
2018-02-03,0,0,-0.0005955063413,0,0,0,0
2018-02-04,0,0,0.001046783155,0,0,0,0
2018-02-05,0,0,0.008357464607,0,0,0,0
2018-02-06,0.007299270073,-0.005481597494,-0.002520760376,0.01843817787,0.01322825781,0.006597549482,-0.004982561036
2018-02-07,-0.007713884993,-0.02598425197,0.00485433011,-0.01627871596,-0.01388888889,-0.02153558052,-0.03405107661
2018-02-08,-0.02379269729,-0.02263540825,0.002037405491,-0.02211568203,-0.01098591549,-0.05741626794,-0.02592016589
2018-02-09,0.02268339768,-0.01902398677,-0.0009213222563,-0.003163055512,0.002563372259,-0.04873096447,0.009579563598
2018-02-10,0,0,0.00007949757532,0,0,0,0
2018-02-11,0,0,0.0005564387917,0,0,0,0
2018-02-12,0,0,-0.0007944704854,0,0,0,0
2018-02-13,0.003328578222,-0.001682085786,0.0009541226048,0.002958119259,-0.02687411598,-0.02366255144,0.006777893639
2018-02-14,0.007582938389,0.02611625948,-0.008404162364,0.01754113629,0.008430232558,0.04109589041,0.0269290523
2018-02-15,-0.002587017874,0.01231527094,-0.00009612919764,-0.01250953471,-0.01441337561,-0.05263157895,-0.01613716591
2018-02-16,0.02240037727,0.004055150041,0.005928537093,-0.01297698131,0.01199181047,0.005341880342,0.01486417222
2018-02-17,0,0,0,0,0,0,0
2018-02-18,0,0,0.00006371455878,0,0,0,0
2018-02-19,0,0,0.0008123088685,0,0,0,0
2018-02-20,0,0,0.006365878889,0,0,0,0
2018-02-21,-0.02212591241,-0.00807102502,0.004008855855,-0.01437598736,0.0005837711617,-0.008510638298,-0.001518218623
2018-02-22,0.007231163984,0.0244100895,0.001126188207,0.0137842603,0.002333722287,-0.001072961373,0.01520527116
2018-02-23,0.009726725336,0.01429706116,-0.006371932033,0.01075098814,0.006111757858,0.03437164339,0.01747378932
2018-02-24,0,0,0,0,0,0,0
2018-02-25,0,0,0.001385480168,0,0,0,0
2018-02-26,0,0,0.002806656916,0,0,0,0
2018-02-27,-0.01043320481,-0.01632970451,0.006866918953,-0.005599626692,0.004841925377,0.004106776181,0.006310679612
2018-02-28,-0.03185881274,-0.02213438735,0.004846880848,-0.01032379165,-0.01502267574,-0.04498977505,-0.04100337675
2018-03-01,-0.003551136364,-0.001616814875,-0.00007013169173,-0.001896633476,-0.01381294964,0.006423982869,0.0005030181087
2018-03-02,-0.0294606795,0.001619433198,0.0039977868,-0.0009501187648,-0.000583600817,0.03617021277,0.001005530417
2018-03-03,0,0,-0.0000310477048,0,0,0,0
2018-03-04,0,0,0.0003958705271,0,0,0,0
2018-03-05,0,0,0.007122849761,0,0,0,0
2018-03-06,-0.002409638554,-0.001588562351,-0.002388308076,0.008177386382,0.003985197837,0.02436647173,-0.01142005958
2018-03-07,0.004589371981,-0.01750198886,-0.0032975774,-0.01091873343,-0.004536433229,-0.03139866794,-0.01305876444
2018-03-08,0.005770617937,-0.01619433198,-0.0007825696177,-0.004258003469,-0.009399031615,0.00884086444,-0.01170483461
2018-03-09,-0.002151565862,0.02633744856,-0.006986608354,0.001742160279,0.008913168488,0.01850048685,0.001544799176
2018-03-10,0,0,0,0,0,0,0
2018-03-11,0,0,0.0004841480556,0,0,0,0
2018-03-12,0,0,0.00233371318,0,0,0,0
2018-03-13,0.01317680882,-0.01050929669,0.008947134814,-0.00823175558,-0.01004016064,0,0.005693581781
2018-03-14,-0.003074012769,0.003267973856,-0.0003858917959,-0.007182761373,-0.008403361345,-0.00286259542,-0.002573340196
2018-03-15,0.002134724858,0.004885993485,0.007697652872,-0.00498392283,-0.003506721216,0.01244019139,0.006191950464
2018-03-16,0.01562130178,0.0170178282,0.003624048974,0.00452415576,0.009970674487,0.04631379962,0.01948717949
2018-03-17,0,0,0,0,0,0,0
2018-03-18,0,0,-0.0005343919383,0,0,0,0
2018-03-19,0,0,-0.0008707607699,0,0,0,0
2018-03-20,0.0242568371,0.02071713147,-0.0004739843738,0.007449392713,0.01019219569,0.01379944802,0.009763617677
2018-03-21,0.01230554911,0.02888368462,-0.01355320321,0.02041472432,0.02450273854,0.04537205082,0.03256997455
2018-03-22,-0.01674311927,-0.01745068285,0.002628477499,-0.01748582231,-0.02729319077,-0.05555555556,-0.03597831444
2018-03-23,0.000699790063,0.02548262548,-0.002791719189,0.0006413339747,-0.01822389355,-0.03768382353,-0.01329243354
2018-03-24,0,0,0,0,0,0,0
2018-03-25,0,0,-0.00110895696,0,0,0,0
2018-03-26,0,0,-0.003462544737,0,0,0,0
2018-03-27,0.007257881606,-0.009841029523,0.003303183989,-0.001713929573,-0.007604562738,-0.008434864105,0.02971845673
2018-03-28,-0.01283494708,-0.003058103976,0.003137011298,-0.01545184954,-0.002947244327,-0.002835538752,-0.001518987342
2018-03-29,0.01482664234,0.003834355828,-0.002469250478,0.01157260621,0.00857227313,0.03981042654,0.02687626775
2018-03-30,0,0,0.001707146737,0,0,0,0
2018-03-31,0,0,0,0,0,0,0
2018-04-01,0,0,-0.001247191882,0,0,0,0
2018-04-02,0,0,0.00217949414,0,0,0,0
2018-04-03,0.01054562127,0.005494505495,-0.008884761241,0.02110311751,0.01154871187,0.04810360777,0.04391721353
2018-04-04,-0.0002268602541,0.0007806401249,-0.004037107026,0.006888993268,0.01610070258,0.02647837599,0.001934235977
2018-04-05,0.04697072839,0.0007800312012,0.0011525344,0.02830041984,0.04724863152,0.04127257094,0.04102316602
2018-04-06,-0.0006501950585,-0.02494154326,0.002255427122,-0.004990170876,-0.02035763411,-0.01403798514,-0.02225312935
2018-04-07,0,0,0,0,0,0,0
2018-04-08,0,0,-0.001508048133,0,0,0,0
2018-04-09,0,0,-0.006002175495,0,0,0,0
2018-04-10,0.006298870547,0.0375880971,-0.008549834672,0.02630392304,0.005900533858,0.04814189189,0.01875
2018-04-11,0.02072091517,0.01509433962,-0.002096336176,0.003222026948,0.002793296089,0.006446414182,0.01982067013
2018-04-12,-0.002114611969,0.005204460967,0.001734701997,-0.004233576642,0.02200557103,-0.004003202562,0.005090236002
2018-04-13,0.01123119305,0.002218934911,0.002081215048,-0.000586424278,0.009811937858,0.02250803859,0.01979742173
2018-04-14,0,0,-0.00007927070947,0,0,0,0
2018-04-15,0,0,-0.0009671793246,0,0,0,0
2018-04-16,0,0,-0.002840864004,0,0,0,0
2018-04-17,0.007845631891,0,-0.0006127646029,0.01043197179,-0.001893939394,-0.01764234162,0.003213957759
2018-04-18,0.02272249106,0.03736920777,0.005390857043,0.02341137124,0.0187042559,0.05795918367,0.03249427918
2018-04-19,-0.0008228759515,-0.007925072046,0.003080944084,0.00852514919,0.0007982969665,-0.0200617284,0.01108156028
2018-04-20,0.004735433395,-0.001452432825,0.009088109657,-0.004649196957,-0.003190640787,-0.03307086614,-0.01402893468
2018-04-21,0,0,-0.001564945227,0,0,0,0
2018-04-22,0,0,0.0005250783699,0,0,0,0
2018-04-23,0,0,0.006054814478,0,0,0,0
2018-04-24,-0.002659030477,-0.01724137931,-0.001767362192,-0.0002812939522,-0.01861074705,-0.01135442011,-0.003916449086
2018-04-25,0.009023789992,0.002923976608,0.001146529603,0.0005627462015,0.02510683761,0.05004101723,0.01747487986
2018-04-26,0.01077235772,0.003644314869,0.002672172016,-0.01152980877,0.008598228244,0.01328125,0.003434950623
2018-04-27,-0.01648904082,-0.00290486565,-0.002198860943,-0.007681365576,0.02583311806,-0.01156515035,-0.01326486949
2018-04-28,0,0,-0.00007786949073,0,0,0,0
2018-04-29,0,0,-0.00009345066584,0,0,0,0
2018-04-30,0,0,-0.0006542157978,0,0,0,0
2018-05-01,-0.005295315682,-0.01376811594,0.001075486697,-0.0121602289,-0.01452541948,0.005443234837,-0.006044905009
2018-05-02,0.001228501229,0.004408523145,0.002864883381,0.0018826937,0.01321473952,0.01469450889,0.009556907037
2018-05-03,0.001226993865,0.01097293343,-0.002437509703,0.006215669269,-0.01103586657,-0.009908536585,-0.02151462995
2018-05-04,0.008782679739,0.01953690304,0.0004980312203,0.003304122971,0.01242708598,0.002309468822,0.004397537379
2018-05-05,0,0,-0.001011122346,0,0,0,0
2018-05-06,0,0,0.0009187169106,0,0,0,0
2018-05-07,0,0,0.001804632928,0,0,0,0
2018-05-08,0.004843592331,-0.002836879433,0.005046975697,0.004302308906,0.01191362621,0.03039288362,-0.01898454746
2018-05-09,0.007832898172,0.02204836415,-0.007285228677,0.02398971869,0.005641402992,0.01510791367,0.03285328533
2018-05-10,0.003786369071,0.002783576896,-0.006218044001,-0.009482638405,0.008536585366,-0.002834868887,0.01220043573
2018-05-11,0.01091919794,-0.01110340042,0.004087769581,0.01351541602,0.00169286578,-0.005685856432,-0.009040034438
2018-05-12,0,0,0,0,0,0,0
2018-05-13,0,0,-0.003197629075,0,0,0,0
2018-05-14,0,0,0.001486581645,0,0,0,0
2018-05-15,-0.003605313093,0.001390820584,0.0056328125,0.007069586914,-0.004731488053,-0.0007153075823,-0.003402807316
2018-05-16,-0.001333079413,0.004166666667,-0.006999634869,-0.00316586373,-0.007844069408,-0.003579098067,0.001707212975
2018-05-17,0.01163234172,0.002074688797,0.004185573463,0.01256558962,0.003593675132,0.02873563218,0.02386024712
2018-05-18,-0.005466540999,-0.004140786749,0.005336761326,-0.009545888449,0.005490570542,-0.007681564246,0.002080732418
2018-05-19,0,0,0,0,0,0,0
2018-05-20,0,0,-0.002084624923,0,0,0,0
2018-05-21,0,0,-0.007858912333,0,0,0,0
2018-05-22,0,-0.007498295842,0.003138722125,-0.01317218903,0,0,0
2018-05-23,-0.007414448669,-0.003434065934,0.001404494382,-0.02435668089,-0.009523809524,-0.02369337979,-0.005922165821
2018-05-24,-0.001915341889,-0.01516195727,0.003817983481,-0.01664315938,-0.0002403846154,-0.001427551749,-0.02085106383
2018-05-25,-0.02590673575,-0.04268719384,0.006209733758,-0.02223178428,-0.01466698726,-0.04074338813,-0.03129074316
2018-05-26,0,0,0,0,0,0,0
2018-05-27,0,0,0.001010568541,0,0,0,0
2018-05-28,0,0,0.001202210217,0,0,0,0
2018-05-29,0.01096272673,0,0.002948036054,0,0.01012780323,0.02045454545,0.001796945193
2018-05-30,0.01971608833,0.0236861584,-0.01050652341,0.03312537136,0.01957507758,0.007423904974,0.01614349776
2018-05-31,-0.00154679041,0,0.00395560416,0.0004313443566,-0.006789978928,0.008106116433,-0.009267431598
2018-06-01,0.01626646011,-0.04193781634,0.001691890514,0.001724633515,-0.0007072135785,-0.01754385965,-0.005345211581
2018-06-02,0,0,0,0,0,0,0
2018-06-03,0,0,0,0,0,0,0
2018-06-04,0,0,-0.002315886985,0,0,0,0
2018-06-05,-0.01588223901,0.00762195122,0.001160631383,-0.007215007215,0.0004793863854,0.0134175217,-0.002738475582
2018-06-06,0.005117102932,-0.004538577912,0.0005255429322,0.004796511628,-0.01173933876,0.01168224299,-0.003661327231
2018-06-07,0.02839240258,0.01443768997,0.002796273695,0.01388687979,0.03515151515,0.004618937644,0.0105649977
2018-06-08,0.003998476771,-0.005992509363,-0.003466338006,-0.002140105579,-0.005386416862,-0.003831417625,-0.007727272727
2018-06-09,0,0,-0.001236762773,0,0,0,0
2018-06-10,0,0,0.00370714341,0,0,0,0
2018-06-11,0,0,0.001411068017,0,0,0,0
2018-06-12,-0.02895860405,0.002994011976,0.002209868178,-0.02173604205,-0.01174844506,-0.00777000777,-0.005540166205
2018-06-13,-0.008602561652,0.005223880597,-0.003272920044,-0.004937554458,-0.0004662004662,-0.004698512138,-0.004642525534
2018-06-14,0.005399151562,0.003711952487,0.01100722253,0.009486281378,0.006529850746,-0.02596380803,-0.02052238806
2018-06-15,-0.008822401227,-0.03476331361,0.006701687239,-0.02790226977,0.0006950880445,-0.01938610662,-0.02047619048
2018-06-16,0,0,-0.00007573462587,0,0,0,0
2018-06-17,0,0,-0.0004544421722,0,0,0,0
2018-06-18,0,0,0.001076002122,0,0,0,0
2018-06-19,0.0009534706331,-0.01128668172,0.005116870534,-0.001479289941,-0.02012808783,-0.003189792663,-0.004279600571
2018-06-20,0.01162126119,0.01065449011,0.002093562671,-0.006518518519,0.0119047619,0.0264,0.01814708691
2018-06-21,-0.01713747646,0.002259036145,0.0008116273128,-0.009394572025,-0.01038062284,-0.04598597038,-0.01641651032
2018-06-22,0.02222648017,0.05334335086,-0.002507997056,0.04410657835,0.007692307692,0.07679738562,0.05340963281
2018-06-23,0,0,0.0001505570611,0,0,0,0
2018-06-24,0,0,-0.0005419238296,0,0,0,0
2018-06-25,0,0,0.001415790583,0,0,0,0
2018-06-26,0.03324261275,0.03631082062,0.0003008061605,0.01411589896,0.02088221492,0.02313030069,0.03481447549
2018-06-27,0.00338664158,0.02662929222,0.002089974138,0.01245421245,-0.0009193288899,0.02110022607,0.01682160248
2018-06-28,-0.007500468779,0.01433447099,-0.005566642159,0.002170767004,-0.004830917874,-0.01623616236,0.007836308228
2018-06-29,0.01076894011,0.0134589502,-0.008162834208,-0.0002888086643,0.01017105871,0.0240060015,0.02505399568
2018-06-30,0,0,0,0,0,0,0
2018-07-01,0,0,0.00006085038412,0,0,0,0
2018-07-02,0,0,0.003011910738,0,0,0,0
2018-07-03,0,-0.002673796791,-0.003442680134,0.00716374269,0,0,0
2018-07-04,0.01425891182,0,-0.0002206665652,0,0.00461361015,0.0007220216606,0.00341588386
2018-07-05,-0.004809470958,0,-0.0002359370124,0,-0.003444316877,-0.01803751804,-0.008936170213
2018-07-06,0.002602230483,0.01217861976,-0.003730207065,0.005646445635,0.01105990783,0.04114621602,0.0261914985
2018-07-07,0,0,0,0,0,0,0
2018-07-08,0,0,0.0006800641858,0,0,0,0
2018-07-09,0,0,0.001099580785,0,0,0,0
2018-07-10,0.01240511016,0.002661343979,0.0024942221,0.006778703573,0.005009107468,0.00826446281,0.01449875725
2018-07-11,-0.00950987564,-0.0504313205,0.004869512288,-0.02833496984,-0.001132759402,-0.03142076503,-0.02368313597
2018-07-12,0.006646971935,0.005590496157,-0.003164988264,0.00274289014,0.008165116807,-0.01269393512,0.007109995818
2018-07-13,0.01247248716,0.005559416261,0.0005165132319,0.007774258566,0.00764904387,-0.006428571429,0.009136212625
2018-07-14,0,0,0,0,0,0,0
2018-07-15,0,0,-0.001214697844,0,0,0,0
2018-07-16,0,0,-0.001497415628,0,0,0,0
2018-07-17,-0.003138268414,0.0007173601148,0.005107983222,-0.004343419719,-0.007895330476,0.01172161172,-0.002096436059
2018-07-18,-0.006296296296,0.01075268817,-0.002688701395,0.001890359168,-0.005684402001,-0.01013758146,-0.01386554622
2018-07-19,0.008386134924,0.002127659574,0.006994281548,0.003918722787,-0.013491882,-0.01170446233,-0.006817213464
2018-07-20,-0.002032895953,0.001415428167,-0.007918552036,0.005204568455,-0.009503940658,-0.01554404145,-0.007293007293
2018-07-21,0,0,-0.0008361839605,0,0,0,0
2018-07-22,0,0,-0.001962872794,0,0,0,0
2018-07-23,0,0,0.003872482505,0,0,0,0
2018-07-24,-0.006495916852,0.009936124911,-0.001420001519,0.01167146974,0.006595995289,0.003731343284,0.006935413958
2018-07-25,-0.007846067626,0.01335207309,-0.008608168635,0.001851588093,0.01404165692,0.006691449814,0.01291433491
2018-07-26,0.02315948032,0.00346740638,0.002446863183,-0.03667898777,0.01661666282,-0.01107828656,0
2018-07-27,0.008649245491,-0.01036627505,0.000306067794,0.003984651712,-0.008853575482,-0.03136669156,-0.005524861878
2018-07-28,0,0,-0.0000764935363,0,0,0,0
2018-07-29,0,0,-0.0008414932681,0,0,0,0
2018-07-30,0,0,-0.002526605926,0,0,0,0
2018-07-31,-0.005627155564,-0.01788170564,-0.0007675775253,0.001758241758,0.01158038147,-0.006092916984,0.005892255892
2018-08-01,-0.008944870391,-0.01330532213,-0.001497925949,-0.01243235337,-0.01840628507,-0.00153256705,-0.007949790795
2018-08-02,-0.01215693498,0.01916252661,0.002000230796,-0.02043838863,-0.01646466956,0.006139677667,-0.02024462252
2018-08-03,0.001678165206,-0.006267409471,-0.001497178395,0.002721499849,0.001162520344,0.003051106026,-0.003874300474
2018-08-04,0,0,-0.0000768935025,0,0,0,0
2018-08-05,0,0,0.0007536142725,0,0,0,0
2018-08-06,0,0,-0.0009835712859,0,0,0,0
2018-08-07,0,0.003494060098,0.004445811861,0.01072669588,0,0,0
2018-08-08,0.004308729861,-0.03203342618,-0.003047753239,0.004932735426,-0.005852059925,-0.02295332823,-0.01054481547
2018-08-09,0.00167879127,-0.001438848921,0.002058529841,-0.02231146809,-0.001883682599,0.01174628034,0.007992895204
2018-08-10,-0.005586592179,0.0144092219,0.008600469116,-0.01308382778,-0.0129747582,0.008513931889,0.007488986784
2018-08-11,0,0,-0.000075999392,0,0,0,0
2018-08-12,0,0,-0.0005320361785,0,0,0,0
2018-08-13,0,0,-0.001353612167,0,0,0,0
2018-08-14,0.01279157261,-0.001427551749,-0.005802531183,-0.00670617592,0.01512605042,-0.03846153846,0.007505518764
2018-08-15,-0.04234769688,-0.03431022159,0.006694240196,-0.02292353588,-0.03429517502,-0.0592,-0.03418054338
2018-08-16,0.01377036462,0.0088823094,0.001224949404,0.01028442873,-0.004408523145,-0.01360544218,0.004083484574
2018-08-17,0.008035201837,0.004402054292,-0.005965272237,0.005089867982,-0.00418204182,0.03103448276,0.008585630366
2018-08-18,0,0,-0.00007644675484,0,0,0,0
2018-08-19,0,0,-0.001544342508,0,0,0,0
2018-08-20,0,0,-0.001401246573,0,0,0,0
2018-08-21,-0.01111111111,0.005087209302,-0.0005520837327,0.006261740764,-0.002463054187,0.01081530782,0.00803930326
2018-08-22,0.01504475338,0.03181489516,-0.002040769355,0.0116677038,0.01604938272,0.009053497942,0.01462117856
2018-08-23,0.006378986867,0,0.007203425663,-0.00230662771,0.004617253949,0.002446982055,-0.001310043668
2018-08-24,0.00298284862,0.01121233357,-0.004839177492,0.01125154131,0.01112723754,0.0260374288,-0.00568430258
2018-08-25,0,0,0,0,0,0,0
2018-08-26,0,0,-0.002239607302,0,0,0,0
2018-08-27,0,0,-0.003497632372,0,0,0,0
2018-08-28,-0.009970457903,-0.004827586207,-0.00260736078,-0.004542013626,-0.01564756861,-0.01338582677,-0.01082719792
2018-08-29,0.006527415144,0.01593901594,-0.001956765536,0.007908745247,0.01687454145,0.005586592179,0.006129597198
2018-08-30,0.005743931814,0.006139154161,0.006331271989,0.0007544892108,-0.007455507456,-0.01984126984,-0.01174934726
2018-08-31,-0.01031687546,-0.002711864407,0.004551090028,-0.01643546441,-0.01453840562,-0.02024291498,-0.01893439014
2018-09-01,0,0,0,0,0,0,0
2018-09-02,0,0,0.001149865849,0,0,0,0
2018-09-03,0,0,0.002656967841,0,0,0,0
2018-09-04,0,0,0.006078795238,0,0,0,0
2018-09-05,0,-0.006172839506,0.000007590536119,-0.004137296966,0,-0.001687763713,-0.00272851296
2018-09-06,-0.02029205386,-0.01311249137,-0.001487733787,-0.02015694722,-0.008921933086,-0.01859678783,-0.01732786138
2018-09-07,-0.004452187379,-0.001398601399,0.0008514002493,-0.005025125628,-0.01875468867,0.008613264427,-0.00788863109
2018-09-08,0,0,0,0,0,0,0
2018-09-09,0,0,0.0002278596385,0,0,0,0
2018-09-10,0,0,-0.0005087705976,0,0,0,0
2018-09-11,-0.001380670611,0.02744546094,-0.007582261459,0.01524777637,-0.01707190895,-0.001689189189,-0.01921274602
2018-09-12,-0.009875567845,0.01232876712,-0.004784688995,0.007040050063,0.007894736842,0.0008460236887,-0.007644529384
2018-09-13,-0.004388589667,-0.01962110961,0.0004153846154,0.00543731552,0.009399477807,-0.01437024514,0.003851709196
2018-09-14,-0.001803245843,0.0006901311249,0.002967997909,-0.003708281829,0.008535954475,-0.009433962264,-0.005755395683
2018-09-15,0,0,0,0,0,0,0
2018-09-16,0,0,-0.00009966268016,0,0,0,0
2018-09-17,0,0,0.001594761821,0,0,0,0
2018-09-18,0.03134418324,0.01520387008,-0.007034868144,0.0191417104,0.01128205128,0.02105263158,0.03205439534
2018-09-19,-0.01441652055,0.01701837985,-0.004124394832,0.003635262042,-0.002535496957,0.02577319588,-0.0004705882353
2018-09-20,-0.01205771892,-0.0093708166,-0.0007199201121,0.008451554482,0.01093035079,-0.00418760469,-0.01647834275
2018-09-21,0.0100040016,0.01081081081,0.001487357462,0.006884166417,0.02489313553,0.01429772918,0.00287218765
2018-09-22,0,0,0,0,0,0,0
2018-09-23,0,0,-0.001160272277,0,0,0,0
2018-09-24,0,0,0.002764655773,0,0,0,0
2018-09-25,-0.01876832845,0.00131147541,0.0006564365535,0.02097696934,-0.004021764845,-0.02726543705,-0.00281030445
2018-09-26,0.007770472206,-0.01047806156,0.006135584849,-0.01005747126,-0.004275534442,-0.0098928277,0.007045561296
2018-09-27,0.01364175563,0.009927200529,-0.00002301195855,-0.002322206096,0.01526717557,0.08992506245,0.004664179104
2018-09-28,-0.02516091281,0.01703800786,-0.009312386855,-0.008728542333,-0.01785714286,-0.009167303285,-0.02042711235
2018-09-29,0,0,-0.00007742934572,0,0,0,0
2018-09-30,0,0,-0.005683754065,0,0,0,0
2018-10-01,0,0,-0.002219522452,0,0,0,0
2018-10-02,-0.009817396426,-0.005015673981,0.000530748277,-0.003606462781,-0.002566495567,-0.02846441948,-0.02506963788
2018-10-03,0.01328574261,0.01323251418,0.004610379986,0.005936006949,0.02222222222,0.03469545104,0.00619047619
2018-10-04,0.01135029354,-0.02114427861,0.00326137599,-0.003598157743,-0.004576659039,-0.01415797317,-0.003312825367
2018-10-05,-0.0193498452,-0.003176620076,0.002476780186,-0.01271125235,0.001609195402,-0.01284958428,-0.01851851852
2018-10-06,0,0,-0.001158122298,0,0,0,0
2018-10-07,0,0,0.0008502744067,0,0,0,0
2018-10-08,0,0,0.0004633920297,0,0,0,0
2018-10-09,0,0.008928571429,-0.001235139725,0.009308510638,0,0,0
2018-10-10,-0.0321301071,-0.02781289507,0.008726232803,-0.0202020202,-0.02901836318,-0.05832037325,-0.03024293505
2018-10-11,-0.05,-0.02795838752,-0.001509474442,-0.02256088451,-0.009105766986,-0.03468208092,-0.03732106339
2018-10-12,0.02998274374,0.01137123746,0.0005218245442,-0.002445735249,0.006597549482,-0.02309666382,0.005310674456
2018-10-13,0,0,-0.0000766988802,0,0,0,0
2018-10-14,0,0,-0.001050855258,0,0,0,0
2018-10-15,0,0,-0.002303563613,0,0,0,0
2018-10-16,-0.003762541806,0.003965631196,-0.004440750233,0.009020027519,0.01033769814,0.03451407811,0.01550802139
2018-10-17,-0.0102811582,-0.02435813035,0.0069111599,-0.01257575758,-0.0004547521601,-0.008779631255,-0.01737756714
2018-10-18,-0.0163239347,-0.01754385965,0.004138195777,-0.007211907319,-0.01660600546,-0.01505757307,-0.007502679528
2018-10-19,0.009698275862,0.01098901099,0.002683711933,0.01282843895,0.01341660884,0.002697841727,0.003779697624
2018-10-20,0,0,-0.00007625438463,0,0,0,0
2018-10-21,0,0,-0.0007320979181,0,0,0,0
2018-10-22,0,0,-0.0004884228521,0,0,0,0
2018-10-23,-0.02712594187,-0.04748982361,-0.001244559823,-0.02758089368,-0.02418434862,-0.009760425909,-0.01708489055
2018-10-24,-0.03872538172,0.0007122507123,-0.002538090469,-0.02788781493,-0.03927986907,-0.02419354839,-0.020640956
2018-10-25,0.01243093923,0.01138790036,0.001778118413,0.009616951915,0.01703577513,0.01928374656,0.01331114809
2018-10-26,0.008640291041,0.008444757213,0.004842892883,-0.0004843396836,-0.006939459201,0.001801801802,0.009852216749
2018-10-27,0,0,0,0,0,0,0
2018-10-28,0,0,-0.002931323283,0,0,0,0
2018-10-29,0,0,0.002542858234,0,0,0,0
2018-10-30,0.0002299379168,-0.005669737775,-0.00112729267,0.02171428571,0.006341463415,0.02023919043,0.01621017328
2018-10-31,0.01517241379,-0.017106201,0.003317065731,0.00974752317,-0.00339311682,0.004508566276,-0.006600660066
2018-11-01,-0.002264492754,-0.02393038434,-0.005114953449,-0.0009495173287,0.009241245136,0.03141831239,0.04761904762
2018-11-02,0.0004539264639,-0.01114413076,0.002123726146,-0.01393948994,0.01277108434,-0.001740644038,-0.008985200846
2018-11-03,0,0,0,0,0,0,0
2018-11-04,0,0,-0.001318798597,0,0,0,0
2018-11-05,0,0,0.000648820292,0,0,0,0
2018-11-06,0.009858839346,-0.009022556391,0.0005416043695,0.0009465215334,-0.001420118343,0.008474576271,0.01875
2018-11-07,0.02285333925,-0.009104704097,-0.00004574460785,0.01055949567,-0.01635458639,0.01344537815,-0.02147239264
2018-11-08,-0.02603036876,-0.01684532925,0.002066225973,-0.02105427324,0.00843373494,0.001658374793,-0.002612330199
2018-11-09,-0.01091314031,-0.01090342679,0.005113065709,0.003664170782,-0.02317801673,-0.02152317881,-0.02671555788
2018-11-10,0,0,0,0,0,0,0
2018-11-11,0,0,-0.001294473883,0,0,0,0
2018-11-12,0,0,0.003721698793,0,0,0,0
2018-11-13,-0.02797202797,-0.06330128205,-0.001314000906,-0.02316602317,-0.02497598463,-0.04083405734,-0.03062869425
2018-11-14,0.02715247157,0.02224123182,0.001693813045,0.01021080369,0.02339901478,-0.02355072464,0.007760532151
2018-11-15,-0.002033438771,0.002510460251,-0.005661659244,0.005216824258,0.01179302046,0.01484230056,-0.01650165017
2018-11-16,-0.01109350238,0.007512520868,-0.001973883996,0.005838469024,-0.001427212179,-0.02468007313,-0.001677852349
2018-11-17,0,0,0,0,0,0,0
2018-11-18,0,0,0.00003803438308,0,0,0,0
2018-11-19,0,0,0.001909253413,0,0,0,0
2018-11-20,-0.004631773969,-0.07166392092,0.01012785083,-0.02788586252,-0.04407514451,-0.06226415094,-0.02286670385
2018-11-21,0.03536528618,0.02218278616,-0.006012777151,0.02801867912,0.01511715797,0.01911468813,0.01712328767
2018-11-22,0.008764044944,0,-0.002601134216,0,0.001737403822,-0.003948667325,0.004489337823
2018-11-23,-0.04098908443,0,0.003517656513,0,-0.01932606541,-0.08325074331,-0.06145251397
2018-11-24,0,0,-0.0002266374556,0,0,0,0
2018-11-25,0,0,-0.0006045035515,0,0,0,0
2018-11-26,0,0,0.002079237865,0,0,0,0
2018-11-27,0.003244495944,0.0009140767824,0.003161429056,-0.009942004971,-0.004245754246,0.01184068891,-0.03260225252
2018-11-28,-0.000924000924,-0.02648401826,-0.001459151285,0.01623430962,0.02809129671,-0.02234042553,-0.008578431373
2018-11-29,0.006936416185,0.01969981238,-0.00007532389274,-0.001976284585,-0.0104903635,0.06093579978,0.03399258344
2018-11-30,-0.01630309989,-0.01287948482,0.001355932203,-0.003300330033,-0.02440828402,0.007179487179,-0.001793185894
2018-12-01,0,0,-0.0003009102535,0,0,0,0
2018-12-02,0,0,-0.002513356912,0,0,0,0
2018-12-03,0,0,-0.004367965237,0,0,0,0
2018-12-04,-0.007453994875,-0.007985803017,0.004341665593,-0.01859637775,0.007876082961,-0.02001819836,-0.02077638054
2018-12-05,0.03309082375,0,0.007921539042,0,0.03073717114,0.02878365831,0.04243439419
2018-12-06,-0.06678782372,0,0.00252245509,0,-0.04321455648,-0.07671480144,-0.05623995715
2018-12-07,0.01947419669,0.0155393053,-0.005427925069,0.002027369488,-0.01056524036,-0.006842619746,0.0170261067
2018-12-08,0,0,0,0,0,0,0
2018-12-09,0,0,0.0004804444111,0,0,0,0
2018-12-10,0,0,0.005289853985,0,0,0,0
2018-12-11,-0.02179640719,0.01860465116,-0.001455451974,-0.006117247239,-0.02054794521,0.005976095618,-0.03279599778
2018-12-12,0.01444662096,-0.01187214612,-0.002421814268,0.008377500427,0.01370629371,0.04158415842,0.02183908046
2018-12-13,-0.0113444364,0.03604436229,0.00007492881762,0.004238724992,-0.01959161148,0.007604562738,-0.007311586052
2018-12-14,-0.03271484375,-0.03479036574,0.002547388926,-0.01688333615,-0.02110892204,-0.0320754717,-0.02889518414
2018-12-15,0,0,0,0,0,0,0
2018-12-16,0,0,0.0005156565279,0,0,0,0
2018-12-17,0,0,0.00182254125,0,0,0,0
2018-12-18,-0.002814018931,-0.06315789474,0.003332761719,-0.01212961359,-0.001424501425,-0.03350253807,-0.00482509047
2018-12-19,-0.01462288353,0.02349336057,0.001330162741,-0.001929486055,-0.0002853067047,-0.01365546218,-0.01212121212
2018-12-20,-0.03332465504,-0.02994011976,0.001743983258,-0.008260105448,-0.01712328767,-0.02555910543,-0.006134969325
2018-12-21,-0.02154591974,-0.01543209877,0.007526817993,0.004430267588,0.006387921022,-0.01530054645,-0.02469135802
2018-12-22,0,0,0,0,0,0,0
2018-12-23,0,0,-0.0003382352941,0,0,0,0
2018-12-24,0,0,0.0009267840593,0,0,0,0
2018-12-25,0,0,-0.001616696061,0,0,0,0
2018-12-26,0,0,-0.0009568673635,0,0,0,0
2018-12-27,0,-0.02828282828,0.003389081264,0.001733102253,0,0,0
2018-12-28,0.007186585041,-0.009355509356,0.001174829283,0.005363321799,0.005757052389,0.009687836383,0.01672862454
2018-12-29,0,0,0,0,0,0,0
2018-12-30,0,0,-0.0009534286762,0,0,0,0
2018-12-31,0,0,-0.01671560711,0,0,0,0
2019-01-01,0,0,0.01725360788,0,0,0,0
2019-01-02,0,0,0.0004256755765,0,0,0,0
2019-01-03,-0.00859375,0.01015228426,-0.01118023358,-0.002190765083,-0.01816085327,-0.009137055838,0.00119047619
2019-01-04,0.03178355661,0.02311557789,-0.007923554026,0.02263131228,0.02847915443,0.05532786885,0.02972651605
2019-01-05,0,0,0,0,0,0,0
2019-01-06,0,0,-0.0002019144481,0,0,0,0
2019-01-07,0,0,-0.005482710389,0,0,0,0
2019-01-08,0.00455465587,0.02040816327,-0.003685318893,-0.006102589477,0.01062302613,0.01160541586,0.001740139211
2019-01-09,0.02166246851,0.05238095238,-0.002679852042,0.01161632924,0.002272727273,0.02485659656,0.01621308628
2019-01-10,0.001972386588,0.004524886878,0.002081519888,0.004593175853,0.003968253968,0.01212686567,0.01424501425
2019-01-11,-0.007135826772,-0.01801801802,0.001888360148,-0.01143043762,-0.003387916431,-0.009216589862,0.01235955056
2019-01-12,0,0,0,0,0,0,0
2019-01-13,0,0,0.0002563329312,0,0,0,0
2019-01-14,0,0,0.0006557426474,0,0,0,0
2019-01-15,0.01947731755,0.02899906455,-0.001242834869,0.0001655355074,0.01200446678,0.01315789474,0.02535832415
2019-01-16,-0.01402660218,0.005454545455,-0.00006787535069,-0.006454816286,0.009931034483,-0.0185528757,-0.01612903226
2019-01-17,0.0191317145,-0.002712477396,0.001621576776,0.002498750625,0.009287080033,0.01039697543,-0.005464480874
2019-01-18,0.02262334537,0.02538531278,-0.001972861854,0.01478896643,0.007036535859,0.00935453695,0.003296703297
2019-01-19,0,0,0,0,0,0,0
2019-01-20,0,0,0.001584427343,0,0,0,0
2019-01-21,0,0,0.001506591337,0,0,0,0
2019-01-22,-0.02680221811,0,0.004588191049,0,-0.004086080087,-0.02542372881,-0.0586622807
2019-01-23,-0.01448243115,-0.006294964029,-0.001115603474,-0.01190875545,-0.00136761488,-0.02222222222,-0.002329644729
2019-01-24,0.01903155866,0.01085972851,0.0007045895766,-0.001188253268,0.003834565872,0.004940711462,0.02043199066
2019-01-25,0.001182033097,0.007162041182,-0.009999625482,0.00560842964,0.009276944065,0.01081612586,-0.00171624714
2019-01-26,0,0,-0.0004539608081,0,0,0,0
2019-01-27,0,0,0.0007569449701,0,0,0,0
2019-01-28,0,0,0.002972543681,0,0,0,0
2019-01-29,0.007109004739,0.01917808219,0.0008370851338,0.003924245009,-0.003810560697,0.01454898157,0.0166858458
2019-01-30,0.0004705882353,0.02150537634,-0.009825640098,0.01223657376,0.01830601093,0.007648183556,0.01131861913
2019-01-31,-0.003292568203,-0.004385964912,-0.001149075413,0.03643384822,0.0002683123155,-0.0265654649,-0.01287073307
2019-02-01,-0.0002359603587,0.02466960352,-0.001973198028,0.01798153248,-0.04667381974,-0.01949317739,-0.007936507937
2019-02-02,0,0,0,0,0,0,0
2019-02-03,0,0,-0.00007633587786,0,0,0,0
2019-02-04,0,0,0.001335979846,0,0,0,0
2019-02-05,0.002766251729,-0.01826086957,0.0005717988793,0.004258003469,-0.007144820005,0.0118694362,0.005059021922
2019-02-06,0.005977011494,0.002657218778,0.006781469064,0.002512562814,0.001660669803,0.01270772239,-0.01510067114
2019-02-07,-0.008683729433,-0.02208480565,0.00740936956,-0.0156641604,-0.00580270793,-0.02606177606,-0.02044293015
2019-02-08,-0.01313969571,0.0009033423668,-0.002546784966,0.0009548058561,-0.01361867704,-0.01585728444,-0.01043478261
2019-02-09,0,0,-0.0003012728779,0,0,0,0
2019-02-10,0,0,0.00007534091765,0,0,0,0
2019-02-11,0,0,0.001958716287,0,0,0,0
2019-02-12,0.002093510119,0.0136239782,-0.005368421053,0.01104530174,0.003649635036,0.03884462151,0.02766570605
2019-02-13,-0.005106778087,0.01612903226,0.002305610571,-0.001741608613,-0.002517482517,0.05848513902,-0.005608524958
2019-02-14,0.008866075595,0.01234567901,0.002858414221,-0.01506740682,-0.006169377454,0.00634057971,-0.001692047377
2019-02-15,0.03792784459,0.02003484321,-0.004061066406,0.007407407407,0.02200902935,0.03330333033,0.04124293785
2019-02-16,0,0,0,0,0,0,0
2019-02-17,0,0,-0.0003020463641,0,0,0,0
2019-02-18,0,0,0,0,0,0,0
2019-02-19,0,0,0,0,0,0,0
2019-02-20,-0.005495713344,0.01273344652,-0.002944984064,0.002216943785,-0.009249183896,0.001721170396,0.002689618074
2019-02-21,-0.005083996463,-0.004191114837,0.004206529992,-0.0146942645,-0.01070840198,-0.01374570447,-0.009656652361
2019-02-22,-0.001999555654,0.005892255892,-0.006910944092,0.004971135343,-0.0008326394671,0.01829268293,-0.0005417118093
2019-02-23,0,0,-0.0002284148013,0,0,0,0
2019-02-24,0,0,0,0,0,0,0
2019-02-25,0,0,0.00412763689,0,0,0,0
2019-02-26,0.002679169457,0.005185825411,-0.001759548585,-0.001119104716,-0.008082497213,0.02627118644,0.005942733657
2019-02-27,0.01313738588,0.02235597592,-0.001291597022,0.0004801536492,0.0103961787,-0.006606110652,0.009667024705
2019-02-28,-0.003076923077,0.005046257359,0.001468238874,-0.004799232123,-0.009176863181,0.002493765586,-0.00585106383
2019-03-01,0.002425044092,-0.02426778243,0.00985240385,0.001768204469,-0.005051922537,0.008291873964,0.0176565008
2019-03-02,0,0,0,0,0,0,0
2019-03-03,0,0,0,0,0,0,0
2019-03-04,0,0,0.002130446566,0,0,0,0
2019-03-05,0.007763975155,0.001694915254,0.003109999324,0.001444854712,-0.001377790025,0,0.003854625551
2019-03-06,-0.005502971605,-0.005922165821,0.006717440633,0.000160307791,0.005242825607,-0.02005231037,-0.01700493692
2019-03-07,-0.007082779991,0.005106382979,0.0001264598676,-0.01314313191,0.009607466374,0.01067615658,0.02622767857
2019-03-08,-0.02585822559,-0.006773920406,-0.00228342767,-0.01250609063,-0.006525285481,-0.03169014085,-0.02501359434
2019-03-09,0,0,0,0,0,0,0
2019-03-10,0,0,0.0002981959147,0,0,0,0
2019-03-11,0,0,-0.001743926069,0,0,0,0
2019-03-12,0.003166704366,0.002529510961,-0.002807101369,0.001796504981,0.006629834254,0.01136363636,0.002747252747
2019-03-13,0.007440811725,0.0252312868,-0.004641760874,0.02689925008,0.007135016465,0.014693172,0.01643835616
2019-03-14,0.00290957923,0.002461033634,0.002233922527,0.000952532148,0.001634877384,-0.001703577513,0.008086253369
2019-03-15,0.004686453917,-0.001636661211,0.00005253401578,0.003806502776,-0.01006528836,-0.002559726962,-0.01069518717
2019-03-16,0,0,0.001245741216,0,0,0,0
2019-03-17,0,0,-0.00007495128167,0,0,0,0
2019-03-18,0,0,-0.0002998275991,0,0,0,0
2019-03-19,0.001752080596,-0.002437043054,-0.00112469071,-0.002184428148,-0.01185664241,-0.006728343146,-0.01229946524
2019-03-20,0.00765194578,0.01791530945,-0.002702296952,0.008287724785,0.01118080175,0.03217612193,0.02165674066
2019-03-21,0.003037535257,-0.0048,0.005946108686,-0.006203473945,0.002696871629,0.009023789992,0.00741918389
2019-03-22,-0.02249621458,-0.01688102894,0.004594089039,-0.01872659176,-0.02017213556,-0.04308943089,-0.02630194634
2019-03-23,0,0,-0.0005511529524,0,0,0,0
2019-03-24,0,0,0.0004471272077,0,0,0,0
2019-03-25,0,0,-0.002458100559,0,0,0,0
2019-03-26,0.0088295223,0.01795918367,-0.0009632616487,0.006529702182,0.01785216179,0.02189141856,0.02540033131
2019-03-27,-0.02423698384,-0.01042502005,0.002436636246,-0.009810126582,-0.01342833653,-0.01199657241,-0.01938610662
2019-03-28,0.002989880405,0.0008103727715,0.001401761149,0.0009587727709,0.01944444444,0.002601908066,0.01317957166
2019-03-29,-0.006879156157,0.01214574899,-0.006038494472,-0.0007982120051,-0.005994550409,0.003460207612,-0.005420054201
2019-03-30,0,0,-0.000179783361,0,0,0,0
2019-03-31,0,0,0,0,0,0,0
2019-04-01,0,0,-0.002697235334,0,0,0,0
2019-04-02,0.002736602052,0.01482059282,0.002404026745,0.003634639697,-0.0008187772926,0.000823723229,-0.0005379236148
2019-04-03,-0.01023425063,-0.001537279016,-0.00007494566439,0.004881121083,-0.01119912592,-0.01646090535,-0.003767491927
2019-04-04,0.004595588235,-0.005388760585,0.001701394094,0.002350360389,-0.00138121547,0.005857740586,-0.0005402485143
2019-04-05,0.01784080512,0.01780185759,0.001818222631,0.008597780209,0.01161825726,0.0465890183,0.03783783784
2019-04-06,0,0,-0.00007468817686,0,0,0,0
2019-04-07,0,0,-0.001269793845,0,0,0,0
2019-04-08,0,0,-0.004292872635,0,0,0,0
2019-04-09,-0.0138485593,-0.005223880597,0.001066578536,-0.01117917305,0,-0.007009345794,0.004622496148
2019-04-10,-0.002944507361,0.006001500375,-0.0007503113792,0.006814310051,0.03175874033,0.04784313725,0.01022494888
2019-04-11,-0.003180372558,-0.01043997017,0.004512757362,-0.0013844024,0.00181065701,-0.0127245509,0.002024291498
2019-04-12,0.00774840474,0.002260738508,-0.003356281629,-0.006469500924,0.001032791118,0,0.00404040404
2019-04-13,0,0,0,0,0,0,0
2019-04-14,0,0,-0.00003750093752,0,0,0,0
2019-04-15,0,0,0.002662666417,0,0,0,0
2019-04-16,-0.00385400136,0.009818731118,-0.0006508078995,-0.004335707649,0.01259640103,0.00688599847,0.0227158001
2019-04-17,0.008648156577,-0.006731488407,-0.0008458527019,0.004510108865,-0.001269357705,0.03039513678,0.0315893386
2019-04-18,0.003610108303,0.003012048193,0.002097692538,-0.006038086391,0.001016776817,-0.004424778761,0.003349282297
2019-04-19,0,0,0.001644736842,0,0,0,0
2019-04-20,0,0,-0.00007463800567,0,0,0,0
2019-04-21,0,0,-0.001201761588,0,0,0,0
2019-04-22,0,0,-0.002660508635,0,0,0,0
2019-04-23,0.01278941566,0.008778346745,0.006174458424,-0.003678724709,0.02019691997,0.005021520803,0.01638554217
2019-04-24,-0.0346178968,-0.007976794779,0.00486308154,-0.02369230769,-0.01311556545,-0.01927194861,-0.02181128497
2019-04-25,0.008344609833,-0.01096491228,-0.001111687542,0.002521273243,0.001504513541,-0.0007278020378,-0.01308773631
2019-04-26,-0.007828226348,-0.0325203252,-0.0005193648909,-0.008802263439,-0.01877816725,-0.01893663511,-0.004911591356
2019-04-27,0,0,-0.001269393512,0,0,0,0
2019-04-28,0,0,0.0004534001293,0,0,0,0
2019-04-29,0,0,-0.0003937592868,0,0,0,0
2019-04-30,-0.006744604317,0.004535147392,-0.004964807837,0.006336131792,-0.002051282051,-0.008215085885,-0.01130776794
2019-05-01,-0.009732910819,-0.005267118134,0.00380940999,-0.01274988195,-0.004881808839,-0.04819277108,-0.03232222775
2019-05-02,-0.02605714286,-0.03025718608,0.002254648818,0.015625,-0.01110250452,-0.03006329114,-0.02929085303
2019-05-03,0.02018305562,0.003900156006,-0.002539126303,0.009262166405,0.008093994778,-0.01060358891,-0.001588141874
2019-05-04,0,0,-0.00007443245255,0,0,0,0
2019-05-05,0,0,0.002843531338,0,0,0,0
2019-05-06,0,0,-0.001729487389,0,0,0,0
2019-05-07,-0.003711435862,-0.026013772,0.001494546022,-0.02932459835,-0.01012987013,-0.02205882353,-0.01008492569
2019-05-08,0.02165308498,0.01256873527,0.0002450070532,0.007713321549,0.009446339543,0.007518796992,0.01608579088
2019-05-09,-0.007064721969,-0.006206361521,-0.0005195846292,0.006697496412,-0.003639199376,0,0.001055408971
2019-05-10,-0.01859077347,0.002341920375,-0.003438467765,0.006652938381,-0.009913905557,0.005804311774,0.0005271481286
2019-05-11,0,0,-0.000521648409,0,0,0,0
2019-05-12,0,0,0.002042946615,0,0,0,0
2019-05-13,0,0,0.002723335863,0,0,0,0
2019-05-14,0.01535553981,0.01498422713,-0.001187295934,0.01151782897,0.01124497992,0.02376910017,0.02401746725
2019-05-15,0.00395532806,0.00777000777,-0.001367013373,0.01169864296,0.001323801959,-0.01658374793,-0.005330490405
2019-05-16,0.01413673233,0.01310717039,0.001517676467,-0.009250693802,0.005023796933,-0.005059021922,0.003751339764
2019-05-17,-0.009826325411,-0.004566210046,0.0003714158372,0.0001556178027,-0.01052354644,-0.01440677966,-0.02082221036
2019-05-18,0,0,-0.00007425558773,0,0,0,0
2019-05-19,0,0,-0.001418387049,0,0,0,0
2019-05-20,0,0,-0.001465021678,0,0,0,0
2019-05-21,0,-0.001520912548,-0.00176507388,0.0006208288065,0,0,0
2019-05-22,-0.02545454545,-0.0297029703,0.002462043496,-0.01163331782,-0.007923930269,-0.02214650767,-0.01745771959
2019-05-23,-0.03521455224,-0.05102040816,0.002761135712,-0.0197740113,-0.02848775293,-0.0331010453,-0.0333148251
2019-05-24,0.01063572637,0.01157981803,-0.002864861655,0.01344860711,0.007125239792,-0.001801801802,0.005169442849
2019-05-25,0,0,0,0,0,0,0
2019-05-26,0,0,0,0,0,0,0
2019-05-27,0,0,0.0002232973576,0,0,0,0
2019-05-28,-0.01285046729,0,0.003683583867,0,-0.008625336927,-0.00267141585,-0.01225626741
2019-05-29,0.0007100591716,0.0008176614881,0.001816496756,-0.003196930946,0.003262642741,0.01071428571,0.03835307389
2019-05-30,-0.008514664144,-0.03921568627,0.0009547069272,-0.001282873637,-0.005691056911,-0.005300353357,-0.007604562738
2019-05-31,-0.006440839695,-0.05612244898,0.001190396972,-0.007546563905,-0.01526301445,-0.01598579041,-0.0005473453749
2019-06-01,0,0,-0.00007384978953,0,0,0,0
2019-06-02,0,0,-0.001462333826,0,0,0,0
2019-06-03,0,0,-0.005820919809,0,0,0,0
2019-06-04,-0.004177930696,0.01546860783,-0.003801659041,0.00160307791,-0.004727474972,-0.009216589862,0.006707657909
2019-06-05,-0.006910167818,-0.03494623656,0.002210538894,0.004481434059,0.01424979044,-0.03627906977,-0.03442531927
2019-06-06,0.00944333996,0.0269266481,-0.004918032787,0.01370299554,0.004407713499,0.01640926641,0.00977573318
2019-06-07,-0.002461841457,0.01537070524,-0.005166991164,0.01351776171,-0.0008228195283,0.03893637227,0.01082004556
2019-06-08,0,0,-0.00007527286413,0,0,0,0
2019-06-09,0,0,-0.001136705812,0,0,0,0
2019-06-10,0,0,-0.0002788475307,0,0,0,0
2019-06-11,0.008933002481,0,0.001130778277,0.003578095831,-0.007446221732,0.01730418944,0.01516002246
2019-06-12,0.008607968519,-0.04230423042,0.003975843737,-0.01581150209,0,-0.01342882722,-0.01050884956
2019-06-13,0.007315288954,0.02255639098,-0.0004275106878,0.004095133092,-0.001111419839,0.01724137931,-0.005589714925
2019-06-14,0.00677801985,0.005514705882,0.008981564158,-0.005019607843,0.00528511822,0.0133809099,0
2019-06-15,0,0,-0.0001487320592,0,0,0,0
2019-06-16,0,0,-0.002677575307,0,0,0,0
2019-06-17,0,0,0.00007457677679,0,0,0,0
2019-06-18,-0.0002398081535,0.04070305273,-0.002684563758,0.01589319771,0.003009575923,0.01538461538,0.006633499171
2019-06-19,0,0.007111111111,-0.007798713923,0.00719649562,0.002182214948,-0.02188552189,-0.01537616694
2019-06-20,0.006956104581,0.04589585172,-0.006526146032,0.01770736253,0.0195971693,0.01807228916,0.02175125488
2019-06-21,-0.005478799428,0.01012658228,0.004240277325,0.002747252747,-0.01948745328,-0.01437024514,-0.007641921397
2019-06-22,0,0,-0.00007553440592,0,0,0,0
2019-06-23,0,0,-0.002840308204,0,0,0,0
2019-06-24,0,0,-0.001469652435,0,0,0,0
2019-06-25,-0.01237211516,-0.0008326394671,-0.0001972536226,-0.001518372305,-0.00655379574,-0.004317789292,-0.004931506849
2019-06-26,-0.001927246447,0.02416666667,-0.004355612214,0.003801703163,0.007146783947,0.02168256722,0.006057268722
2019-06-27,-0.0168959691,0,-0.002034905876,-0.01393728223,-0.02101528384,-0.01612903226,-0.03776683087
2019-06-28,0.002946231279,-0.02034174125,0.002191793376,-0.0003072668613,0.01087259548,-0.003451251079,0.004550625711
2019-06-29,0,0,-0.00007620208794,0,0,0,0
2019-06-30,0,0,-0.002408169486,0,0,0,0
2019-07-01,0,0,0.003177901363,0,0,0,0
2019-07-02,0,-0.04723127036,-0.002741395065,-0.001380368098,0,0,0
2019-07-03,0.01101591187,0.005982905983,-0.002970372633,-0.006604208263,0.002225932109,0.01124567474,0.003444316877
2019-07-04,0.007748184019,0,-0.0006663041564,0,-0.002776235425,-0.0008554319932,0.009153318078
2019-07-05,-0.01249399327,0,0.003111492597,0,0.0002783964365,0.0008561643836,-0.01077097506
2019-07-06,0,0,0,0,0,0,0
2019-07-07,0,0,-0.00102376041,0,0,0,0
2019-07-08,0,0,0.00202667564,0,0,0,0
2019-07-09,0.02604673807,0.00922045264,0.00174781142,0.0003104625893,0.01826736784,0.01787234043,0.03165298945
2019-07-10,0.005931198102,0.04069767442,-0.003961904762,0.01241464929,0.000815438978,0.02508361204,0.02727272727
2019-07-11,-0.0004716981132,0.001596169194,-0.0004207144496,0.002145922747,0.00597501358,0.004078303426,-0.003318584071
2019-07-12,-0.00707881076,-0.002390438247,-0.001262674574,-0.004894463139,0.005669546436,0.01218521527,0.002219755827
2019-07-13,0,0,-0.00007662248104,0,0,0,0
2019-07-14,0,0,-0.001302681992,0,0,0,0
2019-07-15,0,0,0.001112560424,0,0,0,0
2019-07-16,-0.01738095238,-0.01869918699,0.002989078368,-0.01054263566,-0.007508715473,-0.01122694467,-0.01892042293
2019-07-17,-0.00702689605,-0.02651201326,-0.002559889963,-0.007677843936,-0.01378005944,0.003244120032,-0.01418037436
2019-07-18,-0.008052708638,-0.01617021277,-0.00133302689,-0.003158060951,-0.0104109589,-0.02425222312,-0.0253164557
2019-07-19,0.0009840098401,0.009515570934,0.002715640247,0.008236971329,0.0069213732,0.02816901408,0.004722550177
2019-07-20,0,0,-0.0001530104812,0,0,0,0
2019-07-21,0,0,-0.001300788125,0,0,0,0
2019-07-22,0,0,0.005669629176,0,0,0,0
2019-07-23,-0.002448579824,0.01113013699,0.0009980191985,-0.00172143975,0.007596310364,0.01198083067,0.009389671362
2019-07-24,-0.01570937653,-0.01862828112,0.0002816022406,-0.009719391754,0.005923532579,-0.02999210734,-0.01395348837
2019-07-25,-0.02668329177,0.0008628127696,0.001156526768,-0.004749089758,-0.03345824411,-0.0179007323,-0.03007075472
2019-07-26,-0.0005124263387,0.004310344828,0.00227998176,0.002385875616,-0.004153973968,0.006628003314,-0.001215805471
2019-07-27,0,0,-0.00007582650895,0,0,0,0
2019-07-28,0,0,-0.001364980663,0,0,0,0
2019-07-29,0,0,-0.0004176475055,0,0,0,0
2019-07-30,0,0.02199661591,-0.001207885441,0.005357705641,0.01083333333,0.04188034188,0.01850709439
2019-07-31,-0.01096892139,-0.003311258278,0.003453101707,-0.01426332288,-0.006870019236,0.006562756358,0.0127195639
2019-08-01,0.002904673884,-0.06063122924,0.001584173425,-0.06535220226,-0.01798561151,-0.02118989405,-0.03528708134
2019-08-02,-0.0102685624,0.01503094607,0.0009913802889,-0.006294658047,-0.03803888419,-0.02830974188,-0.02293862368
2019-08-03,0,0,-0.00007560293339,0,0,0,0
2019-08-04,0,0,-0.001746559806,0,0,0,0
2019-08-05,0,0,0.0008482984799,0,0,0,0
2019-08-06,0,-0.02022867194,0.005009800138,0.004030138426,0,0,0
2019-08-07,0.01080788976,-0.02692998205,0.002349344518,-0.004013961606,-0.01083358411,-0.02048085485,0.001905972046
2019-08-08,0.0125634857,0.0110701107,-0.006272771664,0.01664622394,0.005780346821,0.02,0.02599873177
2019-08-09,-0.0005279831045,0.02919708029,0.003401874811,-0.01240951396,-0.0006049606776,0.005347593583,-0.003708281829
2019-08-10,0,0,-0.00007534091765,0,0,0,0
2019-08-11,0,0,-0.004113924051,0,0,0,0
2019-08-12,0,0,0.001422367485,0,0,0,0
2019-08-13,0.001055408971,0.0448943662,-0.001828319306,0.009270596467,0.0009077155825,0.02486678508,0.01209420751
2019-08-14,-0.02082235108,-0.03622577928,0.007417499243,-0.02287694974,-0.02085852479,-0.0424610052,-0.02704402516
2019-08-15,-0.01022880215,-0.007867132867,0.0005184072126,-0.02288045406,-0.0003087372646,-0.01538461538,0.0058177117
2019-08-16,0.01441392439,0.004405286344,-0.003296563014,0.008531493919,0.008647313156,-0.002757352941,-0.001928020566
2019-08-17,0,0,0,0,0,0,0
2019-08-18,0,0,-0.0004595795977,0,0,0,0
2019-08-19,0,0,0.004590371526,0,0,0,0
2019-08-20,-0.01628151261,-0.002572898799,-0.0009603985654,-0.007135212273,-0.01479022034,-0.004545454545,-0.02465233881
2019-08-21,0.009877202349,-0.001719690456,-0.002177994743,0.01042040963,0.002144607843,0.03744292237,0.01749837978
2019-08-22,-0.001850383294,-0.006890611542,0.0006999849466,-0.006223328592,-0.007642922654,0.004401408451,-0.002547770701
2019-08-23,-0.01906779661,-0.02948829141,0.002609944868,-0.0135981392,-0.0258780037,-0.03330411919,-0.03575989783
2019-08-24,0,0,-0.00007501875469,0,0,0,0
2019-08-25,0,0,-0.001200390127,0,0,0,0
2019-08-26,0,0,-0.004566964621,0,0,0,0
2019-08-27,-0.0005364806867,0.02146690519,0.002490152578,-0.006508768758,-0.005956112853,-0.01346499102,-0.01245901639
2019-08-28,0.01717659689,0.01926444834,0.001640923735,0.01328480437,0.02175969726,0.03002729754,0.03718459495
2019-08-29,0.02321899736,0.01202749141,-0.001953858871,0.0003591954023,0.006172839506,0.04416961131,0.02752880922
2019-08-30,0.004125838061,-0.02716468591,0.005948347263,-0.001795332136,0.002147239264,-0.01692047377,-0.008722741433
2019-08-31,0,0,0,0,0,0,0
2019-09-01,0,0,-0.003218562874,0,0,0,0
2019-09-02,0,0,0.001201471803,0,0,0,0
2019-09-03,0,0,0.0003975099377,0,0,0,0
2019-09-04,0.001043569006,0.04367201426,-0.008471844238,0.01121765877,0.01045832052,0.001739130435,0.004490057729
2019-09-05,0.01902528017,-0.000853970965,0.0002797668106,-0.002683843264,0.01522070015,0.04947916667,0.02809706258
2019-09-06,0.0007672634271,0.005982905983,-0.004233124197,-0.002511661285,0.007496251874,-0.007444168734,-0.02111801242
2019-09-07,0,0,-0.00007591285205,0,0,0,0
2019-09-08,0,0,-0.000303674461,0,0,0,0
2019-09-09,0,0,0.00006834750911,0,0,0,0
2019-09-10,0.02160101652,-0.008278145695,-0.001761726492,0.009776039815,0.02342606149,0.008203445447,0.03621853898
2019-09-11,0.003233830846,-0.02504173623,0.002951535483,-0.005456785777,0.01344778255,0.006509357201,-0.007109004739
2019-09-12,0.005702950657,-0.01797945205,0.002047859229,0.0008849557522,-0.007622811971,0.01616814875,0
2019-09-13,-0.005177514793,-0.002615518745,0.006017484767,0.005658709107,0.004551920341,-0.01113762928,0.004176610979
2019-09-14,0,0,0,0,0,0,0
2019-09-15,0,0,-0.005868632909,0,0,0,0
2019-09-16,0,0,0.002103988496,0,0,0,0
2019-09-17,-0.009769713887,-0.04208885425,-0.0001359434475,0.001724435247,0.007160561829,-0.03374012922,-0.02948920484
2019-09-18,-0.005167958656,-0.01545972335,0.004154392326,0.002237906697,0.007109652721,-0.01708766716,-0.02278893109
2019-09-19,-0.002361275089,0.007438016529,-0.0027606439,0.001545860529,-0.01058919359,-0.002267573696,-0.002776235425
2019-09-20,-0.003313609467,0.0008203445447,0.00002262904211,0.002915451895,-0.006860592755,0.00303030303,0.01503340757
2019-09-21,0,0,0,0,0,0,0
2019-09-22,0,0,0.0006335988414,0,0,0,0
2019-09-23,0,0,-0.0003995175637,0,0,0,0
2019-09-24,0.003088619625,-0.02538902539,-0.001515757087,-0.01042735043,-0.01713180437,-0.01757066463,-0.01910480349
2019-09-25,-0.004973945997,-0.008403361345,0.001238614564,-0.001036448437,-0.004498172617,0,-0.005008347245
2019-09-26,-0.001666269936,0,0.0008297503206,0.01245028532,-0.0115786501,-0.001555209953,-0.008389261745
2019-09-27,-0.0004768717215,-0.01186440678,-0.001808863431,0.009564474808,-0.005142857143,-0.007009345794,-0.00451212634
2019-09-28,0,0,-0.0002869223799,0,0,0,0
2019-09-29,0,0,-0.000392743312,0,0,0,0
2019-09-30,0,0,0.0005289006422,0,0,0,0
2019-10-01,-0.02895429529,-0.01322751323,-0.001887932337,-0.007816482583,-0.01652173913,-0.03057119871,-0.03289846852
2019-10-02,-0.01700344998,-0.01876675603,0.008420972989,-0.03048467203,-0.01709401709,-0.03485477178,-0.0146627566
2019-10-03,-0.002005515167,-0.004553734062,0.0006302379148,0.006712594948,-0.01289355322,0.006878761823,0.002976190476
2019-10-04,0.00200954534,0.01006404392,-0.002211941485,0.005439550798,0.005771567436,-0.02818104184,0.01127596439
2019-10-05,0,0,0.00009769147529,0,0,0,0
2019-10-06,0,0,-0.0001653078859,0,0,0,0
2019-10-07,0,0,-0.0002930942486,0,0,0,0
2019-10-08,-0.02906539714,-0.01358695652,0.001428313688,-0.01294158797,-0.03290069423,-0.05087719298,-0.04095962551
2019-10-09,0.004387096774,0.009182736455,0.001020913718,0.00194897236,-0.01061173533,-0.009242144177,-0.006101281269
2019-10-10,0.007194244604,0.01819836215,-0.003682039745,0.01255526083,0.0009463722397,0.01212686567,0.01534683855
2019-10-11,0.004081632653,0.02055406613,-0.006194537066,0.01030387705,0.01827923101,0.04423963134,0.01511487304
2019-10-12,0,0,-0.0003862582932,0,0,0,0
2019-10-13,0,0,0.00003788309278,0,0,0,0
2019-10-14,0,0,0.001894082885,0,0,0,0
2019-10-15,0,-0.01073345259,-0.001663641863,-0.004842615012,0,0,0
2019-10-16,0.005600814664,0.007233273056,-0.0001514921982,-0.002606882169,-0.002161160852,0.005314437555,-0.01017354877
2019-10-17,0.006582278481,0.01256732496,-0.004863636364,0.0134169716,0.009591584158,0,0.009673518742
2019-10-18,-0.004527162978,-0.005319148936,-0.0006927632881,-0.007565337001,-0.005209929513,-0.00704845815,-0.005988023952
2019-10-19,0,0,-0.0002056876443,0,0,0,0
2019-10-20,0,0,0.000609570253,0,0,0,0
2019-10-21,0,0,-0.003457203777,0,0,0,0
2019-10-22,0.001497379586,0.01159678858,0.0005654639096,0.01132463967,0.006361708573,-0.004374453193,0.005376344086
2019-10-23,-0.008223274358,0.02733686067,-0.001603787995,0.01136749237,-0.0003010234798,0.02811950791,0.004753416518
2019-10-24,-0.003768844221,0.00686695279,-0.0001835844871,-0.0006710283509,-0.006323396567,-0.0188034188,-0.009461856889
2019-10-25,0.003278688525,0.00852514919,-0.000963995532,0.001846567064,0.007878787879,-0.001742160279,0.01552238806
2019-10-26,0,0,0,0,0,0,0
2019-10-27,0,0,0.0003829070302,0,0,0,0
2019-10-28,0,0,-0.0005664854934,0,0,0,0
2019-10-29,-0.00251698968,-0.006008583691,0.002558289163,0.0001668891856,-0.0003015681544,0.02200704225,0.01364175563
2019-10-30,0.002018672723,-0.009499136442,0.005836962335,0.002002336059,-0.01176470588,-0.0180878553,-0.01872440023
2019-10-31,-0.01385041551,-0.01482127289,0.0001595090161,-0.03463780183,0.001221001221,-0.01578947368,-0.00954084675
2019-11-01,0.03753830439,0.03451327434,-0.0007974178849,0.01155770226,0.008536585366,0.01960784314,0.02588801927
2019-11-02,0,0,0,0,0,0,0
2019-11-03,0,0,0,0,0,0,0
2019-11-04,0,0,0.0008828006088,0,0,0,0
2019-11-05,0.006779661017,0.01016088061,-0.00004562182548,0.01211305518,0.03199052133,0.01793339026,-0.002289639382
2019-11-06,-0.01106301106,-0.01005867561,0.002630978633,-0.004820478723,0.0002870264064,-0.02432885906,-0.02065404475
2019-11-07,0.03258754864,0.005927180356,-0.0008873316345,0.008351428094,0.01463414634,0.04213241617,0.08318687756
2019-11-08,0.004710315591,0.009259259259,0.004038287827,-0.001987742256,-0.001414027149,-0.0008250825083,-0.001081665765
2019-11-09,0,0,0,0,0,0,0
2019-11-10,0,0,-0.0001436444875,0,0,0,0
2019-11-11,0,0,0.000514169918,0,0,0,0
2019-11-12,-0.007525870179,-0.001682085786,0.0003551995163,-0.004818876703,-0.03331451158,-0.01292407108,0.00379403794
2019-11-13,0.0009478672986,0.007582139848,0.001148322467,0.006678911337,-0.01664719626,0.0008183306056,-0.005939524838
2019-11-14,0.005681818182,-0.004180602007,-0.0001584678423,-0.01924033836,-0.01722601723,-0.0204415372,-0.003259098316
2019-11-15,0.01129943503,0.01427371956,-0.002249090552,0.007441231186,0.02931399214,0.02420701169,0.01035422343
2019-11-16,0,0,-0.0002269288956,0,0,0,0
2019-11-17,0,0,0.0004085647272,0,0,0,0
2019-11-18,0,0,-0.00117981607,0,0,0,0
2019-11-19,-0.007609988109,-0.02773109244,0.004883847715,-0.01161225177,-0.003320253547,-0.02396694215,-0.004836109618
2019-11-20,-0.0002396357537,0.02852203976,0.002313262454,-0.004937851183,0.001817080557,0.004233700254,0.008639308855
2019-11-21,0.009108341323,0.02521008403,-0.001804239964,0.003935660507,0.01148730351,0.01264755481,0.001070663812
2019-11-22,-0.008076009501,-0.00737704918,0.001491188432,-0.003920231805,-0.00747160789,-0.007493755204,-0.004812834225
2019-11-23,0,0,0,0,0,0,0
2019-11-24,0,0,-0.0001579208591,0,0,0,0
2019-11-25,0,0,0.0005565709214,0,0,0,0
2019-11-26,-0.009239516702,0.006606110652,-0.002563312311,-0.01142564802,0.001788375559,0,-0.01594048884
2019-11-27,0.0004782400765,-0.004101722724,0.00125103625,-0.00293255132,0.007438262422,-0.002479338843,0.0156587473
2019-11-28,0.005258126195,0,-0.0004440898416,0,-0.003544004725,-0.004142502071,0.001063264221
2019-11-29,-0.014978602,0,-0.0006250141193,0,-0.01422643746,-0.02329450915,-0.01433882103
2019-11-30,0,0,0.00007535000075,0,0,0,0
2019-12-01,0,0,0.0008664597209,0,0,0,0
2019-12-02,0,0,0.001437830758,0,0,0,0
2019-12-03,-0.01595358956,0.007712082262,-0.000834398256,-0.01610362332,-0.03167420814,-0.03239556692,-0.01522566612
2019-12-04,0.0152296733,0.03656462585,-0.007463191869,0.01120797011,0.008722741433,0.02114537445,0.03257868581
2019-12-05,-0.01233970481,0,-0.001265851569,-0.006157635468,-0.003088326127,-0.01207937877,-0.01336898396
2019-12-06,0.03748162665,0.01066447908,0.00535822708,0.01416179855,0.0343866171,0.0768558952,0.05420054201
2019-12-07,0,0,0,0,0,0,0
2019-12-08,0,0,0.0002415714221,0,0,0,0
2019-12-09,0,0,-0.000958505034,0,0,0,0
2019-12-10,0.002380952381,0.004866180049,-0.0004608260117,0.001571503405,0.009044317154,0.02216748768,-0.0005115089514
2019-12-11,-0.007600950119,-0.007263922518,-0.004406318494,0.0006973500697,-0.008066925605,-0.00562248996,-0.005629477994
2019-12-12,0.006462422212,0.005691056911,-0.001518291618,0.006271777003,0.00813253012,0.02180936995,0.03242408646
2019-12-13,-0.003567181926,0.009700889248,0.0008591391882,-0.005540166205,-0.003286525246,0.008695652174,-0.0009970089731
2019-12-14,0,0,0,0,0,0,0
2019-12-15,0,0,0.001473716196,0,0,0,0
2019-12-16,0,0,-0.001547400519,0,0,0,0
2019-12-17,0.005442498817,0.01032565528,-0.0002886879891,0.005330123796,0.002400960384,0.01563721658,0.02115869018
2019-12-18,-0.004471640386,0.001572327044,-0.003442458508,0.0008551393877,0.004790419162,-0.006928406467,0.0009866798224
2019-12-19,0.01182033097,0.003139717425,0.0006939201916,0.006493506494,0.01728247914,0.007751937984,0.0241498275
2019-12-20,-0.009112149533,-0.0117370892,0.001912672407,-0.01222410866,-0.001757469244,-0.003076923077,0
2019-12-21,0,0,0,0,0,0,0
2019-12-22,0,0,-0.0001292962481,0,0,0,0
2019-12-23,0,0,0.000136919613,0,0,0,0
2019-12-24,-0.002574906367,0.005511811024,0.001201685402,-0.001700680272,-0.0005783689994,-0.0007575757576,0.002392344498
2019-12-25,0,0,-0.0006836827712,0,0,0,0
2019-12-26,0,0,-0.003572786013,0,0,0,0
2019-12-27,0,0.00155159038,-0.003120231919,0.003737047732,0,0,0
2019-12-28,0,0,0,0,0,0,0
2019-12-29,0,0,0.0004821268682,0,0,0,0
2019-12-30,0,0,-0.0009790873071,0,0,0,0
2019-12-31,-0.002344116268,-0.006206361521,-0.004486777024,0.005112474438,-0.005788712012,0.003802281369,0.0004764173416
2020-01-01,0,0,-0.002230426088,0,0,0,0
2020-01-02,0,0,0.0007708317274,0,0,0,0
2020-01-03,0.001644736842,0.02888368462,-0.0008934760841,0.007867425511,-0.001738122827,0.004555808656,0.00824442289
2020-01-04,0,0,0,0,0,0,0
2020-01-05,0,0,0.001171808748,0,0,0,0
2020-01-06,0,0,-0.001747955585,0,0,0,0
2020-01-07,0.008185538881,-0.002279635258,0.003023781424,-0.009186351706,-0.00975329891,-0.0029455081,-0.002382086708
2020-01-08,-0.003382949932,-0.03579588728,0.002568618253,-0.01175496689,0.00405561993,-0.03101920236,-0.02053486151
2020-01-09,0.007015161801,-0.01342812006,0.001994400338,-0.00016753225,0.01384881708,-0.005335365854,0.0229156509
2020-01-10,0.006516853933,-0.006405124099,-0.0009110047847,-0.01122654155,-0.0008537279454,-0.009961685824,-0.01382268827
2020-01-11,0,0,0.0000306499318,0,0,0,0
2020-01-12,0,0,0.001103363727,0,0,0,0
2020-01-13,0,0,-0.0007500727111,0,0,0,0
2020-01-14,0.01463963964,0.006557377049,0.0007582952909,-0.0006784260516,-0.000570450656,-0.01187648456,0.01884968584
2020-01-15,-0.007769145394,-0.008143322476,-0.002104779763,-0.001697216565,0.0008561643836,-0.00641025641,-0.01375711575
2020-01-16,-0.008724832215,0.009031198686,0.0000766988802,-0.0008500510031,0.01682349587,-0.01129032258,-0.003367003367
2020-01-17,-0.009252990296,0.0032546786,0.002147403942,-0.003913561341,-0.005888951206,-0.01223491028,-0.0004826254826
2020-01-18,0,0,0,0,0,0,0
2020-01-19,0,0,-0.0002601974439,0,0,0,0
2020-01-20,0,0,-0.001393184115,0,0,0,0
2020-01-21,-0.007734303913,0,0.002154015975,0,-0.01914285714,-0.009933774834,-0.01690004829
2020-01-22,-0.003668042182,-0.02777777778,0.005010135006,-0.0003480682214,-0.004078065832,-0.002508361204,-0.002946954813
2020-01-23,-0.01058444547,-0.02016806723,-0.0009133115153,-0.0006963788301,-0.002924831822,-0.004191114837,-0.001477832512
2020-01-24,-0.01209302326,-0.01972555746,0.001371219624,-0.004006968641,-0.01496039894,-0.02946127946,-0.01874691663
2020-01-25,0,0,0,0,0,0,0
2020-01-26,0,0,0.001065043743,0,0,0,0
2020-01-27,0,0,0.002181016795,0,0,0,0
2020-01-28,0.001929105377,0.01351351351,-0.001797129143,-0.003030843288,0.002760736196,0.01300954033,0.00310880829
2020-01-29,-0.0009626955475,-0.008,0.002506836828,-0.003397711016,-0.002141327623,0.01113013699,-0.0005165289256
2020-01-30,0.002409058058,-0.007168458781,0.001083579601,-0.03391351157,-0.01471489884,0.01100762066,0.002067183463
2020-01-31,-0.02787791396,-0.02166064982,0.001695518231,-0.03138930163,-0.02364654636,-0.0351758794,-0.04022692109
2020-02-01,0,0,0,0,0,0,0
2020-02-02,0,0,0.0005062832012,0,0,0,0
2020-02-03,0,0,0.004048216066,0,0,0,0
2020-02-04,-0.003997002248,-0.004766444233,-0.0008725740936,0.00800156128,0.004890772742,0.008718395815,0.01550802139
2020-02-05,0.02834211186,0.02490421456,0.0001430464374,0.02516940949,0.0301752109,0.05012964564,0.02264349658
2020-02-06,-0.03682926829,0.003738317757,-0.00002258304916,-0.01529745042,0.0006299212598,0.0008230452675,-0.001029866117
2020-02-07,-0.02076475057,-0.01489757914,0.001716350497,-0.006712696586,-0.01762669185,-0.02384868421,-0.00618556701
2020-02-08,0,0,0,0,0,0,0
2020-02-09,0,0,0.0002104187333,0,0,0,0
2020-02-10,0,0,0.0005559896616,0,0,0,0
2020-02-11,0.0002557544757,0.007677543186,-0.001997446872,0.01167542323,0.006432936636,0.003350083752,0.003604531411
2020-02-12,0.00127844541,0.02952380952,-0.002580810209,0.01269474899,0.02141259188,0.01001669449,0.01282709082
2020-02-13,-0.00102145046,0.002775208141,0.0005884083554,-0.03152896486,-0.005944931164,-0.0132231405,-0.01367781155
2020-02-14,0.008435582822,0.01014760148,-0.001259056537,-0.009805844283,0.0009442870633,-0.01005025126,-0.003081664099
2020-02-15,0,0,0,0,0,0,0
2020-02-16,0,0,-0.0001509753004,0,0,0,0
2020-02-17,0,0,-0.0007700902969,0,0,0,0
2020-02-18,0,0,0.001412920287,0,0,0,0
2020-02-19,0.01408450704,0.02100456621,-0.002512505942,0.0001991635132,0.01324503311,0.01778154107,0.0327198364
2020-02-20,0.003472222222,0.008944543828,0.002980242655,-0.0119474313,0.0009337068161,0.01747088186,0.001485148515
2020-02-21,-0.006920415225,-0.01063829787,-0.003001553568,-0.009068923821,-0.01834577114,-0.02289452167,-0.01581809194
2020-02-22,0,0,0,0,0,0,0
2020-02-23,0,0,0.002496217852,0,0,0,0
2020-02-24,0,0,0.002595638723,0,0,0,0
2020-02-25,-0.009221311475,-0.03165735568,-0.0006171259991,-0.02918781726,-0.012816405,-0.02920353982,-0.03473684211
2020-02-26,-0.02068252327,-0.02019230769,0.004977709501,-0.003267973856,-0.04089581305,-0.03828623519,-0.02508178844
2020-02-27,-0.01135163675,-0.04023552502,0.003064749387,-0.03956284153,-0.0179357022,-0.04075829384,-0.02908277405
2020-02-28,-0.01228304406,-0.03374233129,-0.002069295244,0.00204824761,0.01274982771,-0.02470355731,-0.005184331797
2020-02-29,0,0,0,0,0,0,0
2020-03-01,0,0,0.003638133024,0,0,0,0
2020-03-02,0,0,-0.006116162332,0,0,0,0
2020-03-03,-0.04293478261,-0.003024193548,0.003939932909,-0.01940664733,-0.01194822436,-0.0472361809,-0.02870533099
2020-03-04,0.01419647927,-0.003033367037,0.0005232627676,0.0304822566,0.006382264024,-0.01687763713,-0.001206272618
2020-03-05,-0.02603583427,-0.02535496957,0.0006873571119,-0.03465783664,-0.0196929239,-0.03969957082,-0.01630434783
2020-03-06,-0.03650474274,-0.09157127992,0.002478758829,-0.04253372971,-0.03881511747,-0.1173184358,-0.07120933088
2020-03-07,0,0,-0.000148953601,0,0,0,0
2020-03-08,0,0,0.01468901304,0,0,0,0
2020-03-09,0,0,0.002628063015,0,0,0,0
2020-03-10,0.006531204644,0.1104294479,0.005403426563,0.06574394464,-0.01104502974,0.112565445,0.02891791045
2020-03-11,-0.06633020908,-0.04143646409,0.003000334989,-0.06682900433,-0.139604811,-0.02117647059,-0.05893019039
2020-03-12,-0.2065637066,-0.05763688761,0.01232846874,-0.1496085822,-0.1772341488,-0.1322115385,-0.1589595376
2020-03-13,0.09245742092,0.06422018349,-0.007444702642,0.02557108762,0.07827669903,0.1523545706,0.1374570447
2020-03-14,0,0,0,0,0,0,0
2020-03-15,0,0,-0.002977093721,0,0,0,0
2020-03-16,0,0,0.01542274855,0,0,0,0
2020-03-17,-0.05789473684,-0.05619834711,0.01631621772,0.01342812006,-0.1647989453,-0.204610951,-0.1024930748
2020-03-18,-0.1581005587,-0.1751313485,0.01445305916,-0.1574434918,-0.1176006314,-0.1775362319,-0.1512345679
2020-03-19,0.03715992037,0.1401273885,0.003682935272,0.111933395,0.1744186047,0.03964757709,0.01818181818
2020-03-20,0.02815099168,-0.0800744879,-0.009256321474,0.04326123128,-0.009139375476,0.01271186441,0.08571428571
2020-03-21,0,0,0,0,0,0,0
2020-03-22,0,0,0.00664160401,0,0,0,0
2020-03-23,0,0,0.001210285351,0,0,0,0
2020-03-24,0.1304347826,0.02049180328,-0.002617963791,0.1967946329,0.1205673759,0.09361702128,0.1247947455
2020-03-25,0.09701492537,0.02008032129,-0.01536810028,0.06944876985,0.05555555556,0.1050583658,0.04233576642
2020-03-26,-0.05965463108,-0.04921259843,-0.01263970852,0.01718112988,-0.03797468354,-0.06338028169,0.02661064426
2020-03-27,-0.0856983862,-0.07453416149,-0.001239545785,-0.09418837675,-0.07825484765,-0.1165413534,-0.09140518417
2020-03-28,0,0,0,0,0,0,0
2020-03-29,0,0,0.001918687589,0,0,0,0
2020-03-30,0,0,0.009382853156,0,0,0,0
2020-03-31,0.1839746969,-0.004728132388,-0.0071022026,0.04336124402,0.07065948856,0.1784232365,0.2251908397
2020-04-01,-0.01202137133,0.04038004751,0.00521380878,0.01203783319,-0.01257071025,-0.04225352113,-0.04049844237
2020-04-02,0.07931500676,0.1666666667,-0.001561682943,0.1033701501,0.1094844048,0.2316176471,0.07251082251
2020-04-03,-0.04050104384,0.1545988258,0.005074561372,-0.06981519507,-0.0263912794,0.0328358209,-0.05247225025
2020-04-04,0,0,0,0,0,0,0
2020-04-05,0,0,0.003591296388,0,0,0,0
2020-04-06,0,0,-0.009802133034,0,0,0,0
2020-04-07,-0.03801169591,-0.07116788321,-0.006965554871,-0.001875167426,-0.004651162791,0.01315789474,-0.01993704092
2020-04-08,0.01693443335,0.05500982318,-0.000727843585,0.02173913043,0.05549065421,0.06753246753,0.02462526767
2020-04-09,-0.02860802733,-0.07262569832,-0.001263942644,-0.004202784345,0,-0.06082725061,-0.01880877743
2020-04-10,0,0,-0.002867132367,0,0,0,0
2020-04-11,0,0,0,0,0,0,0
2020-04-12,0,0,0.001606195325,0,0,0,0
2020-04-13,0,0,-0.00682254231,0,0,0,0
2020-04-14,-0.002645502646,-0.05476673428,0.0005622391535,-0.009633395772,-0.007403189066,-0.02162162162,-0.02145922747
2020-04-15,-0.05437665782,-0.04935622318,0.01716027059,-0.07160226966,-0.06081468732,-0.01657458564,-0.0548245614
2020-04-16,-0.05750350631,-0.0158013544,-0.005637753115,-0.05122235157,-0.03665241295,0,-0.02552204176
2020-04-17,0.06001984127,-0.03440366972,-0.002792122227,0.08834355828,0.08941027267,0.07865168539,0.1154761905
2020-04-18,0,0,0.00004999892859,0,0,0,0
2020-04-19,0,0,0.003356903078,0,0,0,0
2020-04-20,0,0,0.005780182232,0,0,0,0
2020-04-21,-0.01149425287,-0.2506666667,0.004232369844,-0.01642771804,0.0122591944,0.008108108108,-0.02762430939
2020-04-22,0.06782945736,-0.1067615658,-0.0003664810769,0.05860917097,0.04382929642,0.09919571046,0.07272727273
2020-04-23,0,0.05179282869,-0.008375752619,0.008605851979,0.01049723757,0.06829268293,0.02754237288
2020-04-24,-0.004083484574,-0.02651515152,0.0002275151084,-0.00369738339,0.01421541826,-0.02283105023,0.01855670103
2020-04-25,0,0,0.001279481384,0,0,0,0
2020-04-26,0,0,0.001547613977,0,0,0,0
2020-04-27,0,0,-0.005089311029,0,0,0,0
2020-04-28,0.05182514646,-0.02739726027,-0.003790199627,0.005025125628,0.06286318014,0.03058823529,0.05589430894
2020-04-29,0.1341045416,0.05633802817,-0.007773725238,0.05583333333,0.1267395626,0.1415525114,0.1626564004
2020-04-30,-0.06233471855,0.06222222222,0.005665150674,-0.1283872665,-0.007940008822,0.01,-0.03476821192
2020-05-01,-0.02739726027,-0.01359832636,0.02200976141,-0.0555387866,-0.02979101823,-0.06732673267,-0.06260720412
2020-05-02,0,0,0.00007012622721,0,0,0,0
2020-05-03,0,0,-0.008835285043,0,0,0,0
2020-05-04,0,0,-0.003629288999,0,0,0,0
2020-05-05,-0.01896333755,0.09354346721,-0.002946668844,0.009770992366,-0.03564981949,0.07789473684,-0.008035714286
2020-05-06,-0.03350515464,-0.03068340307,0.008595519221,-0.03054127608,-0.02854468882,-0.017578125,-0.02340234023
2020-05-07,0.02977777778,-0.01822541966,-0.01365539543,0.01466001248,0.002408477842,0.06361829026,-0.004608294931
2020-05-08,0.02848511006,0.04885197851,0.003185511292,0.04242237934,0.01874098991,0.005607476636,0.05740740741
2020-05-09,0,0,0.00007135721421,0,0,0,0
2020-05-10,0,0,-0.006485907956,0,0,0,0
2020-05-11,0,0,0.006743703363,0,0,0,0
2020-05-12,-0.003783102144,-0.009447331129,0.00448708803,-0.01678876679,0.004761904762,0.03307392996,0.03315881326
2020-05-13,-0.0582278481,-0.0176442537,0.0005752473208,-0.03632412294,-0.06492890995,-0.06967984934,-0.04222972973
2020-05-14,-0.0008960573477,0.04126213592,-0.00397473206,-0.02802835052,-0.001520527116,0,0.02028218695
2020-05-15,0.02511210762,0.04382284382,0.005059502601,-0.001325820351,0.01979695431,0.05465587045,0.03716508211
2020-05-16,0,0,0,0,0,0,0
2020-05-17,0,0,-0.0009217243335,0,0,0,0
2020-05-18,0,0,-0.01078702718,0,0,0,0
2020-05-19,0,0.005347593583,-0.0000717411579,-0.02010968921,0,0,0
2020-05-20,0.06382978723,0.03682487725,-0.00240350122,0.0401119403,0.03982725528,0.06964285714,0.03032721468
2020-05-21,-0.04156862745,0.04972375691,0.003056564422,-0.03019431988,-0.004614674665,-0.005008347245,-0.005422153369
2020-05-22,-0.02250409165,-0.03872180451,0.0006524700652,-0.006165228113,-0.0120537784,-0.008389261745,-0.01246105919
2020-05-23,0,0,0,0,0,0,0
2020-05-24,0,0,0.002135267016,0,0,0,0
2020-05-25,0,0,-0.001008158216,0,0,0,0
2020-05-26,0.005371900826,0,-0.01354871956,0,0.03776223776,0.01517706577,0.004780876494
2020-05-27,-0.002055076038,-0.02572096648,-0.00200979503,0.008871214439,0.01976639712,0.02823920266,0.007930214116
2020-05-28,-0.01070840198,0.0012,0.001395876349,-0.01121892056,-0.0268722467,-0.02584814216,-0.007867820614
2020-05-29,-0.01457119067,0.0339592489,-0.001764193408,-0.02023919043,-0.02625622454,-0.004975124378,-0.002379064235
2020-05-30,0,0,0,0,0,0,0
2020-05-31,0,0,0.002058226725,0,0,0,0
2020-06-01,0,0,-0.01418928727,0,0,0,0
2020-06-02,0.03689727463,0.03241800153,-0.005337750782,0.02471368294,0.02700270027,0.05073649755,0.05209953344
2020-06-03,0.02628386575,0.00184706317,-0.001199111769,0.04852941176,0.01095530237,0.007788161994,0.005173688101
2020-06-04,0.02285263987,0.01401179941,0.0005780432495,-0.002244039271,0.01950585176,0.004636785162,0.008088235294
2020-06-05,0.1005392912,0.04981818182,-0.006184452213,0.06184987349,0.05697278912,0.08461538462,0.05251641138
2020-06-06,0,0,0,0,0,0,0
2020-06-07,0,0,-0.001885512852,0,0,0,0
2020-06-08,0,0,-0.001851741234,0,0,0,0
2020-06-09,-0.02884277172,0.001762425097,0.004039497307,-0.05166709086,-0.02321156773,-0.06744487678,-0.02802460697
2020-06-10,-0.04237595074,0.0003518648839,0.0004768290866,-0.02710681696,-0.0459680561,-0.04589707928,-0.04500703235
2020-06-11,-0.08396369138,-0.07281041154,0.01560126299,-0.0844137931,-0.07717435688,-0.1078717201,-0.1067746686
2020-06-12,0.02683732453,0.002655538695,-0.003805571239,0.03796324194,0.02389380531,0.01470588235,0.003297609233
2020-06-13,0,0,0,0,0,0,0
2020-06-14,0,0,0.00376122479,0,0,0,0
2020-06-15,0,0,-0.00756759135,0,0,0,0
2020-06-16,0.0198541329,0.02446256486,-0.0000295554127,0.01303592121,0.006814310051,0.05573248408,0.01589958159
2020-06-17,-0.0452920143,-0.01302460203,0.003125577271,-0.02230483271,-0.04230118443,-0.05731523379,-0.03624382208
2020-06-18,-0.009155222638,0.02236070381,0.001222764036,0.003217315004,-0.009275618375,-0.032,0.001709401709
2020-06-19,-0.02561948761,0.01219074937,0.0008313469292,-0.01049562682,-0.02407489969,0.02148760331,-0.004266211604
2020-06-20,0,0,0,0,0,0,0
2020-06-21,0,0,0.0009776751913,0,0,0,0
2020-06-22,0,0,-0.008460013219,0,0,0,0
2020-06-23,0.01836821871,-0.008971704624,0.002992193633,0.01278698053,0.01875571821,0.0176,0.02723404255
2020-06-24,-0.04572147651,-0.05118384401,0.007502473749,-0.04964131994,-0.0350246969,-0.02201257862,-0.02982601491
2020-06-25,0.002197802198,0.02532110092,-0.0006449816034,0.02324879227,-0.002326663564,0.0192926045,0.00853970965
2020-06-26,-0.02280701754,-0.02075876879,0.004459112578,-0.02891708469,-0.01912313433,-0.04258675079,-0.01016088061
2020-06-27,0,0,0,0,0,0,0
2020-06-28,0,0,-0.001277763986,0,0,0,0
2020-06-29,0,0,-0.001586454457,0,0,0,0
2020-06-30,-0.01165803109,-0.007428369296,-0.006033712637,-0.02242822967,0.007844946931,-0.003139717425,-0.01174496644
2020-07-01,0,0.01033499644,0.001237641997,0.002447231569,0,0,0
2020-07-02,0,0.01410934744,-0.001567213597,0.003967043027,0,0,0
2020-07-03,-0.001759014952,0,-0.01151830917,0,-0.006484483557,-0.0201863354,0.004156275977
2020-07-04,0,0,0,0,0,0,0
2020-07-05,0,0,0.01011674892,0,0,0,0
2020-07-06,0,0,-0.0007528175303,0,0,0,0
2020-07-07,-0.02618943693,-0.005870165746,0.004808367002,-0.0245142003,-0.01459188326,-0.02857142857,-0.02218430034
2020-07-08,-0.01748095025,0.01354637027,-0.00638047633,0.003677597303,-0.03563165201,-0.01797385621,-0.01396160558
2020-07-09,-0.0246350365,-0.02638793694,0.00464593259,-0.04488549618,-0.02399232246,-0.01996672213,-0.02566371681
2020-07-10,0.02666043031,0.02182330165,-0.000324005891,0.0297314578,0.02753195674,0.01697792869,0.0408719346
2020-07-11,0,0,0.0007660803206,0,0,0,0
2020-07-12,0,0,0.0008832621817,0,0,0,0
2020-07-13,0,0,0.0009118988086,0,0,0,0
2020-07-14,0.04524886878,0.01333333333,-0.0008082054899,0.03394014193,0.05195424214,0.03979238754,0.0381613183
2020-07-15,0.01168831169,0.0141966759,-0.006801770666,0.01402566398,0.01948346171,0.04326123128,0.01587301587
2020-07-16,-0.007702182285,-0.004438374872,0.004590246467,-0.01471453796,-0.008888888889,-0.01116427432,-0.01809210526
2020-07-17,-0.008193186718,-0.002057613169,0.0009064846819,-0.01702508961,-0.009865470852,-0.02096774194,-0.01340033501
2020-07-18,0,0,0,0,0,0,0
2020-07-19,0,0,-0.0004712396548,0,0,0,0
2020-07-20,0,0,-0.003675928927,0,0,0,0
2020-07-21,0.08127208481,0.0206043956,-0.005700596677,0.03147176797,0.08225508318,0.1144781145,0.1046712803
2020-07-22,-0.02083333333,0.001009421265,-0.002275465132,-0.02034101107,-0.02818104184,0.009063444109,-0.01409553641
2020-07-23,-0.03879849812,-0.01142857143,-0.0009987180634,-0.01099236641,-0.0118629174,-0.002994011976,-0.0357426529
2020-07-24,-0.02690972222,0.001020061204,0.0006863725212,-0.003087372646,-0.002667852379,0.01051051051,0.004942339374
2020-07-25,0,0,0,0,0,0,0
2020-07-26,0,0,0.0002833072392,0,0,0,0
2020-07-27,0,0,-0.005806153479,0,0,0,0
2020-07-28,-0.04133333333,-0.01244952894,0.003051226113,-0.01078582435,-0.03408587871,-0.05925925926,-0.03346613546
2020-07-29,0.01483541956,0.007495741056,-0.002810248438,0.009657320872,0.02887259395,0.01102362205,0.02225886232
2020-07-30,-0.004568296026,-0.02164355766,0.005306550742,-0.04844183894,-0.01959910913,-0.03894080997,-0.02903225806
2020-07-31,-0.03304268013,0.004839267197,-0.0002758558988,-0.03339818418,-0.04815992731,-0.0340356564,-0.01827242525
2020-08-01,0,0,0,0,0,0,0
2020-08-02,0,0,-0.0008874570255,0,0,0,0
2020-08-03,0,0,-0.0002388558803,0,0,0,0
2020-08-04,0,0.01499659168,-0.007331641033,0.03465346535,0,0,0
2020-08-05,0.0289044289,0.01511081263,-0.002331563351,0.005422647528,0.01554641061,0.06957928803,0.02707136998
2020-08-06,-0.009968282737,-0.001653986107,0.004040769556,-0.008565989848,-0.01035569563,-0.004538577912,0.02875399361
2020-08-07,-0.01052631579,-0.01093439364,0.004677739068,-0.01312,-0.0127388535,-0.009118541033,0.03804347826
2020-08-08,0,0,0.00007473450567,0,0,0,0
2020-08-09,0,0,0.0003811174963,0,0,0,0
2020-08-10,0,0,-0.002450174799,0,0,0,0
2020-08-11,0.0008849557522,-0.01127320955,-0.003257450951,0.01271860095,0.004932735426,-0.001477104874,0.006637168142
2020-08-12,0.0207780725,0.02481556003,-0.005026107209,0.03202511774,0.02320392682,0.02662721893,-0.009523809524
2020-08-13,-0.02685145084,-0.005235602094,-0.00181219608,-0.03650745361,-0.01439162669,-0.02305475504,-0.007396449704
2020-08-14,0.004450378282,-0.002302631579,0.0006883718116,-0.01768234923,0.001327433628,0.004424778761,0.007451564829
2020-08-15,0,0,0,0,0,0,0
2020-08-16,0,0,0.001791559261,0,0,0,0
2020-08-17,0,0,-0.002309015725,0,0,0,0
2020-08-18,-0.01469933185,-0.005524861878,-0.005256470375,-0.01292824822,-0.02248677249,-0.03628447025,-0.01194921583
2020-08-19,-0.01130198915,0.001960784314,0.004554336504,-0.003929273084,-0.004961659901,-0.009036144578,-0.00604686319
2020-08-20,-0.01920438957,-0.004566210046,-0.003012367357,-0.009861932939,-0.009519492294,-0.01367781155,-0.008365019011
2020-08-21,-0.02610722611,-0.01114023591,0.0001366493577,-0.01626826029,-0.01922196796,-0.05084745763,-0.01993865031
2020-08-22,0,0,0,0,0,0,0
2020-08-23,0,0,0.000432663843,0,0,0,0
2020-08-24,0,0,0.00286041624,0,0,0,0
2020-08-25,-0.001821493625,0.01878088962,-0.004130855829,-0.01539469374,0.0008880994671,0.004636785162,0.004497751124
2020-08-26,-0.02281021898,0.0003234152652,-0.001899263086,-0.000998003992,-0.01996450754,-0.02307692308,-0.02164179104
2020-08-27,0.007936507937,-0.008406078241,-0.001248287411,-0.008325008325,-0.006790402897,-0.004724409449,0.002288329519
2020-08-28,0.007874015748,0.001630257581,-0.002362516766,0.01376762928,0.008204193254,0.01582278481,0.003805175038
2020-08-29,0,0,0,0,0,0,0
2020-08-30,0,0,-0.0007868241333,0,0,0,0
2020-08-31,0,0,-0.003463223321,0,0,0,0
2020-09-01,0.01003344482,0.0009810333551,0.001380897583,-0.01617250674,0.004184100418,0.006493506494,0.01477449456
2020-09-02,-0.01750236518,-0.0245017968,-0.0006435302229,-0.005479452055,-0.0337962963,-0.01612903226,-0.006896551724
2020-09-03,-0.004814636495,-0.007367716008,0.007290373028,-0.003443526171,0.002395783421,0.02950819672,-0.006172839506
2020-09-04,-0.02080309627,-0.03812415655,-0.005913377018,-0.001036627505,-0.0004780114723,-0.03503184713,-0.001552795031
2020-09-05,0,0,0,0,0,0,0
2020-09-06,0,0,0.001048843975,0,0,0,0
2020-09-07,0,0,0.001537202597,0,0,0,0
2020-09-08,0,0,0.01094243956,0,0,0,0
2020-09-09,-0.001079913607,0.0246728972,-0.006541230144,0.01748127007,0.008655804481,0.009025270758,0.02622673435
2020-09-10,-0.02,-0.02261948194,0.002813153393,-0.02279102384,-0.03180212014,-0.03935599284,-0.01731244847
2020-09-11,0.003309431881,0.009331840239,-0.000947723568,0.007534983854,0.005213764338,0.01117318436,-0.008389261745
2020-09-12,0,0,0,0,0,0,0
2020-09-13,0,0,0.0003187371936,0,0,0,0
2020-09-14,0,0,-0.0003413953206,0,0,0,0
2020-09-15,-0.01122334456,0.02152932442,0.001221853727,0.004329004329,-0.001052631579,0,-0.009251471825
2020-09-16,0.01929625426,0.04287790698,-0.000856527803,0.007543103448,0.01791359326,0.06296296296,0.03480475382
2020-09-17,-0.006124721604,0.01846689895,-0.002374540075,-0.01604278075,-0.02432712215,-0.01567944251,-0.03281378179
2020-09-18,-0.01176470588,-0.005815942525,0.003627321257,-0.02246376812,-0.02387267905,-0.01592920354,-0.01781170483
2020-09-19,0,0,0,0,0,0,0
2020-09-20,0,0,-0.00005303874101,0,0,0,0
2020-09-21,0,0,0.007789531113,0,0,0,0
2020-09-22,0.001776198934,-0.004241781548,-0.0002255639098,0.01254275941,0.001707455891,0.01520912548,0.02262443439
2020-09-23,-0.01359338061,-0.004969826056,0.006505226743,-0.01951951952,-0.03863636364,-0.03558052434,-0.02920353982
2020-09-24,0.02156980228,0.01676774884,-0.002398475735,0.01607963247,-0.002955082742,0.03689320388,0.003646308113
2020-09-25,-0.02463343109,-0.005263157895,0.002306874185,-0.03014318011,-0.0278601067,-0.02434456929,-0.01725703906
2020-09-26,0,0,0,0,0,0,0
2020-09-27,0,0,-0.0002540688377,0,0,0,0
2020-09-28,0,0,-0.001644392621,0,0,0,0
2020-09-29,-0.04461181924,-0.03450679679,0.002021442262,-0.01686469912,-0.03590664273,-0.05585585586,-0.03932082216
2020-09-30,-0.01394784718,0.02129963899,-0.00586529984,-0.01871345029,-0.01055245189,-0.009541984733,-0.007441860465
2020-10-01,-0.0467404674,-0.02757158006,-0.00160086582,-0.03694874851,-0.03952321205,-0.0655105973,-0.03373945642
2020-10-02,0.02903225806,-0.04216648491,0.001731406203,0.01485148515,0.0163291966,-0.00618556701,0.008729388943
2020-10-03,0,0,0,0,0,0,0
2020-10-04,0,0,-0.00120237469,0,0,0,0
2020-10-05,0,0,-0.002558122037,0,0,0,0
2020-10-06,-0.006234413965,0.01646974579,0.004850267783,-0.004329004329,-0.005710659898,0.012,0.01121495327
2020-10-07,0.0225846926,0,-0.004766802039,0.01146245059,0.02361199745,0.01778656126,0.02865064695
2020-10-08,0.0472392638,0.02641775273,-0.004955573323,0.03321610004,0.05673316708,0.06601941748,0.06648697215
2020-10-09,-0.01113063855,-0.01544269046,-0.005616998052,0.008320726172,-0.02536873156,-0.03096539162,-0.01179443976
2020-10-10,0,0,0,0,0,0,0
2020-10-11,0,0,0.0009147735935,0,0,0,0
2020-10-12,0,0,-0.00133282559,0,0,0,0
2020-10-13,0,0.01389383684,0.002234509056,-0.01825095057,0,0,0
2020-10-14,-0.01516070346,0.01827125791,0.000517432924,-0.001161890008,0.005528255528,-0.02099236641,0.009385665529
2020-10-15,-0.01169950739,-0.00138026225,0.005818109913,-0.01628538193,0.01038485034,-0.01169590643,0.002535925613
2020-10-16,-0.02367601246,-0.007601935038,-0.003742882852,-0.003941663382,-0.01088270859,-0.04733727811,-0.02023608769
2020-10-17,0,0,0,0,0,0,0
2020-10-18,0,0,0.0002808221257,0,0,0,0
2020-10-19,0,0,0.0007891162657,0,0,0,0
2020-10-20,0.006426735219,0.0160895418,-0.005246518116,0.01118210863,0.02848484848,0.004149377593,-0.004351610096
2020-10-21,-0.03512132822,-0.03270223752,0.002492283068,-0.01935229068,-0.01885680613,-0.02892561983,-0.0270979021
2020-10-22,0.06353408339,0.01459074733,-0.001254447587,0.0249697946,0.03903903904,0.05106382979,0.01257861635
2020-10-23,0.0261356565,-0.02209750965,-0.001042879871,0.006286836935,0.02369942197,-0.01214574899,-0.004436557232
2020-10-24,0,0,0,0,0,0,0
2020-10-25,0,0,0.001844090528,0,0,0,0
2020-10-26,0,0,0.004480041378,0,0,0,0
2020-10-27,-0.02404438964,0.02139431944,-0.001082832933,-0.02577527185,-0.01214574899,0.06711409396,0.002788104089
2020-10-28,-0.05243209097,-0.04983748646,0.008998013918,-0.04505994212,-0.03220140515,-0.03773584906,-0.02780352178
2020-10-29,0.006,-0.02698593691,0.0003606175576,0.06623376623,0.007864488808,-0.04139433551,-0.005719733079
2020-10-30,-0.003976143141,-0.013671875,0.0008786884261,0.03735282176,0.06362545018,-0.009090909091,0.0162991371
2020-10-31,0,0,0,0,0,0,0
2020-11-01,0,0,0,0,0,0,0
2020-11-02,0,0,-0.01102641402,0,0,0,0
2020-11-03,0.006430868167,0.01751713633,-0.008955788359,0.007499062617,0.01998919503,0.03736263736,0.02425373134
2020-11-04,-0.001916932907,0.02694610778,0.001854664519,0.001116486788,-0.01218220339,0.01271186441,0.01183970856
2020-11-05,-0.007682458387,-0.01020408163,-0.003374878108,-0.002230483271,-0.002144772118,-0.004184100418,-0.01440144014
2020-11-06,-0.01419354839,-0.02540500736,-0.01291841524,-0.006333830104,-0.01020956475,-0.01890756303,-0.02465753425
2020-11-07,0,0,0,0,0,0,0
2020-11-08,0,0,0.008456528641,0,0,0,0
2020-11-09,0,0,-0.001167228523,0,0,0,0
2020-11-10,0.001049868766,0.02992518703,0.001837458004,0.05061197486,0.01895515488,0.01779359431,0.03664122137
2020-11-11,0.004195070792,0.00449671394,0.002087330213,-0.01164987406,0.006805807623,0.008741258741,0.02871870398
2020-11-12,-0.06214099217,-0.01308539945,0.005957942136,-0.02421153234,-0.04100946372,-0.06759098787,-0.06513958482
2020-11-13,0.01726057906,-0.01849267271,-0.001492082826,0.01893568397,-0.007518796992,0.04275092937,0.009188361409
2020-11-14,0,0,0,0,0,0,0
2020-11-15,0,0,0.0005489311091,0,0,0,0
2020-11-16,0,0,-0.003680392575,0,0,0,0
2020-11-17,0.01732042792,0.002082610205,0.002271458399,0.01656626506,0.0138951143,0.03885135135,0.01455604076
2020-11-18,0.007010515774,0.004502944233,-0.001587180465,-0.02251851852,-0.005305039788,-0.009756097561,0.0193687231
2020-11-19,0.001491795127,0.003103448276,0.0001146420874,0.005759321006,0.004,-0.008210180624,-0.01688951443
2020-11-20,0.001489572989,0.006187693365,0.000557860871,0.01446654611,-0.0008853474989,0.01986754967,0.01717967072
2020-11-21,0,0,0,0,0,0,0
2020-11-22,0,0,0,0,0,0,0
2020-11-23,0,0,-0.0005962299919,0,0,0,0
2020-11-24,0.04881386861,0.0433604336,-0.005965856942,0.05396194263,0.03748438151,0.02332361516,0.04429530201
2020-11-25,-0.006959547629,0.01850649351,0.0004308885538,-0.02074912423,-0.02368526696,0.002849002849,-0.01156812339
2020-11-26,-0.00832238283,0,0.001415166897,0,0.006578947368,-0.02130681818,0.007802340702
2020-11-27,-0.0101590106,0,-0.002104390034,0,-0.0102124183,0.01015965167,0.01225806452
2020-11-28,0,0,0,0,0,0,0
2020-11-29,0,0,-0.0008004310013,0,0,0,0
2020-11-30,0,0,0.0007240460308,0,0,0,0
2020-12-01,-0.006259027443,-0.01130125928,-0.004541256158,0.03605200946,0.01868327402,0.004658385093,0.01012145749
2020-12-02,0.01550387597,0.01143043762,-0.001221680971,0.03793496863,-0.006986899563,0.04173106646,0.0120240481
2020-12-03,0.01812977099,0.009041007427,-0.004072089927,0.008793624622,0.02066842568,0.0178041543,0.01386138614
2020-12-04,0.07638238051,0.00992,-0.006723877929,0.04140561155,0.04523912107,0.05393586006,0.046875
2020-12-05,0,0,0,0,0,0,0
2020-12-06,0,0,0.0001173883441,0,0,0,0
2020-12-07,0,0,0.001752793515,0,0,0,0
2020-12-08,0.02141608392,0.0003184713376,0.001109201687,-0.0008017103153,0.01359143328,0.03319502075,-0.01070528967
2020-12-09,-0.01369276851,-0.002228589621,0.0006398152338,0.005081572613,0.006501422186,0.005354752343,-0.008274984087
2020-12-10,0.03817787419,0.02456924059,-0.006643585665,0.02235231506,0.03148970529,0.04793608522,0.02567394095
2020-12-11,-0.007521938989,-0.005294300841,0.002574729967,-0.01587714732,-0.01095890411,0.005082592122,0
2020-12-12,0,0,0,0,0,0,0
2020-12-13,0,0,-0.001675540244,0,0,0,0
2020-12-14,0,0,0.0007607485138,0,0,0,0
2020-12-15,-0.008665511265,0.01150139882,-0.004756941451,0.03185063152,0.01264274062,0.007792207792,0.023657289
2020-12-16,-0.02491258741,0.0061462815,0.003732401021,0.006652474721,-0.01933145389,-0.03092783505,-0.03310430981
2020-12-17,0.002241147468,0.01282834453,-0.001255197301,0.007137192704,0.002464065708,0.007978723404,0.009043927649
2020-12-18,-0.0102862254,0.009650180941,0.004398711806,-0.02099737533,0,-0.001319261214,-0.01216389245
2020-12-19,0,0,0,0,0,0,0
2020-12-20,0,0,0.001845624462,0,0,0,0
2020-12-21,0,0,0.003325371177,0,0,0,0
2020-12-22,-0.02076603599,-0.0168504902,0.003119845642,-0.01688238604,-0.01257334451,-0.02445652174,-0.01325381047
2020-12-23,0.04052780396,0.02056715488,-0.00370735188,0.02862049227,0.04244482173,0.05431754875,0.03895231699
2020-12-24,-0.008605072464,0.005190839695,0.000210190339,-0.00306065665,-0.004478827362,0,-0.007110536522
2020-12-25,0,0,0.001774567644,0,0,0,0
2020-12-26,0,0,0,0,0,0,0
2020-12-27,0,0,-0.002439592883,0,0,0,0
2020-12-28,0,0,0.00003115361849,0,0,0,0
2020-12-29,0,0.005830009205,-0.001394080997,0.006685236769,0,0,0
2020-12-30,0.007874015748,0.003965832825,-0.005568510618,-0.003043718871,0.006952965235,0.01818181818,0.01969796454
2020-12-31,-0.01884191176,0.003038590094,-0.03143356835,-0.02470163752,-0.01868399675,-0.01147959184,-0.01481004507
2021-01-01,0,0,0.03134438336,0,0,0,0
2021-01-02,0,0,0,0,0,0,0
2021-01-03,0,0,-0.001169820209,0,0,0,0
2021-01-04,0,0,0.004629738801,0,0,0,0
2021-01-05,0.08134642356,0.04817788758,-0.008317033096,0.06883152928,0.07797979798,0.06068268015,0.07879564382
2021-01-06,0.0177258971,0.005008839128,-0.0007337451774,0.04622176058,0.02773613193,0.01191895113,0.004156769596
2021-01-07,0.01019541206,0.01231310466,0.001452776857,0.00124100273,0.01787016776,0.01413427562,0.01833234772
2021-01-08,-0.01219512195,0.02606429192,-0.00004730443558,-0.002478929103,-0.01074883554,-0.03019744483,-0.008710801394
2021-01-09,0,0,-0.00001576889113,0,0,0,0
2021-01-10,0,0,0.003768824411,0,0,0,0
2021-01-11,0,0,0.003189116159,0,0,0,0
2021-01-12,0.02435897436,0.01815087918,-0.004987706908,0.02309985097,0.001451905626,-0.01581508516,0.009467455621
2021-01-13,-0.01793909053,-0.00278551532,-0.0007554474846,-0.01286720078,-0.01993475897,-0.03213844252,-0.01758499414
2021-01-14,0.0424808836,0.01229050279,-0.003969097739,0.02434825381,0.03106508876,0.05236270754,-0.01491646778
2021-01-15,-0.04808475958,-0.02483443709,-0.001605034908,-0.03505402161,-0.03837876614,-0.04975728155,-0.04542701393
2021-01-16,0,0,0.007919286631,0,0,0,0
2021-01-17,0,0,0.002930684979,0,0,0,0
2021-01-18,0,0,-0.001308295534,0,0,0,0
2021-01-19,0.01795882611,0,-0.001984625039,0,0.01087771943,0.02467532468,0.007015306122
2021-01-20,-0.008605851979,0.001118881119,-0.007600587926,0.00270602706,-0.005565862709,-0.003802281369,-0.002533248892
2021-01-21,-0.004340277778,-0.0008382229673,0.001639474101,-0.02477919529,-0.02425373134,-0.01272264631,-0.01206349206
2021-01-22,-0.01787271142,-0.01482102908,0.001431203397,-0.01182389937,-0.0206500956,-0.03737113402,-0.005141388175
2021-01-23,0,0,0,0,0,0,0
2021-01-24,0,0,0.004587518161,0,0,0,0
2021-01-25,0,0,0.001147537118,0,0,0,0
2021-01-26,-0.02328705777,-0.003933689239,-0.00342296369,0.004447933019,-0.04942084942,-0.03302509908,-0.03139013453
2021-01-27,0.005043558001,0.001410437236,0.009618793279,-0.01067986455,-0.005280259951,0.005464480874,-0.03042328042
2021-01-28,0.002737226277,-0.007042253521,0.001162609238,0.006845708268,0.01551653736,0.02717391304,0.009549795362
2021-01-29,-0.02684258417,-0.001985815603,-0.00427873337,-0.03530334728,-0.02171290712,-0.001322751323,-0.02364864865
2021-01-30,0,0,0,0,0,0,0
2021-01-31,0,0,0.0020507201,0,0,0,0
2021-02-01,0,0,0.003421286966,0,0,0,0
2021-02-02,-0.0004638218924,0.01937984496,-0.004740775339,-0.01228836701,-0.03966679889,-0.01125,0.02369668246
2021-02-03,0.03201856148,0.01683867463,-0.00008603765321,0.01990599945,0.04997934738,0.04298356511,0.03571428571
2021-02-04,-0.01214028777,0.009882478632,0.003042866083,-0.007861209,0.02006294256,-0.02060606061,0.01149425287
2021-02-05,0.004096495221,0.01005025126,-0.00589570222,0.02404371585,-0.004627844196,0.006188118812,0.01893939394
2021-02-06,0,0,0,0,0,0,0
2021-02-07,0,0,0.0008707726342,0,0,0,0
2021-02-08,0,0,-0.001622460497,0,0,0,0
2021-02-09,0.006672597865,0.005906522856,-0.003187388618,-0.00778614067,-0.009266409266,-0.03897685749,-0.009163103238
2021-02-10,0.01811754308,0.002808271636,-0.00008663395579,0.002877321475,0.01325019486,0.07604562738,0.01726263872
2021-02-11,-0.01779513889,-0.007892057026,0.0003623188406,-0.02660406886,-0.01769230769,-0.01766784452,0.0103030303
2021-02-12,0.01148917366,0.02489094175,-0.0004409240508,0.031886388,0.007830853563,0.02757793765,0.02459508098
2021-02-13,0,0,0.00007877116975,0,0,0,0
2021-02-14,0,0,-0.0006379962193,0,0,0,0
2021-02-15,0,0,-0.004122037532,0,0,0,0
2021-02-16,0,0,0.00580898414,0,0,0,0
2021-02-17,0.01341156748,0.0108776267,-0.0007160280116,0.0102117061,0.004516371848,0.002275312856,0.003993154592
2021-02-18,-0.01654259719,-0.01516263145,-0.001496074772,-0.03648915187,-0.01948295242,-0.02156640182,-0.003977272727
2021-02-19,0.006728343146,-0.01465110504,-0.006016923089,0.01202661208,0.02025219717,0.01160092807,-0.002281802624
2021-02-20,0,0,0.0005077511385,0,0,0,0
2021-02-21,0,0,-0.0009753389898,0,0,0,0
2021-02-22,0,0,0.0008175446673,0,0,0,0
2021-02-23,0.01698841699,0.008236434109,-0.00130065826,0.01608114795,0.000350262697,0.01876379691,0.006084070796
2021-02-24,0.02201974184,0.02114368092,-0.006559407906,0.03189676163,0.01680672269,0.03358613218,0.003298515668
2021-02-25,-0.03194650817,-0.0009411764706,0.007985611511,-0.00353940538,-0.016184573,-0.01572327044,-0.0301369863
2021-02-26,-0.03031465848,-0.02708431465,0.01021419678,-0.02841581814,-0.02380119006,0.003194888179,-0.01920903955
2021-02-27,0,0,0,0,0,0,0
2021-02-28,0,0,-0.003351990391,0,0,0,0
2021-03-01,0,0,-0.004292690611,0,0,0,0
2021-03-02,0.02032043767,-0.01305418719,-0.0004667167662,0.01267983419,0.001789549034,0,0.002770083102
2021-03-03,0.005361930295,0.02670326928,0.002777865713,0.0127618589,0.02608074312,0.008501594049,0.04033149171
2021-03-04,0.02438095238,0.04691298007,0.000568240113,0.008796956728,0.01601671309,0.04952581665,0.01858736059
2021-03-05,0.03458534771,0.03180868354,-0.002200679923,0.03346688664,0.02810143934,0.04417670683,0.02398331595
2021-03-06,0,0,0,0,0,0,0
2021-03-07,0,0,-0.00143083004,0,0,0,0
2021-03-08,0,0,0.002058281019,0,0,0,0
2021-03-09,-0.008255563532,-0.008965517241,-0.001169230283,-0.003460207612,0.0137075718,-0.02325581395,0
2021-03-10,0.02823018458,0.01461377871,-0.001819174095,0.02731481481,0.02511268513,0.04067460317,0.03937823834
2021-03-11,0.01478352693,0.01966163695,-0.007028470456,-0.01013970257,0.006595477387,0.007626310772,0.002991026919
2021-03-12,0.01699618453,-0.005605381166,-0.004500694256,0.009560664694,0.005928237129,0,-0.0009940357853
2021-03-13,0,0,0,0,0,0,0
2021-03-14,0,0,-0.0004569138277,0,0,0,0
2021-03-15,0,0,0.0004972211752,0,0,0,0
2021-03-16,-0.02343211578,-0.009715318572,-0.00262915314,-0.01947308133,-0.02603174603,-0.03595080416,-0.04253214639
2021-03-17,0.0172900494,-0.0002281542323,-0.004235415143,0.009813084112,0.003911342894,0.01766437684,0.01342975207
2021-03-18,-0.05723204995,-0.07644911,0.008143664245,-0.0363257751,-0.03766233766,-0.05014464802,-0.05606523955
2021-03-19,0.01729212656,0.03212255992,0.001689229759,0.007442977191,0.007085020243,0.01624365482,0.01835853132
2021-03-20,0,0,0,0,0,0,0
2021-03-21,0,0,0.0008711636829,0,0,0,0
2021-03-22,0,0,-0.0001676927868,0,0,0,0
2021-03-23,-0.05105438402,-0.05610165428,0.005534790109,-0.04977047596,-0.02444821732,-0.04290091931,-0.01994609164
2021-03-24,0.03547758285,0.05283210566,-0.001064328321,0.02593440122,0.05151409676,0.02988260406,0.04070407041
2021-03-25,-0.0003765060241,-0.03763570567,0.001995754053,-0.01189591078,0.01324064879,0.00207253886,0.01638477801
2021-03-26,0.008662900188,0.04111306092,0.000253931978,0.02332580888,0.01437438746,0.01551189245,0.01456058242
2021-03-27,0,0,0,0,0,0,0
2021-03-28,0,0,-0.001650138834,0,0,0,0
2021-03-29,0,0,0.0004926812988,0,0,0,0
2021-03-30,0.005281026028,-0.01789122137,0.002414538061,-0.01036525173,-0.0006435006435,0.004179728318,0.003107198343
2021-03-31,-0.01425891182,-0.01554529998,-0.004476736815,-0.02219451372,-0.0199613651,-0.01768990635,0.003097573567
2021-04-01,0.02854967644,0.03232173698,-0.001456507724,0.02499362408,0.03745072273,0.04449152542,0.01955738549
2021-04-02,0,0,-0.0005420054201,0,0,0,0
2021-04-03,0,0,0,0,0,0,0
2021-04-04,0,0,0.001977797627,0,0,0,0
2021-04-05,0,0,-0.003486150907,0,0,0,0
2021-04-06,0.004533434076,0.01042701092,0.004089391543,0.001255965838,0.009967845659,0.01787592008,0.01346452615
2021-04-07,-0.003008649868,0.003931203931,0.003285234739,0.01329653788,0.007004138809,0.004132231405,-0.01635155851
2021-04-08,-0.003394945304,-0.0009789525208,-0.00400390083,-0.03243377074,-0.001896933291,0.005144032922,0.009350649351
2021-04-09,-0.01097653293,-0.004409603136,-0.002563245291,-0.004350051177,-0.02027241052,-0.02661207779,-0.007205352548
2021-04-10,0,0,-0.0002394253791,0,0,0,0
2021-04-11,0,0,0.0003033447753,0,0,0,0
2021-04-12,0,0,0.002250454879,0,0,0,0
2021-04-13,-0.01035276074,0.01222493888,-0.001743769408,-0.001549987083,-0.0112640801,-0.007352941176,-0.01196670135
2021-04-14,0.03913211933,0.03961352657,-0.001603241579,0.03363518758,0.02183544304,0.05925925926,0.03370194839
2021-04-15,-0.01416853095,0.005343866171,0.002133098985,-0.005006257822,-0.007432641685,0.01398601399,-0.009679062659
2021-04-16,-0.01134644478,-0.002079963023,-0.003404099269,-0.009308176101,-0.003120124805,-0.01773399015,-0.008744855967
2021-04-17,0,0,0.0002399808015,0,0,0,0
2021-04-18,0,0,0.001087651951,0,0,0,0
2021-04-19,0,0,0.0003275388253,0,0,0,0
2021-04-20,-0.03630110814,-0.013388735,0.007171550189,-0.02815115394,-0.01507537688,-0.06395939086,-0.03133159269
2021-04-21,0.009119746233,-0.02269536734,-0.008547754034,0.008350730689,0.01530612245,0.02277657267,0.003234501348
2021-04-22,-0.01178781925,0.007661000718,-0.00006398106161,-0.02251552795,-0.02072864322,-0.01166489926,-0.0123589468
2021-04-23,0.008747514911,0.008790686624,-0.002559406218,0.006883770188,0.01699807569,0.00321888412,0.003808487486
2021-04-24,0,0,0.00008820534204,0,0,0,0
2021-04-25,0,0,0.001250801796,0,0,0,0
2021-04-26,0,0,-0.007335276594,0,0,0,0
2021-04-27,0.01531814611,0.01842664777,0.0008228460794,0.005481597494,0.01231449321,-0.009594882729,0.008121277748
2021-04-28,0.02746615087,0.009742519137,-0.00832648192,0.01453790239,0.03680598877,0.04520990312,0.01235230934
2021-04-29,0.003765060241,0.01677004365,-0.002170220029,-0.01100307062,0.01925391095,0.00411946447,0.0005305039788
2021-04-30,-0.01387846962,-0.02236782648,0.00069239667,-0.01681759379,0.04781582054,-0.01846153846,-0.01060445387
2021-05-01,0,0,0.00010582269,0,0,0,0
2021-05-02,0,0,-0.0005616148462,0,0,0,0
2021-05-03,0,0,0.00008143919343,0,0,0,0
2021-05-04,0.0003713330858,0.02023647112,0.001636794489,-0.006426735219,-0.02301311212,-0.04843592331,-0.004151530877
2021-05-05,0.03637713437,-0.004680187207,-0.002691013154,0.02923673997,0.02547247329,0.01696712619,0.03804064617
2021-05-06,0.001432664756,-0.005597850425,-0.009219782997,0.008798391151,0.006944444444,0.01355578728,0.01355421687
2021-05-07,0.02503576538,0.0004503490205,-0.002443639954,0.01893845004,0.01034482759,-0.01543209877,0.03268945022
2021-05-08,0,0,0.0004948739309,0,0,0,0
2021-05-09,0,0,-0.001343742529,0,0,0,0
2021-05-10,0,0,-0.00167574707,0,0,0,0
2021-05-11,-0.02018413598,0.008767985612,0.000223256737,-0.0197351986,-0.002398081535,0.008639308855,-0.02360308285
2021-05-12,0.02059992772,0.007800312012,0.002000595218,0.009174311927,0.006143162393,0.0278372591,0.005920078934
2021-05-13,-0.02726628895,-0.03118089341,0.00393544874,-0.01338383838,0.01884788957,-0.02291666667,-0.01471309465
2021-05-14,0.02366217692,0.02054325496,-0.005317094417,0.03404146404,0.01380927566,0.03731343284,0.03733200597
2021-05-15,0,0,0,0,0,0,0
2021-05-16,0,0,0.0006113883473,0,0,0,0
2021-05-17,0,0,-0.00408719346,0,0,0,0
2021-05-18,-0.009631922945,-0.01211720643,0.0009285743896,-0.01756525982,-0.01502629602,-0.009,-0.01133679735
2021-05-19,-0.03786036818,-0.03144513827,0.00493675814,-0.02458405761,-0.02644291889,-0.03229061554,-0.03917821309
2021-05-20,0.003971119134,-0.02187428045,-0.005753237226,0.01145621181,0.0104465918,-0.01668404588,-0.003480855296
2021-05-21,0.003595828839,0.02871939736,-0.0007626943005,0.003020387616,0.01085551822,0,-0.00249500998
2021-05-22,0,0,0,0,0,0,0
2021-05-23,0,0,0.001136618188,0,0,0,0
2021-05-24,0,0,-0.00142537499,0,0,0,0
2021-05-25,0,-0.002221235007,0.001178442796,-0.03299429422,0,0,0
2021-05-26,0.003226963069,0.006233303651,0.005479111406,0.003848127245,0.01647785788,0.02034261242,0.03126575895
2021-05-27,-0.005718370264,0.007743362832,-0.004938129117,-0.008177868643,0.01443768997,0.01049317943,0.01858190709
2021-05-28,0.002875629044,-0.002854006586,0.0003148249408,-0.005153311002,-0.004744069913,0.01869158879,0.004800768123
2021-05-29,0,0,0,0,0,0,0
2021-05-30,0,0,0.0003147258572,0,0,0,0
2021-05-31,0,0,-0.001415820762,0,0,0,0
2021-06-01,0.05310049893,0,0.0006881855945,0,0.02043831569,0.06243805748,0.037299339
2021-06-02,0.02267343486,0.01230304338,-0.00256856409,0.0174286436,-0.01230694981,0.03171641791,0.01684114702
2021-06-03,0.001654533422,0.001492537313,0.005731849144,-0.001986097319,-0.00390911312,0.005424954792,0.006266786034
2021-06-04,0.01717872481,0.006174153715,-0.002263153548,-0.001243781095,0.00760363012,0.02338129496,0.01023131673
2021-06-05,0,0,0,0,0,0,0
2021-06-06,0,0,-0.000314579953,0,0,0,0
2021-06-07,0,0,0.0009026317097,0,0,0,0
2021-06-08,-0.002280873249,0.01290459065,0.002043568551,0.001512096774,-0.006781302979,0.04195804196,0.007502206531
2021-06-09,-0.009797517962,-0.00626566416,0.0002642138811,0.002013085053,0.005852231163,0.00755033557,-0.01795882611
2021-06-10,-0.005277044855,0.005254308533,-0.001782972612,0.007282772476,0.01284848485,0.01332223147,-0.00267618198
2021-06-11,0.006962864721,0.005017771273,0.003853468949,0.007728745949,-0.01292484442,-0.001643385374,0.01207513417
2021-06-12,0,0,0,0,0,0,0
2021-06-13,0,0,0.001515700682,0,0,0,0
2021-06-14,0,0,-0.001398256292,0,0,0,0
2021-06-15,0.02089454783,0.0136589404,0.003673503006,0.02690909091,0.01658941205,0.04190632703,0.01449275362
2021-06-16,-0.01407099456,-0.004695794202,0.007582720588,-0.01628895184,-0.004319654428,-0.02287066246,-0.01688311688
2021-06-17,-0.03795004865,-0.01456410256,0.005473204105,-0.01007919366,-0.05133767173,-0.03389830508,-0.04667547336
2021-06-18,-0.01888064734,0.006661115737,0.009809480608,-0.05260606061,-0.01194105691,0.005847953216,-0.01247113164
2021-06-19,0,0,0,0,0,0,0
2021-06-20,0,0,-0.001315546714,0,0,0,0
2021-06-21,0,0,-0.006417722231,0,0,0,0
2021-06-22,0.003300330033,0.001215559157,-0.004850444624,0.01309288538,-0.00993295257,-0.01856335755,-0.001336302895
2021-06-23,0,0.006070416835,-0.0005442729488,0.006583760059,0.001755706045,-0.009868421053,-0.004460303301
2021-06-24,0.008881578947,0.002413515688,0.001544301122,0.01283914729,0.001001502253,0.003322259136,0.006272401434
2021-06-25,-0.01173785458,0.008226324238,-0.00374930005,0.001913417843,-0.007253626813,-0.009105960265,0.009349955476
2021-06-26,0,0,0,0,0,0,0
2021-06-27,0,0,0.001287053706,0,0,0,0
2021-06-28,0,0,0.003425019728,0,0,0,0
2021-06-29,-0.003746594005,0.007064997981,0.00504297065,-0.00644361834,-0.01245033113,0.009507346586,0.01176470588
2021-06-30,0.01504273504,-0.0002004409701,-0.0002823445895,0.007732601646,0.01341201717,0.0154109589,0.00626118068
2021-07-01,0,0.01483560545,0.00387324796,0.02574257426,0,0,0
2021-07-02,0,0.006124061636,-0.01073090742,-0.002654440154,0,0,0
2021-07-03,0,0,0.0007150286011,0,0,0,0
2021-07-04,0,0,0.001136732705,0,0,0,0
2021-07-05,0,0,0.000802919708,0,0,0,0
2021-07-06,-0.02212681638,0,0.009578683782,0,-0.02693514644,-0.05344129555,-0.02398604448
2021-07-07,-0.02262749071,-0.0248496994,0.001894349861,-0.00981595092,-0.0110185434,-0.02566295979,-0.009830205541
2021-07-08,-0.002764340014,0.01767365393,0.003709430606,0.0009913258984,-0.03288043478,-0.01229148376,-0.004061371841
2021-07-09,0.003811503812,0.01797253635,-0.006720945083,0.01386481802,0.02416409104,0.01066666667,0.008608971454
2021-07-10,0,0,0.0001767948697,0,0,0,0
2021-07-11,0,0,0.00008034709947,0,0,0,0
2021-07-12,0,0,0.0006587932835,0,0,0,0
2021-07-13,-0.006304728546,0.01669648181,0.005282934036,-0.005424063116,0.001117630623,0.01978417266,0
2021-07-14,-0.0236164963,-0.02834799609,-0.0004392620398,-0.00917203768,-0.007535584706,-0.04761904762,-0.02620876638
2021-07-15,-0.01516245487,-0.01327967807,0.00587271783,-0.02326745059,-0.01321709786,-0.01111111111,-0.01299303944
2021-07-16,-0.02969208211,0.002039151713,0.0008022877115,-0.0169057377,-0.01823881448,-0.04307116105,-0.0394922426
2021-07-17,0,0,0.0000793707487,0,0,0,0
2021-07-18,0,0,0.001333322751,0,0,0,0
2021-07-19,0,0,0.01023230746,0,0,0,0
2021-07-20,0.01812450749,0.01461605585,-0.005562529421,0.00188781014,0.005686920084,0.002028397566,0.01836734694
2021-07-21,0.02360681115,0.03784132445,-0.008378632121,0.03580080754,0.008630952381,0.02935222672,0.02905811623
2021-07-22,-0.006427221172,0.01864512119,-0.0003898511405,-0.01013513514,0.007081735025,-0.003933136676,0.0004868549172
2021-07-23,-0.005327245053,0.006101281269,-0.00007959248647,-0.005775794172,-0.002050981541,-0.0009871668312,-0.003406326034
2021-07-24,0,0,-0.00007959882194,0,0,0,0
2021-07-25,0,0,0.0004378283713,0,0,0,0
2021-07-26,0,0,-0.002188183807,0,0,0,0
2021-07-27,-0.04116766467,-0.004026575398,0.004082934609,0.0007643312102,-0.02325581395,-0.0213385063,-0.01354620223
2021-07-28,0.003512880562,0.005053567819,-0.005678569159,0.005855397149,0.01517857143,0.00792864222,0.006866110839
2021-07-29,-0.03189420459,0.01850362027,-0.005623137935,0.03644646925,0.02228085605,0.01966568338,0.01071602533
2021-07-30,-0.01325833668,0.0003949447077,-0.0011325938,-0.008058608059,-0.01978778319,0.003857280617,-0.007710843373
2021-07-31,0,0,0,0,0,0,0
2021-08-01,0,0,0.002533131755,0,0,0,0
2021-08-02,0,0,0.002759350911,0,0,0,0
2021-08-03,0,-0.006710044734,0.002575773332,0.025881193,0,0,0
2021-08-04,-0.03353535354,-0.03377686796,0.000933513121,-0.02282556463,-0.04978540773,-0.06932573599,-0.03066602779
2021-08-05,0.02299331104,0.01906779661,-0.003483459546,0.01303171871,0.01565793436,0.02857142857,0.006426099852
2021-08-06,0.009807928075,-0.01101871102,0.003159671394,0.003640776699,0.0124518233,0.009920634921,0.02750491159
2021-08-07,0,0,0.0003189589181,0,0,0,0
2021-08-08,0,0,0.002080543333,0,0,0,0
2021-08-09,0,0,0.0002306915177,0,0,0,0
2021-08-10,0.0232172471,0.02317596567,-0.004358268781,0.011208577,0.0213713268,0.03413654618,0.02621359223
2021-08-11,0.0008103727715,0.0130033557,-0.0009745187315,0.008674698795,0.005812263877,0.01650485437,-0.004730368969
2021-08-12,-0.01052631579,-0.004140786749,0.001055425848,-0.01815575729,-0.002600404507,0.007640878701,-0.01045627376
2021-08-13,-0.01718494272,-0.01392931393,-0.000750798722,-0.01581508516,-0.009849362688,-0.02464454976,-0.008165225744
2021-08-14,0,0,0,0,0,0,0
2021-08-15,0,0,0.0004316339744,0,0,0,0
2021-08-16,0,0,0.004282518376,0,0,0,0
2021-08-17,-0.01391231029,-0.009778911565,0.004526794807,0.002014605893,-0.01386795297,-0.01007049345,-0.005925925926
2021-08-18,-0.02736212056,-0.02533276084,0.002898665505,-0.01407388791,-0.01467441149,-0.01525940997,-0.01788375559
2021-08-19,-0.00967032967,-0.01387665198,0.01328268749,-0.02268671935,-0.02482159479,-0.01859504132,-0.01315123925
2021-08-20,-0.003550821127,-0.0299307572,-0.002057468846,-0.004173187272,0.01145402482,0.004210526316,0.01230138391
2021-08-21,0,0,0.0007809510422,0,0,0,0
2021-08-22,0,0,0.0008661792133,0,0,0,0
2021-08-23,0,0,-0.0136441603,0,0,0,0
2021-08-24,0.01683937824,0.03315158124,-0.004347482412,0.006077487972,0.009515039902,0.04083665339,0.005896805897
2021-08-25,-0.0004246284501,0.00928857927,-0.0005795490632,-0.0007550969041,0.007297050775,0.006698564593,-0.0009770395701
2021-08-26,0.004672897196,-0.00690232169,0.007641773972,-0.007052896725,-0.0003018412315,-0.01615969582,-0.00880195599
2021-08-27,0.02325581395,0.01411120472,-0.005888891517,0.02232369356,0.0193236715,0.01739130435,0.04637395165
2021-08-28,0,0,0,0,0,0,0
2021-08-29,0,0,0.00006344070673,0,0,0,0
2021-08-30,0,0,-0.0001665212909,0,0,0,0
2021-08-31,-0.01422594142,-0.007438016529,0.0005710252282,-0.00450676014,0.003305288462,0.005763688761,-0.007604562738
2021-09-01,-0.01188455008,-0.002289758535,0.0004438772679,-0.004024144869,-0.002395926924,0.001910219675,0.00622605364
2021-09-02,0.01847079038,0.02128103484,-0.005538081241,0.01792929293,0.03452416692,0.05910390848,0.04378867206
2021-09-03,-0.01012231126,-0.005924412666,-0.00216701987,-0.003969238402,-0.00406268137,-0.01170117012,-0.0009119927041
2021-09-04,0,0,0,0,0,0,0
2021-09-05,0,0,0.0004551043546,0,0,0,0
2021-09-06,0,0,0.0003192261957,0,0,0,0
2021-09-07,0,0,0.008943459148,0,0,0,0
2021-09-08,-0.008147512864,0.01144879267,0.003763917004,-0.01396857072,-0.004415660877,-0.02205882353,-0.01520036849
2021-09-09,0.01383484652,-0.01728750772,-0.002473609579,-0.004553503668,0.007687758723,-0.005639097744,-0.004677268475
2021-09-10,-0.01066098081,0.0219895288,0.001926934437,0.003049555273,-0.00146713615,0.002835538752,0
2021-09-11,0,0,0,0,0,0,0
2021-09-12,0,0,-0.0005911563017,0,0,0,0
2021-09-13,0,0,-0.002484325092,0,0,0,0
2021-09-14,-0.01954261954,-0.003435731609,0.003320683112,-0.005208333333,-0.01395089286,-0.02869955157,-0.01685649203
2021-09-15,0.05089058524,0.02798620969,-0.005665878645,0.03440538519,0.02150537634,0.05909510619,0.03151065802
2021-09-16,0.002017756255,0.0001972775695,0.005024528257,-0.01518438178,-0.01662049861,-0.02005231037,-0.01527403414
2021-09-17,-0.006443817962,-0.007495069034,0.006347829515,-0.01223690651,-0.02563380282,-0.01868327402,-0.03010948905
2021-09-18,0,0,0,0,0,0,0
2021-09-19,0,0,0.0001567152484,0,0,0,0
2021-09-20,0,0,0.003008461297,0,0,0,0
2021-09-21,0.01293823038,-0.0004032258065,0.001437230519,0.03747784249,0.03351955307,0.003710575139,0.01018922853
2021-09-22,0.03543469304,0.01815248084,-0.002722139024,0.006590187942,0.05177809388,0.07393715342,0.03890489914
2021-09-23,0.01432550736,0.01782884311,-0.009690362039,0.02546071775,0.01731133351,0.04388984509,0.02496532594
2021-09-24,0.003923107101,0.008563643441,0.0002448270415,-0.007330338141,0.01090135602,-0.0008244023083,0.006314839874
2021-09-25,0,0,0,0,0,0,0
2021-09-26,0,0,0,0,0,0,0
2021-09-27,0,0,-0.001834079087,0,0,0,0
2021-09-28,0,-0.009639009639,0.004023379956,0.006791940231,0.0100619195,0.003194888179,0.003521126761
2021-09-29,-0.002263296869,-0.001526717557,0.006058215666,0.002248706993,0.02247765006,0.02308917197,0.01535087719
2021-09-30,-0.007183364839,0.004587155963,-0.005472878671,0,0,-0.006225680934,0.0004319654428
2021-10-01,0.007996953542,0.01331811263,-0.006409649953,0.01839802558,0.02523107669,-0.003132341425,0.003454231434
2021-10-02,0,0,0,0,0,0,0
2021-10-03,0,0,0.001769462099,0,0,0,0
2021-10-04,0,0,-0.002788118812,0,0,0,0
2021-10-05,0.03536857781,0.02092126996,-0.0005639485933,0.01860770578,0.002879769618,0.03353658537,0.02503128911
2021-10-06,-0.02481121899,-0.02642459105,0.0002781596955,-0.02299591661,-0.01746829385,-0.01843657817,-0.0175010175
2021-10-07,0.03244837758,0.02215657312,-0.003114522255,0.01253849538,0.01826595226,0.02854996243,0.01118475559
2021-10-08,0.02892857143,0.00198699422,-0.006407906272,0.01173147947,0.01793829227,0.02702702703,0.01638672675
2021-10-09,0,0,0.0001925143985,0,0,0,0
2021-10-10,0,0,0.001211003288,0,0,0,0
2021-10-11,0,0,-0.0002963769915,0,0,0,0
2021-10-12,0,-0.001245995016,-0.0003445402391,-0.002334465195,0,0,0
2021-10-13,0,0.0008911067546,-0.003150022844,0.009785152095,-0.01127819549,-0.0175315568,0.001601922307
2021-10-14,-0.002741603838,0.01157407407,-0.005001286505,0.01306088056,0.005941064639,0.03854389722,0.02878848461
2021-10-15,0.0003436426117,0.00598486182,-0.003030400983,0.01289249324,0.01157571462,-0.00824742268,0.01904391761
2021-10-16,0,0,0,0,0,0,0
2021-10-17,0,0,0.002966661533,0,0,0,0
2021-10-18,0,0,-0.0001212248559,0,0,0,0
2021-10-19,-0.000348553503,0.008075842697,-0.001471039912,0.01419753086,-0.002581553626,0.005614035088,0.006476190476
2021-10-20,-0.005230125523,0.01219087426,-0.002395985106,0.003043213634,0.01105882353,0.002093510119,-0.001135503407
2021-10-21,-0.02067998598,-0.01221610461,0.003724319237,-0.01193365696,-0.01093786363,0.00139275766,-0.007199696855
2021-10-22,0.01109520401,0.01079951228,-0.0006467102657,-0.003275332651,0.01552941176,0.008344923505,0.009160305344
2021-10-23,0,0,0.0002184059601,0,0,0,0
2021-10-24,0,0,0.0005095026284,0,0,0,0
2021-10-25,0,0,0.000622408316,0,0,0,0
2021-10-26,0.006524725275,0.01072107902,0.001001696421,-0.004076640848,0.005147717099,-0.006752194463,-0.005677517033
2021-10-27,-0.03718867281,-0.02651839179,-0.001751214552,0.02271796971,-0.027165442,-0.03127124405,-0.01979444233
2021-10-28,0.1339475549,0.008787346221,-0.001907887823,-0.05063037823,0.03227283131,0.02456140351,0.02796116505
2021-10-29,0.0171875,-0.004355400697,0.003231789796,-0.03204047218,-0.07095343681,0.01369863014,-0.006422364941
2021-10-30,0,0,0,0,0,0,0
2021-10-31,0,0,-0.0002502825771,0,0,0,0
2021-11-01,0,0,-0.0007268087443,0,0,0,0
2021-11-02,-0.03298033283,0,0.002755800516,-0.0164644714,-0.007106831729,-0.01785714286,-0.007479431563
2021-11-03,-0.01627033792,-0.03806709543,-0.002433913604,-0.01343612335,-0.03809743708,0.01212121212,-0.009419743783
2021-11-04,0.02671755725,-0.007589447055,0.00591381344,0.001786112972,-0.01128180509,0.01530272788,0.0007607455306
2021-11-05,0.02137546468,0.02967953387,-0.0004015741707,0.01983507912,0.02379218257,0.02162516383,0.03040668947
2021-11-06,0,0,0,0,0,0,0
2021-11-07,0,0,0.0003856660775,0,0,0,0
2021-11-08,0,0,-0.0006907186687,0,0,0,0
2021-11-09,-0.005176613886,0.01541425819,-0.0004983041584,0.00545970736,0.01689744192,0.006769230769,0.001477104874
2021-11-10,-0.01071319253,-0.0284629981,0.004060791251,-0.03453518679,-0.01200092315,-0.02995110024,-0.02249262537
2021-11-11,0.004331683168,-0.001775568182,0.008168822328,-0.00449943757,-0.003036673674,0.01260239445,-0.009053187476
2021-11-12,-0.004004929144,-0.004268943436,-0.004527942169,-0.001807909605,0.02741330834,-0.006222775358,-0.01027788352
2021-11-13,0,0,0,0,0,0,0
2021-11-14,0,0,0.001101224913,0,0,0,0
2021-11-15,0,0,-0.002494958271,0,0,0,0
2021-11-16,-0.009242144177,0.002318530408,0.004131372862,0.006846289753,0.01308959603,-0.01017811705,0.003822629969
2021-11-17,0.002176616915,-0.02135231317,0.003620968191,-0.005483658697,-0.01024727111,0.00706940874,-0.007996953542
2021-11-18,0.002171889544,0.01,-0.0006105683837,-0.005955006617,-0.01260409633,0.02680280791,0.01842610365
2021-11-19,-0.01950464396,-0.03186318632,0.002832546515,-0.0412691369,-0.02530202872,-0.04661280298,-0.03769317753
2021-11-20,0,0,0,0,0,0,0
2021-11-21,0,0,0.001131400722,0,0,0,0
2021-11-22,0,0,0.003777610938,0,0,0,0
2021-11-23,0.02835774385,0.03213957759,-0.001999795297,0.02202643172,0.02039397451,0.06147809026,0.03670788253
2021-11-24,0.02242424242,-0.005693950178,-0.001120236038,0.003629764065,0.01158301158,0.01786814541,0.02497204622
2021-11-25,0.008298755187,0,0.0001579566725,0,0.0006735518635,0,0.008
2021-11-26,-0.06466784245,0,0.01021028609,0,-0.06237379403,-0.05508474576,-0.05375180375
2021-11-27,0,0,0,0,0,0,0
2021-11-28,0,0,0,0,0,0,0
2021-11-29,0,0,0.0009980118347,0,0,0,0
2021-11-30,-0.02597809077,-0.04504684074,0.002849740933,-0.009658421673,-0.01446907818,-0.04413619168,-0.02245508982
2021-12-01,-0.01863753213,-0.01815904822,0.002865127639,-0.01070409134,-0.002604783329,-0.001319261214,-0.01990811639
2021-12-02,0.01277013752,0.02657312925,0.0005307979923,0.0548208704,0.0405982906,0.02311756935,0.01015625
2021-12-03,-0.0206918849,-0.006005384138,-0.002012841617,-0.006610439936,-0.01437371663,-0.01743060039,0.003480278422
2021-12-04,0,0,0.0004690468187,0,0,0,0
2021-12-05,0,0,0.001492432352,0,0,0,0
2021-12-06,0,0,-0.004291175782,0,0,0,0
2021-12-07,0.0192926045,0.02138190457,-0.009105155932,-0.001123848056,0.009074410163,0.03507653061,0.02307406029
2021-12-08,-0.01167192429,0.01608838922,0.0005060968859,0.003600360036,0.002473021583,-0.008626001232,-0.009094216079
2021-12-09,-0.006702840728,-0.0267073636,0.00444191524,-0.01278026906,-0.007849293564,-0.02796768179,-0.03046989721
2021-12-10,0.006105398458,0.01979615837,0.001125239999,0.00272541449,0.003164556962,0.003836317136,0.003029155623
2021-12-11,0,0,0.0001807792371,0,0,0,0
2021-12-12,0,0,-0.0004007858546,0,0,0,0
2021-12-13,0,0,0.006894708292,0,0,0,0
2021-12-14,-0.01308472359,-0.0101088647,0.004645679128,-0.003502218071,-0.00654511454,-0.009162303665,-0.007430582714
2021-12-15,0.0009943652635,0.0137470542,-0.002378158249,0.00351452671,0.001647058824,-0.001321003963,0.001970055162
2021-12-16,0.002649006623,0.004843084076,-0.004424882172,0.0007004436143,0.008221752408,-0.003968253968,0.00314589068
2021-12-17,-0.01254953765,-0.02101407365,0.007637111982,-0.01749883341,-0.01188257223,-0.03585657371,-0.02195217562
2021-12-18,0,0,0.001397808547,0,0,0,0
2021-12-19,0,0,0.0002481524276,0,0,0,0
2021-12-20,0,0,0.002907314804,0,0,0,0
2021-12-21,0.03545150502,0.03346693387,-0.001004947434,0.02671118531,0.04297792391,0.04768486524,0.0288
2021-12-22,0.01130490956,0.01764591817,-0.005555985452,0.01091753775,0.01823913533,0.01846965699,0.00933125972
2021-12-23,0.001916320664,0.01238567073,-0.002124315239,0.007352941176,0.00110570544,-0.00518134715,0.0003852080123
2021-12-24,0.002550207204,0,-0.00108391363,0,-0.005080627347,-0.0006510416667,0.01039661147
2021-12-25,0,0,0,0,0,0,0
2021-12-26,0,0,0.00031225605,0,0,0,0
2021-12-27,0,0,-0.002107070392,0,0,0,0
2021-12-28,0,0.002751283933,0.002033315086,-0.006993006993,0,0,0
2021-12-29,0,0.007499542711,-0.002372590338,-0.007723761926,0,0,0
2021-12-30,-0.004740834387,0.0003631082062,-0.002988437407,-0.00641025641,-0.01082155477,-0.003851091142,-0.004850746269
2021-12-31,0.005080978088,-0.01343012704,-0.008246759361,0,0.01853092208,-0.0006443298969,0.002249718785
2022-01-01,0,0,0,0,0,0,0
2022-01-02,0,0,0.001542806959,0,0,0,0
2022-01-03,0,0,0.007307169716,0,0,0,0
2022-01-04,0,0.01386102499,-0.003678056355,0.02979390681,0,0,0
2022-01-05,0.007843137255,-0.002878215506,0.004384307799,0.0004350663476,-0.0110403397,0.01842751843,0.01206581353
2022-01-06,0.01316970967,0.02633952733,-0.002343241824,0.01630789302,0.03263203091,0.03980699638,0.05130057803
2022-01-07,-0.007976366322,-0.00386711197,-0.007454713987,0.01133932392,0.01018711019,0.005800464037,0.02680412371
2022-01-08,0,0,0.0007914335235,0,0,0,0
2022-01-09,0,0,0.0001265292243,0,0,0,0
2022-01-10,0,0,0.001431180764,0,0,0,0
2022-01-11,0.04360723821,0.03561253561,-0.00690880379,0.03148266326,0.00410088169,0.03600464576,0.01776734831
2022-01-12,0.0002842524161,0.0128954608,-0.006034585569,0.01670447515,0.009393506228,0.0134529148,0.01646903821
2022-01-13,-0.009377664109,-0.01086402988,0.0004959365201,-0.00121703854,0.007687639086,-0.002212389381,0.0194426442
2022-01-14,0.01692484223,0.02917453235,0.002950159101,0.01645004062,0.02348925918,0.0332594235,0.03591862683
2022-01-15,0,0,0,0,0,0,0
2022-01-16,0,0,-0.0001992873484,0,0,0,0
2022-01-17,0,0,-0.002112866961,0,0,0,0
2022-01-18,-0.009415674328,0,-0.001454173558,0,-0.01486486486,-0.01843075303,-0.0009071666163
2022-01-19,-0.006150405368,0.001312120715,0.001072214443,-0.002944062807,0.009602194787,-0.00321888412,0.002723970944
2022-01-20,-0.0064697609,-0.006388206388,-0.0008472611882,-0.02578740157,0.004658385093,-0.008073196986,-0.003018412315
2022-01-21,-0.03510758777,0.001978239367,0.005351871555,-0.01697312588,-0.02241112828,-0.0406945198,-0.03209203754
2022-01-22,0,0,0,0,0,0,0
2022-01-23,0,0,-0.0004933477624,0,0,0,0
2022-01-24,0,0,0.005134941486,0,0,0,0
2022-01-25,0.05,0.01430710364,-0.0007603659261,0.03625,0.02234084618,0.04372515616,0.02728731942
2022-01-26,0.01434308663,0.01164507135,0.003376691318,0.02352231604,0.007735447689,-0.0005440696409,0.0025
2022-01-27,0.02601809955,0.002918287938,0.006888651894,0.003928501277,0.009786989062,0.004899292324,0.0171446384
2022-01-28,-0.003583241455,0.001778208859,0.0006276626627,-0.001369594991,-0.01387305207,-0.002708559047,-0.004290530187
2022-01-29,0,0,0,0,0,0,0
2022-01-30,0,0,0.0004234065408,0,0,0,0
2022-01-31,0,0,-0.003268255598,0,0,0,0
2022-02-01,0.04432819383,0.0008002560819,-0.002185981411,0.02490272374,0.05364353009,0.03893996755,0.02938447263
2022-02-02,0.0137094648,-0.0001599232368,-0.0002521750095,0.01082004556,-0.006569343066,0.005726184279,0.005408653846
2022-02-03,-0.03511053316,0.01583493282,-0.0006227140875,0.0123943662,0.004041146216,0.01035196687,0.0002988643156
2022-02-04,-0.01239892183,0.02204377263,0.004290728398,0.02207382675,0.002927186242,0.01075819672,0.02031670152
2022-02-05,0,0,0,0,0,0,0
2022-02-06,0,0,0.0009738551312,0,0,0,0
2022-02-07,0,0,-0.006253285525,0,0,0,0
2022-02-08,-0.01442962156,-0.01638837353,0.003142369884,-0.01902710465,-0.0149066092,-0.06441717791,-0.04940828402
2022-02-09,0.01077348066,0.008645080163,-0.002306106065,0.002012808783,-0.000546946217,0.04316939891,0.01213818861
2022-02-10,0.003279584586,-0.00327255727,0.004409873699,-0.00438276114,0.002736227654,0.0214772132,0.009840098401
2022-02-11,0.04549169164,0.02782989368,-0.001751492303,0.01265590609,0.04293250864,0.03692307692,0.02923264312
2022-02-12,0,0,0.000314720253,0,0,0,0
2022-02-13,0,0,0.0007708220266,0,0,0,0
2022-02-14,0,0,0.0004008331041,0,0,0,0
2022-02-15,-0.01585623679,-0.03134418324,-0.0003849598542,-0.01673409342,-0.008352585747,-0.008016032064,0
2022-02-16,0.008861439313,-0.01151213441,-0.002224195792,0.01066018328,-0.005197132616,-0.003535353535,0.02057858634
2022-02-17,0.00292786798,0.009915014164,0.000740425666,-0.007586972613,0.0102684201,0.02128737962,0.0005844535359
2022-02-18,-0.01645435244,0.008882655446,0.003872552106,-0.007272049226,-0.01212553495,-0.02729528536,-0.03329439252
2022-02-19,0,0,0,0,0,0,0
2022-02-20,0,0,0.0002038576133,0,0,0,0
2022-02-21,0,0,-0.00004703447627,0,0,0,0
2022-02-22,0,0,0.0008701787394,0,0,0,0
2022-02-23,0,0.01068050046,-0.002600433928,-0.0007594456047,0.003632401017,-0.009738595592,-0.002100210021
2022-02-24,-0.001617686708,0.001509661836,0.005936908567,-0.01976059282,-0.00434310532,-0.001552795031,0.01022248948
2022-02-25,0.02187415609,-0.008139885439,-0.01003161716,0.05078503586,0.01163213377,0.007257646449,0.03482142857
2022-02-26,0,0,0.0003154325369,0,0,0,0
2022-02-27,0,0,0.005534095388,0,0,0,0
2022-02-28,0,0,-0.006954026593,0,0,0,0
2022-03-01,0.01135190918,0.0643153527,0.004500059211,-0.01183431953,0.0008788890842,-0.01204214752,0.007624964699
2022-03-02,0.008163265306,0.05012531328,-0.006083231815,0.05505118795,0.01545486477,0.01625190452,0.02045964126
2022-03-03,-0.007844129555,-0.0118005834,0.001913633452,-0.05986818015,-0.01210653753,-0.0259870065,-0.004669046965
2022-03-04,0.02167814333,0.06614785992,0.0008523870784,-0.03816942551,0.02888655462,0.04771677783,0.0353200883
2022-03-05,0,0,0,0,0,0,0
2022-03-06,0,0,0.002602297908,0,0,0,0
2022-03-07,0,0,0.00686639243,0,0,0,0
2022-03-08,-0.01401425178,0.03714944761,0.006843001547,0.02676493406,-0.01697216565,0.0200477327,0.008647798742
2022-03-09,-0.03396771862,-0.1165866792,-0.007021491194,-0.02323384964,-0.006560773481,-0.05007019186,-0.03611327618
2022-03-10,0.00897755611,-0.01868292037,-0.00332851506,-0.0003867723845,-0.01425095586,0.004433497537,0.03665768194
2022-03-11,0.0007414730598,0.03159600324,-0.001481667307,-0.01470303734,0.01851198872,0.00637567435,0.009360374415
2022-03-12,0,0,0,0,0,0,0
2022-03-13,0,0,-0.0001256182775,0,0,0,0
2022-03-14,0,0,0.006729274306,0,0,0,0
2022-03-15,-0.03729071537,-0.05779791323,-0.004079213172,0.007806244996,-0.02898550725,-0.01191092698,-0.004314994606
2022-03-16,0.000790513834,-0.005099810578,-0.00642190339,-0.002383316783,-0.01676801179,-0.00786163522,0.01110509209
2022-03-17,0.03580832017,0.07908611599,-0.00435097897,0.03264981087,0.01667916042,0.03011093502,0.03723546745
2022-03-18,-0.005592272496,0.01302931596,-0.002026663289,-0.01368806632,-0.00331797235,-0.01076923077,-0.01342975207
2022-03-19,0,0,0,0,0,0,0
2022-03-20,0,0,-0.00001586546089,0,0,0,0
2022-03-21,0,0,-0.001412048422,0,0,0,0
2022-03-22,-0.002691460729,-0.01232084486,-0.0004130918335,-0.006923652695,0.006646308604,-0.006930693069,-0.01472454938
2022-03-23,0.01594700687,0.04315173116,-0.001875576183,0.03146787262,0.02551748751,0.01196410768,0.02396289616
2022-03-24,-0.004829751268,-0.02684563758,-0.00308936875,0.005115089514,-0.01165825648,-0.007389162562,-0.007297433317
2022-03-25,0.02911914584,0.0124137931,-0.005702693205,0.01035986914,0.03714788732,0.03970223325,0.005830164766
2022-03-26,0,0,0.002731143064,0,0,0,0
2022-03-27,0,0,0.0003284466875,0,0,0,0
2022-03-28,0,0,0.002490570269,0,0,0,0
2022-03-29,-0.007069722087,0.02173621361,-0.001621638894,-0.009818451278,-0.002706359946,0.02001953125,-0.001540041068
2022-03-30,0.01325804076,0.0231122784,-0.001248209699,0.04041159963,0.01882632293,-0.003829583533,0.005141388175
2022-03-31,-0.01381148534,-0.04864587344,0.001297837738,-0.01222801654,0.007158315299,0.001441614608,-0.009974424552
2022-04-01,0.007862407862,0.0006745817593,0.0001280153618,0.01438194065,0.01785123967,0.01679462572,0.01911650736
2022-04-02,0,0,0.00031999744,0,0,0,0
2022-04-03,0,0,0.001791412417,0,0,0,0
2022-04-04,0,0,-0.003217179579,0,0,0,0
2022-04-05,-0.01222142344,-0.02680197762,-0.0001441591517,-0.01630240057,-0.01100829611,-0.01294498382,-0.02225556389
2022-04-06,-0.01504124212,-0.02339572193,0.006359937202,0.007102531415,-0.00838844975,-0.03419203747,-0.002557544757
2022-04-07,0.01280788177,0.0008213552361,0.001822696955,0.002169981917,0.01610541728,0.02424830262,0.01717948718
2022-04-08,0.003647859922,0.01367801942,-0.001994168448,0.01208949838,0.02833813641,0.04734848485,0.01840181497
2022-04-09,0,0,0,0,0,0,0
2022-04-10,0,0,0.001146350783,0,0,0,0
2022-04-11,0,0,0.005097010178,0,0,0,0
2022-04-12,0.0212345679,0.05089903181,-0.0004509457995,0.01211135213,0.02211690363,0.03648583773,0.03347704793
2022-04-13,0.0169245648,0.03211371414,-0.005397961122,0.01875334881,-0.008964451314,0.01852709588,0.009325153374
2022-04-14,0.01212553495,0.01466462637,0.002928490713,0.001227208976,-0.002027448534,0.00272851296,0.008995866764
2022-04-15,0,0,0.0005554233119,0,0,0,0
2022-04-16,0,0,0,0,0,0,0
2022-04-17,0,0,0.0003965107058,0,0,0,0
2022-04-18,0,0,-0.0011732065,0,0,0,0
2022-04-19,-0.005554269845,-0.04414873772,0.0002777733687,0.01325658469,-0.01952044267,-0.009186351706,-0.002125649504
2022-04-20,0.004654410054,0.004944054124,-0.009322659219,-0.003787226717,0.009719391754,0.007505518764,0.01727810651
2022-04-21,-0.02965022006,0.01139306059,0.008241098172,-0.02004492829,-0.03105107902,-0.03987730061,-0.03327128897
2022-04-22,-0.01885891621,-0.02316948285,0.004559499885,-0.02151296068,-0.01714468835,0.002282062985,-0.02238267148
2022-04-23,0,0,0.004111809592,0,0,0,0
2022-04-24,0,0,0.001771862818,0,0,0,0
2022-04-25,0,0,0.001147708513,0,0,0,0
2022-04-26,0.01960784314,0.02424648359,0.005535663809,-0.01357381926,0.009932659933,0.007163323782,-0.00409941071
2022-04-27,0.03920118343,-0.001177086058,0.0006168935117,0.01413760603,0.04317386231,0.1033665244,0.01492153332
2022-04-28,0.1202846975,0.02239099123,-0.0007335726549,0.0217472119,0.02460850112,0.06703910615,0.01596958175
2022-04-29,-0.02202456586,-0.01178278689,-0.004545241554,-0.02801528106,0.008733624454,-0.04349577124,-0.007984031936
2022-04-30,0,0,0,0,0,0,0
2022-05-01,0,0,0.008363145673,0,0,0,0
2022-05-02,0,0,0.001633859799,0,0,0,0
2022-05-03,0.02391210685,-0.02156162286,-0.003122572627,0.03554811092,0.0440386681,0.04675652906,0.03959390863
2022-05-04,0.001262360614,0.04602946929,-0.007526999018,0.02390366643,-0.00367430923,0.03420523139,0.02075195313
2022-05-05,-0.004412691742,0.003241087011,0.007050215118,-0.0005265929437,-0.006785661602,0.006614785992,-0.02056924181
2022-05-06,0.006753904601,0.02050198807,-0.003531613004,0.01334738321,0.01024803208,0.01584847313,0.001709401709
2022-05-07,0,0,0,0,0,0,0
2022-05-08,0,0,0.01067933061,0,0,0,0
2022-05-09,0,0,0.006982396928,0,0,0,0
2022-05-10,-0.01258833922,-0.0266422881,0.001752713631,0.01085556578,-0.006941157911,0.01354679803,-0.001050420168
2022-05-11,0.03444419593,0.04897356769,-0.002823991651,0.01692755734,-0.01127879269,0.01741595788,-0.0005257623554
2022-05-12,-0.005837837838,0.0134305449,0.002208643723,-0.01163415071,-0.005784061697,-0.008359872611,-0.01288795371
2022-05-13,0.02044367116,0.02587403761,-0.02296688193,0.02680188338,0.03894634777,0.0441589723,0.04742872369
2022-05-14,0,0,0,0,0,0,0
2022-05-15,0,0,0.01438226973,0,0,0,0
2022-05-16,0,0,-0.004416208259,0,0,0,0
2022-05-17,0.0195101702,-0.02406449284,-0.003260700389,0.00826730968,-0.00199355927,0.01886080724,-0.001483312732
2022-05-18,-0.01058631922,-0.02243866354,0.005941552611,-0.002049880424,-0.009373079287,-0.01110699741,-0.02475860361
2022-05-19,-0.0006172839506,0.01626939084,-0.005013892985,0.00222526532,0.01163331782,0.01347809809,0.005331302361
2022-05-20,0.006176652254,0.01327872921,0.001279291086,-0.003586678053,0.02407237044,0.01256002955,0.001767676768
2022-05-21,0,0,0,0,0,0,0
2022-05-22,0,0,-0.001869741352,0,0,0,0
2022-05-23,0,0,-0.001943490478,0,0,0,0
2022-05-24,0,0.0003659875564,0.002760594662,-0.001166472255,0,0,0
2022-05-25,0.01733521467,0.005853658537,-0.0001715747442,0.007007007007,0.0180874722,0.01225225225,0.01018675722
2022-05-26,0.001783237567,0.02558195926,-0.003681689833,-0.003976143141,0.004805591962,0.003203987184,0.009363745498
2022-05-27,0.02175632911,0.01028490365,-0.006537226963,-0.001663339987,0.02971014493,0.02200141945,0.01094196004
2022-05-28,0,0,0,0,0,0,0
2022-05-29,0,0,0.002695141653,0,0,0,0
2022-05-30,0,0,-0.005383654126,0,0,0,0
2022-05-31,-0.03177321157,0,-0.001280106201,0,-0.04137263041,-0.01544660846,-0.03814338235
2022-06-01,0.01768520338,0.000819000819,0.002080860828,0.00861195542,0.01862009238,0.02933151432,0.02054467272
2022-06-02,-0.01930874686,0.01999064765,-0.007540287242,-0.008203582789,-0.01941334845,-0.005301524188,0.002808988764
2022-06-03,0.01240401654,0.02544412607,0.001774093462,0.007089804186,0.007080924855,0.006995336442,-0.005602240896
2022-06-04,0,0,-0.000007941487123,0,0,0,0
2022-06-05,0,0,-0.0005638500635,0,0,0,0
2022-06-06,0,0,-0.0003893554975,0,0,0,0
2022-06-07,0.01116673084,0.01866727005,-0.003449920509,0.02378576181,0.02368383507,0.02995008319,0.0233277791
2022-06-08,0.01542269612,0.02165704131,0.001228403235,-0.004224207961,0.01101045296,-0.005169628433,-0.002326122354
2022-06-09,-0.005250328146,-0.009892379606,0.01200605481,-0.02871594061,-0.01626688723,-0.002923026957,-0.01282350198
2022-06-10,-0.005089538172,-0.01043039087,-0.0006534043943,-0.02603729212,-0.03040919283,-0.01986970684,-0.0217288616
2022-06-11,0,0,0.002678346357,0,0,0,0
2022-06-12,0,0,0.005436661324,0,0,0,0
2022-06-13,0,0,0.007220103769,0,0,0,0
2022-06-14,-0.0007836990596,-0.02113767154,0.004251357642,-0.01752503577,-0.01428571429,-0.01203576341,-0.01158690176
2022-06-15,-0.01921568627,-0.0171848502,-0.005515728323,0.0003640334911,-0.01594202899,-0.03550295858,-0.01656472987
2022-06-16,-0.04718112755,0.008397561256,0.006245436326,-0.04657933042,-0.0324005891,-0.06351497654,-0.06737496761
2022-06-17,-0.06168694922,-0.04928131417,0.002007133042,-0.04713740458,-0.03789954338,-0.04393063584,-0.05056960267
2022-06-18,0,0,0.00007704278957,0,0,0,0
2022-06-19,0,0,0.001517626032,0,0,0,0
2022-06-20,0,0,-0.001438406215,0,0,0,0
2022-06-21,0.02908468777,0,-0.003843842919,0,0.008671415299,0.02447690486,0.01894918174
2022-06-22,-0.05216126351,-0.03771564545,0.002466768224,-0.03088655863,-0.04528707399,-0.03159922929,-0.05100028177
2022-06-23,-0.06314404736,-0.02349159248,0.001797312516,-0.03265787921,-0.06367583213,-0.07998408277,-0.04097387173
2022-06-24,0.04259302598,0.0289946822,-0.008015646295,0.03538743136,0.03760947965,0.05060553633,0.008359133127
2022-06-25,0,0,0,0,0,0,0
2022-06-26,0,0,0.001094465575,0,0,0,0
2022-06-27,0,0,-0.002178784378,0,0,0,0
2022-06-28,0.02545691906,0.02158446883,0.0003108244619,0.02527006173,0.01941280282,0.03683168317,0.04509746872
2022-06-29,-0.0335242945,-0.02089235127,0.0008001242912,-0.0103480715,-0.03478124016,-0.04507257448,-0.02338530067
2022-06-30,-0.008562019759,-0.03134418324,-0.000745150699,-0.005893536122,-0.01059840209,-0.0204,-0.01396807298
2022-07-01,0,0.01642812694,-0.00687448053,-0.007458405049,0,0,0
2022-07-02,0,0,0,0,0,0,0
2022-07-03,0,0,0.007884116009,0,0,0,0
2022-07-04,0,0,-0.002227223343,0,0,0,0
2022-07-05,-0.05782608696,0,0.01380538682,0,-0.05274330503,-0.06772100568,-0.06876391982
2022-07-06,-0.02053530226,-0.01484354105,-0.00006137416761,-0.0121399177,-0.04344078607,-0.02522836016,-0.05889387145
2022-07-07,0.02025912839,0.0390932537,-0.005217124444,0.01957925432,0.03406019103,0.04997768853,0.02827191868
2022-07-08,-0.02031863311,0.02599608099,-0.004828011723,0.002042900919,0.001917044266,-0.00807479813,-0.01235712079
2022-07-09,0,0,0.003223956477,0,0,0,0
2022-07-10,0,0,0.0001544998069,0,0,0,0
2022-07-11,0,0,0.003691974975,0,0,0,0
2022-07-12,-0.04359344894,-0.0692828838,0.002808815834,-0.01344642118,-0.0221987315,-0.04309586631,-0.02071563089
2022-07-13,-0.0007554772098,0.005219063315,-0.002332844766,0.00188718809,-0.009189189189,-0.01930147059,-0.01153846154
2022-07-14,-0.02419354839,-0.004645443367,0.008237891223,-0.03432398493,-0.03164211675,-0.02577319588,-0.009403372244
2022-07-15,0.01549586777,0.01221688401,-0.008208727495,0.02882531426,0.01971830986,0.02116402116,0.007855973813
2022-07-16,0,0,0.0004615242608,0,0,0,0
2022-07-17,0,0,0.0002306556772,0,0,0,0
2022-07-18,0,0,-0.002159976632,0,0,0,0
2022-07-19,0.03220936085,0.01614373128,-0.008504541148,0.0199752883,0.04762767113,0.03571428571,0.01705083675
2022-07-20,0.001462701121,-0.005253042921,0.0009401051985,-0.004643650313,0.008815903198,0.01061007958,0.02111145607
2022-07-21,-0.01728334956,-0.02769191139,-0.0003881083599,-0.006490872211,-0.02810143934,-0.02449693788,-0.01246579507
2022-07-22,-0.01461481298,-0.01271691615,0.002640161516,-0.003879134341,-0.01657263752,-0.02197309417,-0.009544334975
2022-07-23,0,0,0.0002323420074,0,0,0,0
2022-07-24,0,0,0.0007433217189,0,0,0,0
2022-07-25,0,0,-0.0057177785,0,0,0,0
2022-07-26,-0.009535452323,-0.01390711099,0.00178978577,-0.002590157402,-0.0006996676579,-0.005291005291,-0.007562008469
2022-07-27,0.02394470501,0.03605641299,-0.004396560429,0.02716739912,0.01907929284,0.04742907801,0.02682109113
2022-07-28,0.009884281581,-0.00950301785,-0.0007880097682,0.001361338001,0.0144280316,0.03935674989,0.0142475512
2022-07-29,0.03747911196,0.01192791391,-0.002287811353,0.03670615654,0.03911276668,-0.00651465798,0.03453321627
2022-07-30,0,0,0,0,0,0,0
2022-07-31,0,0,0.002966105011,0,0,0,0
2022-08-01,0,0,0.002145822279,0,0,0,0
2022-08-02,0,0.01064820977,0.003488254393,0.006875477464,0,0,0
2022-08-03,-0.03728734561,-0.03160806006,-0.002661411091,-0.006828528073,-0.03803245436,-0.06040268456,-0.03851681518
2022-08-04,-0.04478334544,-0.0271997824,0.001291466982,-0.02425515661,-0.05640484976,-0.07589285714,-0.022122571
2022-08-05,-0.006842372022,0.0001398014819,0.003286662212,0.01565864161,0.02383612663,0.0270531401,0.02782023846
2022-08-06,0,0,0.0003097773475,0,0,0,0
2022-08-07,0,0,0.002167769907,0,0,0,0
2022-08-08,0,0,-0.006759627641,0,0,0,0
2022-08-09,0.003582395087,-0.001223823769,0.002247802753,0.01058302867,0.03189528024,-0.00181900864,0.006227758007
2022-08-10,0.004334523202,0.01184479238,-0.008683910321,0.011614623,0.001965338574,0.00728929385,0.0144414972
2022-08-11,0.03249555725,0.02637244349,-0.0008689525599,0.01505740636,0.04796718973,0.07191316147,0.03602556653
2022-08-12,0.02778460782,-0.01704247509,0.0008697082951,0.006675319859,0.001701548409,0.005907172996,0.007571508693
2022-08-13,0,0,0,0,0,0,0
2022-08-14,0,0,0.0004305620792,0,0,0,0
2022-08-15,0,0,0.009710865057,0,0,0,0
2022-08-16,-0.01017688394,-0.02250274424,-0.004510369199,-0.005468602678,-0.002410883417,-0.02317596567,-0.01245753114
2022-08-17,0.02105263158,0.01137001684,0.005636258894,0.003223359879,0.02330398757,0.01669595782,0.009174311927
2022-08-18,0.02349556461,0.02997918112,0.002268188082,0.01474201474,0.03407557355,0.04235090752,0.02869318182
2022-08-19,-0.007027406887,-0.002021290931,0.003236245955,-0.01545911715,0.003915171289,-0.01990049751,-0.0002761668048
2022-08-20,0,0,0.0001539764416,0,0,0,0
2022-08-21,0,0,0.0007158802248,0,0,0,0
2022-08-22,0,0,0.003676838227,0,0,0,0
2022-08-23,0.03687281214,0.02878950187,-0.006905219917,0.04162724693,0.03855383139,0.03472803347,0.01878329128
2022-08-24,0.009453072248,0.01574905636,0.0009492205587,-0.0110808356,0.007701786815,0.02021835827,0.009356081453
2022-08-25,0.005351170569,-0.01973347002,-0.002521144461,0.005510653931,0.01329868542,0.007927070947,0.01717557252
2022-08-26,-0.007984031936,-0.008496732026,0.002952634183,0.002557544757,-0.009503695882,-0.01101061738,-0.00616456714
2022-08-27,0,0,0.000308266157,0,0,0,0
2022-08-28,0,0,0.00627898735,0,0,0,0
2022-08-29,0,0,-0.004593723443,0,0,0,0
2022-08-30,-0.04765056254,-0.04092006608,0.006783936991,-0.02263744161,-0.03309692671,-0.0464037123,-0.03527851459
2022-08-31,-0.01575167941,-0.03127070359,0.0039497307,-0.02610294118,-0.01497555012,-0.0008110300081,-0.01017321969
2022-09-01,-0.03718522005,-0.02954452195,0.000289166895,-0.01094752737,-0.02683834936,-0.02313311688,-0.015
2022-09-02,0.02175507211,0.006765327696,-0.004305819703,0.01583969466,0.02454965726,0.03282093893,0.01917653694
2022-09-03,0,0,0,0,0,0,0
2022-09-04,0,0,0.004148711836,0,0,0,0
2022-09-05,0,0,-0.001042403768,0,0,0,0
2022-09-06,0,0,0.00188894813,0,0,0,0
2022-09-07,-0.02226027397,-0.05320638477,-0.00181696544,-0.0115530303,-0.03395987996,-0.03711426188,-0.02601809955
2022-09-08,0.007505629222,0.006950606329,-0.00373955628,-0.000574822763,0.01030085023,0.006063230836,0.01016260163
2022-09-09,0.02408740998,0.04420619768,-0.002431043973,0.02856595092,0.02120084156,0.03314679294,0.03334291463
2022-09-10,0,0,0.002452295195,0,0,0,0
2022-09-11,0,0,-0.00443391178,0,0,0,0
2022-09-12,0,0,-0.003309529294,0,0,0,0
2022-09-13,-0.0121111375,-0.004974436921,0.01407560921,-0.01482304984,-0.007895152376,-0.00368852459,-0.01231864221
2022-09-14,0.01875,0.009998611304,-0.0001595429474,0.0195599022,0.01782587936,0.05183052242,0.02383592018
2022-09-15,-0.02713544125,-0.04083596865,0.006572698606,-0.02047592695,-0.0392494136,-0.02542041455,-0.03140227396
2022-09-16,-0.01067184089,0.002006880734,0.001388993734,-0.01054613936,-0.009602864583,-0.01364365971,-0.0005589714925
2022-09-17,0,0,-0.0003316899603,0,0,0,0
2022-09-18,0,0,-0.0002111454641,0,0,0,0
2022-09-19,0,0,-0.001116290296,0,0,0,0
2022-09-20,0.008460236887,-0.01184867951,0.009030913512,0.006858449228,0.0009700889248,-0.01087394281,-0.003917179631
2022-09-21,-0.02133269415,-0.007801213522,0.008658235426,-0.009839167455,-0.01518333064,-0.0342019544,-0.02359550562
2022-09-22,-0.002694097477,0.004222481072,-0.0005638525971,0.0001910949742,-0.002132196162,-0.02782462057,-0.01409666283
2022-09-23,-0.09258349705,-0.0529215601,0.003622569798,-0.08081773023,-0.06163708087,-0.08933217693,-0.07032389845
2022-09-24,0,0,0.002588776544,0,0,0,0
2022-09-25,0,0,0.001910748143,0,0,0,0
2022-09-26,0,0,0.009557610745,0,0,0,0
2022-09-27,0.01448483192,0.01930379747,0.0008679415926,0.02713675214,0.03733092876,0.01796407186,0.01072473188
2022-09-28,0.04471982759,0.04206768084,-0.006893787575,0.03203661327,0.04468011127,0.0431372549,0.02090032154
2022-09-29,0.0007735946364,-0.005362729033,0.003419455675,0.009473896392,0.00748876685,0.002819548872,0.009448818898
2022-09-30,0.002318989951,-0.02231541111,0.005959998537,-0.006389776358,-0.01205814338,-0.005623242737,0.003120124805
2022-10-01,0,0,0,0,0,0,0
2022-10-02,0,0,0.002275370747,0,0,0,0
2022-10-03,0,0,-0.01154685834,0,0,0,0
2022-10-04,0.03663793103,0.03520400648,-0.009003456094,0.02579782152,0.03199617956,0.04693786321,0.05853087504
2022-10-05,0.02171402171,0.02361980649,0.006841707761,0.006333830104,0.0006169983033,0.04654141759,0.01244124965
2022-10-06,0.01989599819,0.01459549625,0.01053111533,-0.04350240652,0.0169569909,0.04406364749,0.01365374113
2022-10-07,-0.001551762359,0.0289080696,-0.0049414162,0.005806077027,-0.0159163256,-0.001953888238,0.0150862069
2022-10-08,0,0,0.0007313630413,0,0,0,0
2022-10-09,0,0,0.003581059848,0,0,0,0
2022-10-10,0,0,0.003124066967,0,0,0,0
2022-10-11,0,-0.0275142315,0.001197822142,-0.0191555903,0,0,0
2022-10-12,0.003242241779,-0.01142857143,0.001754703984,0.002789956158,0.01310741688,0.00296108291,-0.004666483667
2022-10-13,0.02469990766,0.02241646694,-0.004024407015,0.03716216216,0.04701798675,0.03078869675,0.03640375069
2022-10-14,-0.03041225501,-0.03240485383,0.0003924390084,-0.03180685955,-0.03375527426,-0.058101473,-0.02128791911
2022-10-15,0,0,0,0,0,0,0
2022-10-16,0,0,0.006501761651,0,0,0,0
2022-10-17,0,0,-0.01025622519,0,0,0,0
2022-10-18,-0.008578715511,-0.02039070298,0.0009698896659,0.0005835440576,0.001242043161,0.008591065292,-0.004352557127
2022-10-19,0.01730589336,0.01950509461,0.003394967289,0.005832037325,0.03985113971,0.04045996593,0.0412568306
2022-10-20,0.01011494253,0.001998857796,0.000326730948,0.005411673753,-0.003131524008,0.03110929185,0.02519023878
2022-10-21,0.03550295858,0.005557138786,-0.0160263622,0.01864667436,0.0148092745,0.02262802699,0.02431533146
2022-10-22,0,0,0.007376535241,0,0,0,0
2022-10-23,0,0,-0.0007542196024,0,0,0,0
2022-10-24,0,0,0.003590743211,0,0,0,0
2022-10-25,0.001100836636,0.003267973856,-0.005731935277,-0.002455610125,-0.0127531883,0.0137562094,0.00447538538
2022-10-26,0.01693424236,0.0334230279,-0.004751518356,0.009467903806,0.01398176292,0.02186204297,0.008910891089
2022-10-27,-0.01859861592,0.008907770317,0.0009223730815,0.05064715813,0.01124100719,0.008852821837,-0.001472031403
2022-10-28,0.01057734685,-0.01086661233,-0.003346971875,0.003035172291,0.09129983696,-0.005484460695,-0.0002457002457
2022-10-29,0,0,0,0,0,0,0
2022-10-30,0,0,0.006583278473,0,0,0,0
2022-10-31,0,0,0.0001910626759,0,0,0,0
2022-11-01,0.0185659411,0.02222843562,0.0005363427304,0.003774941578,0.01376332479,0.01416122004,0.006609547124
2022-11-02,-0.0224177666,0.01312910284,0.007137611984,-0.01665472779,-0.004924797019,-0.00358037952,-0.00170233463
2022-11-03,0.03879125589,-0.01066414687,0.00198320112,0.01493352759,0.04012841091,0.03521379806,0.004141291108
2022-11-04,0.004745203218,0.04816482467,-0.01916695774,0.0238650637,-0.008230452675,-0.01110725443,0.0002426006793
2022-11-05,0,0,-0.0001483789599,0,0,0,0
2022-11-06,0,0,0.002634117385,0,0,0,0
2022-11-07,0,0,-0.001406105458,0,0,0,0
2022-11-08,-0.009631147541,-0.02729885057,-0.005787971987,-0.01143158635,-0.01052494802,0.001749475157,-0.01042677013
2022-11-09,-0.034761018,-0.03759903317,0.0082815272,-0.05515032912,-0.02245567958,-0.05413901502,-0.02352364617
2022-11-10,0.02250803859,0.00795311846,-0.01441614608,0.01449821126,0.01988178399,0.02695716396,0.01882057716
2022-11-11,0.02243186583,0.0296234773,0.002040280539,0.035077951,0.0105374078,0.03164329378,0.01157635468
2022-11-12,0,0,-0.006864440402,0,0,0,0
2022-11-13,0,0,-0.0001582874802,0,0,0,0
2022-11-14,0,0,0.004508138018,0,0,0,0
2022-11-15,0.02011613438,0.01863440412,-0.003842488011,0.0296377607,0.007966011683,0.01204819277,0.02146558105
2022-11-16,-0.017889815,-0.01651877133,0.004670960937,-0.008173418621,-0.007771338251,-0.0175070028,-0.0229468599
2022-11-17,0.0006209894432,-0.02637423654,-0.001057328184,0.01558581154,0.00199123855,-0.01960085531,-0.0108776267
2022-11-18,-0.01406702524,-0.01582549187,0.006951221343,-0.01322984653,0.001324854266,-0.01381315885,-0.0007498125469
2022-11-19,0,0,0,0,0,0,0
2022-11-20,0,0,-0.002765767109,0,0,0,0
2022-11-21,0,0,0.005188048053,0,0,0,0
2022-11-22,0.02049873204,0.01376213241,-0.006232197705,0.038946791,0.02179691653,0.03389830508,0.01728456914
2022-11-23,-0.01180368606,-0.03672477851,-0.001414405987,0.0001759943682,-0.005332986472,-0.01420765027,-0.0142821965
2022-11-24,0.001886001676,0,-0.000524596061,0,0.0006538511835,-0.0029563932,0.002997751686
2022-11-25,-0.008993934323,0,0.004603872051,0,0.0006534239415,0.004818383988,0.002739726027
2022-11-26,0,0,0.00007463800567,0,0,0,0
2022-11-27,0,0,0.0007911038137,0,0,0,0
2022-11-28,0,0,0.005988247226,0,0,0,0
2022-11-29,-0.01666666667,0.02183014354,0.006945937331,0.02000354045,0.0267281106,0.04729474082,0.01203912716
2022-11-30,-0.0264142637,0.02765583845,-0.01263288083,0.01475182228,-0.01859451141,-0.0335982659,-0.004708798017
2022-12-01,-0.02396563418,0.003132564431,0.001752162243,-0.007183170857,-0.01097608781,-0.01345794393,0.0002490039841
2022-12-02,-0.003937919852,-0.008658623137,0.004279706747,-0.005684754522,-0.00449200687,0.0170519136,0.004480955937
2022-12-03,0,0,0,0,0,0,0
2022-12-04,0,0,-0.003631512636,0,0,0,0
2022-12-05,0,0,0.01071109789,0,0,0,0
2022-12-06,-0.03078380298,-0.03676904903,0.004518692964,-0.01254355401,-0.02698980997,-0.03604294479,-0.02702702703
2022-12-07,-0.00659662839,-0.02422198375,-0.00002930531745,-0.005822159492,0.01033116332,-0.007159904535,-0.007407407407
2022-12-08,-0.0009837678308,-0.01476826394,-0.003758517107,0.004259094942,-0.01232665639,-0.01842948718,-0.006396588486
2022-12-09,-0.005908419498,0.002232498804,0.009288335527,-0.01731754727,-0.03247766274,-0.01265306122,0.001341201717
2022-12-10,0,0,0,0,0,0,0
2022-12-11,0,0,-0.005005829204,0,0,0,0
2022-12-12,0,0,-0.001830790975,0,0,0,0
2022-12-13,0.01958887545,0.02251203229,-0.005495110159,0.0180979418,0.004071170084,0.02593659942,0.01917443409
2022-12-14,0.0004743833017,0.02277558457,-0.0003836109595,-0.01080515859,-0.0105120889,0.005216693419,-0.008622942252
2022-12-15,-0.0106685633,-0.0179631829,0.007970362061,-0.01074700493,-0.01623918652,-0.007584830339,-0.02082235108
2022-12-16,-0.01821231728,-0.01889644747,0.005989076159,-0.02119323241,-0.01481024375,-0.02493966211,-0.0336473755
2022-12-17,0,0,0.00007278020378,0,0,0,0
2022-12-18,0,0,-0.003813405138,0,0,0,0
2022-12-19,0,0,-0.003331239133,0,0,0,0
2022-12-20,0.01600985222,0.002270319358,-0.003195778055,0.0109870317,-0.0007813720894,0.02586206897,0.01019283747
2022-12-21,0.02521212121,0.02778616732,0.0009779843228,0.02618920363,0.02158273381,0.03761504602,0.02127079356
2022-12-22,-0.02080870182,-0.005289450485,0.001770405577,-0.01493055556,-0.02357624005,-0.02892402622,-0.03017356475
2022-12-23,0.03380825887,0.02392909897,0.0002346591576,0.01832922101,0.02806522421,0.0420969023,0.04460352423
2022-12-24,0,0,0.000146627566,0,0,0,0
2022-12-25,0,0,-0.003833748717,0,0,0,0
2022-12-26,0,0,-0.002406234133,0,0,0,0
2022-12-27,0,0,-0.002360404219,0,0,0,0
2022-12-28,0,-0.01366316698,0.005500924214,-0.02263694488,0,0,0
2022-12-29,-0.0002351834431,-0.0007290755322,-0.003485447887,0.001944837341,0.01170491298,0.02190066484,0.01863857374
2022-12-30,0.01035050576,0.02305559609,0.001033057851,0.00494088583,0.003957984473,0.005357826253,-0.002916998144
2022-12-31,0,0,0.000073713696,0,0,0,0
2023-01-01,0,0,-0.002867251419,0,0,0,0
2023-01-02,0,0,0.002284134505,0,0,0,0
2023-01-03,0,0,0.00848882661,0,0,0,0
2023-01-04,-0.02664728682,-0.04937906564,-0.01382175061,-0.009824937478,-0.01879936809,-0.02084168337,-0.01150070126
2023-01-05,0.02364360378,0.007465007776,0.005546862834,0.0009020386073,0.01915955563,0.02251330332,0.001986379115
2023-01-06,0.02504254802,0.0007718431615,-0.00839976696,0.03190338861,0.0252764613,0.01561248999,0.03794958935
2023-01-07,0,0,0.00007437156032,0,0,0,0
2023-01-08,0,0,-0.0008775191493,0,0,0,0
2023-01-09,0,0,-0.003088900798,0,0,0,0
2023-01-10,-0.01256221854,0.0003035822708,0.002926749143,0.00516617875,0.0004676539361,-0.01178318932,0.006767731456
2023-01-11,0.01128180509,0.03262518968,-0.0002158878574,0.009593969505,-0.008258024307,-0.01470588235,0.005108900242
2023-01-12,0.02444813672,0.008229243204,-0.004020848846,0.01170880706,0.01319717203,0.04195240016,0.01792402354
2023-01-13,0.006024096386,0.02098819414,0.001644736842,-0.00016772895,0.01984803846,0.001935733643,0.009461235217
2023-01-14,0,0,0.00007463800567,0,0,0,0
2023-01-15,0,0,-0.0002089708187,0,0,0,0
2023-01-16,0,0,0.0001194368552,0,0,0,0
2023-01-17,0.01125143513,0,-0.0005821851349,0,0.01063829787,-0.003495145631,0.01901041667
2023-01-18,-0.007720254314,-0.01905165114,0.007901418969,-0.017003367,-0.006466165414,-0.02533125487,0.004855609507
2023-01-19,0.02036613272,0.01553733276,-0.002371108048,0.01267340298,0.03435749962,0.01479408237,0.01805696846
2023-01-20,-0.008970621216,0.01359966001,-0.005481364845,-0.003889734483,-0.001902253439,0.003546099291,0.008493629778
2023-01-21,0,0,0.00007468259895,0,0,0,0
2023-01-22,0,0,-0.001493540438,0,0,0,0
2023-01-23,0,0,-0.00006730984967,0,0,0,0
2023-01-24,-0.005993340733,-0.0179020979,0.0003515306542,-0.01091591335,0.008270458503,-0.006619937695,-0.00930460333
2023-01-25,-0.009602501117,0.004129877528,0.0004037443551,-0.002586652871,0.00417326234,0.004312034496,-0.01408798814
2023-01-26,0.03923337091,0.0059566019,-0.004790660827,0.01175656985,0.03267411866,0.04839968774,0.01629481073
2023-01-27,0,-0.02016072184,0.00141933449,-0.0001708817498,0.008742714405,0.01079672375,0.02072027627
2023-01-28,0,0,0.00007499062617,0,0,0,0
2023-01-29,0,0,-0.002459508098,0,0,0,0
2023-01-30,0,0,0.006058692645,0,0,0,0
2023-01-31,0.01405357927,0.01791483113,-0.005812997803,0.006848142441,0.02929936306,0.003776435045,0.009891196835
2023-02-01,-0.01212646167,-0.02827466821,-0.002329776041,-0.008331916341,-0.03286578658,-0.03724604966,-0.03648383937
2023-02-02,-0.03748355984,-0.0117280285,0.003133709981,-0.01183127572,-0.03611545571,-0.04259476358,-0.02109275731
2023-02-03,0.005010248235,-0.03259726604,0.006788519592,0.01162588929,-0.003392830801,0.02040816327,0.009086188993
2023-02-04,0,0,0.00007458790184,0,0,0,0
2023-02-05,0,0,-0.0006190334129,0,0,0,0
2023-02-06,0,0,0.003082158556,0,0,0,0
2023-02-07,0.02347310848,0.03450381679,-0.003786920616,0.03042350908,0.02145091613,0.04234918098,0.02110682111
2023-02-08,-0.005121353819,0.01357733176,0.004100044062,-0.002348599228,0.01458363716,0.005749329245,0.005041593143
2023-02-09,-0.004923903312,-0.01106581246,0.0002751952399,0.005380864301,0.0002874802357,-0.008765243902,-0.005267118134
2023-02-10,0.02811515969,0.02871024735,-0.004736517284,0.03294865362,0.03103894238,0.03037293349,0.02042360061
2023-02-11,0,0,0.00007471049682,0,0,0,0
2023-02-12,0,0,-0.002136560586,0,0,0,0
2023-02-13,0,0,-0.001819216315,0,0,0,0
2023-02-14,0.01465762415,-0.001438848921,0.0005625098439,0.01213003396,-0.007862959843,0.0007535795026,-0.0137490793
2023-02-15,0.003665373006,-0.005475504323,0.003747957363,-0.001917545542,-0.01217095952,-0.02070783133,-0.009459795868
2023-02-16,-0.01890440387,-0.008258475804,0.006153570415,-0.008965738072,-0.008452722063,-0.04459823145,-0.01130937421
2023-02-17,-0.02364790891,-0.02089116143,0.0008906702293,-0.02003231018,-0.02369599769,-0.01368209256,-0.04600915099
2023-02-18,0,0,-0.0008898776418,0,0,0,0
2023-02-19,0,0,0.000668002672,0,0,0,0
2023-02-20,0,0,-0.00215101617,0,0,0,0
2023-02-21,0,0,0.006087861444,0,0,0,0
2023-02-22,-0.02398767606,-0.02654071075,0.0007757722628,-0.01864491427,-0.02027324813,-0.02726543705,-0.002945113788
2023-02-23,0.02006764374,0.0224892175,-0.0001624167614,0.02222222222,0.01184585395,0.008656224237,0.01423200859
2023-02-24,0.0216622458,0.01084664055,0.006630633824,0.006140059741,0.006372258447,0.01266857376,0.01906274821
2023-02-25,0,0,-0.0002200542801,0,0,0,0
2023-02-26,0,0,-0.002663242847,0,0,0,0
2023-02-27,0,0,-0.001449200733,0,0,0,0
2023-02-28,-0.009930915371,0.01449056604,0.005245321939,-0.007026143791,-0.01832727273,-0.001983339944,-0.00515995872
2023-03-01,0.01918883559,0.01279571492,-0.004074692932,0.01925292085,0.0201511335,0.005166931638,0.02126556017
2023-03-02,0.01176722294,0.003378874688,0.0003826455525,0.007749434937,0.01118373275,0.02491103203,0.01777552057
2023-03-03,0.01437936139,0.02284040996,0.001559419778,-0.00192246075,0.006463659868,0.01466049383,0.02120758483
2023-03-04,0,0,0,0,0,0,0
2023-03-05,0,0,-0.0009547591069,0,0,0,0
2023-03-06,0,0,0.0009703741822,0,0,0,0
2023-03-07,-0.01609868284,-0.03745212087,0.009679646304,-0.01550263705,-0.009912206174,-0.02449292002,-0.0219265829
2023-03-08,0,-0.01105379514,0.003738725633,-0.003733766234,0.008867276888,-0.0007846214202,0.003022670025
2023-03-09,-0.008924776881,-0.01281669151,0.002289954636,-0.0115691706,-0.005812305075,0.008637612878,-0.003766951281
2023-03-10,-0.007933104631,0.01358695652,0.001807533801,-0.004945598417,-0.009553686012,-0.01206695212,-0.01714141669
2023-03-11,0,0,-0.0002886836028,0,0,0,0
2023-03-12,0,0,-0.00636731158,0,0,0,0
2023-03-13,0,0,-0.002077914529,0,0,0,0
2023-03-14,-0.01733972165,-0.03555555556,-0.003370901043,0.005076142132,-0.0210147103,-0.01940109658,-0.02006957453
2023-03-15,-0.06501044811,-0.04624185603,0.005551943546,-0.06481481481,-0.03480527446,-0.06537634409,-0.04724194429
2023-03-16,-0.005463123914,0.0004998333889,-0.003327303504,-0.01638163816,-0.001588562351,0.003681546249,-0.000286615076
2023-03-17,-0.0127340824,-0.02314737719,0.003491482677,-0.01262811127,-0.02052505967,-0.02154974782,-0.01576834862
2023-03-18,0,0,0.00007263746641,0,0,0,0
2023-03-19,0,0,-0.004227193492,0,0,0,0
2023-03-20,0,0,-0.002830092343,0,0,0,0
2023-03-21,0.02757941394,0.02408429503,0.002764976959,0.0340333092,0.02971698113,0.04422382671,0.03010508378
2023-03-22,-0.01317996645,0.006206108117,0.0005762721755,-0.004726890756,-0.01084134982,-0.0172860847,-0.01736972705
2023-03-23,-0.01578436134,-0.01006330141,0.00002187114977,-0.01547933157,-0.01698054955,-0.0510114336,-0.009539842873
2023-03-24,-0.01825808043,-0.0004918839154,0.006050885762,-0.02501340004,-0.002826633166,-0.01204819277,0
2023-03-25,0,0,0.00007246376812,0,0,0,0
2023-03-26,0,0,-0.005332946888,0,0,0,0
2023-03-27,0,0,-0.005339685592,0,0,0,0
2023-03-28,0.01206302314,0.006235385814,-0.004452874961,0.00590974212,0.02438271605,0.02567567568,0.01668056714
2023-03-29,0.0124057407,-0.006196746708,-0.002221682741,0.01691294285,0.0259114191,0.01976284585,0.01148482363
2023-03-30,0.007688611245,0.01823850351,-0.003037653634,0.0143557423,-0.001615271659,0.009905254091,0.004325493377
2023-03-31,0.0004768717215,0.0171463564,0.0001553036186,-0.006903693476,0.01088395352,0.005543710021,0.006729475101
2023-04-01,0,0,0,0,0,0,0
2023-04-02,0,0,-0.001641526176,0,0,0,0
2023-04-03,0,0,-0.005043771942,0,0,0,0
2023-04-04,-0.01693002257,0,0.0003200905186,-0.01669145596,-0.002744990393,-0.01764705882,0.0005037783375
2023-04-05,-0.01079219288,-0.0004269247189,0.001212978122,0.006218487395,-0.001238645747,-0.01317365269,-0.001258811682
2023-04-06,-0.009981429898,0.000284738041,0.003025055187,0.01169199933,-0.004547333609,-0.02993527508,-0.005041593143
2023-04-07,0,0,0.004520192664,0,0,0,0
2023-04-08,0,0,-0.00007376807318,0,0,0,0
2023-04-09,0,0,-0.003762449281,0,0,0,0
2023-04-10,0,0,-0.00004443127962,0,0,0,0
2023-04-11,0.01185770751,0.01877866972,-0.003028866804,-0.0003289473684,0.01262868909,0.01125468945,0.008327024981
2023-04-12,0.007123161765,0.01913606304,-0.001671309192,0.009871668312,0.006100040667,0,0.004504504505
2023-04-13,-0.006844626968,-0.008698053293,-0.00744047619,0.01124144673,-0.004446240905,-0.01813685078,0.02042850025
2023-04-14,0.001608086377,0.004038997214,0.01311844078,-0.000161108426,0.009744214373,-0.01637279597,0.01147460938
2023-04-15,0,0,-0.0000739918609,0,0,0,0
2023-04-16,0,0,-0.01102560308,0,0,0,0
2023-04-17,0,0,0.00202020202,0,0,0,0
2023-04-18,-0.02100646353,-0.001552795031,-0.0000821385902,0.006830378923,-0.01586874664,0.0135021097,-0.00486381323
2023-04-19,-0.02027823627,-0.02021772939,0.005757641383,-0.006622516556,-0.0097021044,-0.004579517069,0.0007331378299
2023-04-20,-0.007460890493,-0.02453102453,0.0009504009504,0.00243902439,-0.009659169311,-0.0004182350481,-0.01660561661
2023-04-21,-0.0009699321048,0.009023668639,0.01440567325,-0.003081914031,0.00236867772,-0.008786610879,0.005463123914
2023-04-22,0,0,0,0,0,0,0
2023-04-23,0,0,-0.009989031079,0,0,0,0
2023-04-24,0,0,-0.0003471606689,0,0,0,0
2023-04-25,-0.01737871108,-0.02353790614,0.006258451126,-0.02080645161,-0.02042801556,-0.04135649297,-0.01539965779
2023-04-26,-0.01891427168,-0.03342206448,0.000903189802,-0.003623785208,-0.01560505036,-0.03710094909,-0.003475670308
2023-04-27,0.03380070105,0.00688494492,-0.002274277917,0.003141015044,0.00158524283,-0.01926523297,0.007722969606
2023-04-28,0.02736740131,0.02567998784,0.003772142033,0.02142386289,-0.006330935252,0.03883051622,0.02051915946
2023-04-29,0,0,-0.00007325470661,0,0,0,0
2023-04-30,0,0,-0.006659340659,0,0,0,0
2023-05-01,0,0,-0.0005236335745,0,0,0,0
2023-05-02,-0.04788125449,-0.05259203606,0.00498081464,-0.03470185728,-0.06732469063,-0.05473306415,-0.0443627451
2023-05-03,-0.02011566507,-0.04345757335,0.000910459268,-0.01232067511,-0.01721686937,-0.02040816327,-0.0197486535
2023-05-04,-0.009751090582,0.006466589289,-0.00798861494,0.01401230349,-0.03134040501,0.0009689922481,-0.02956567242
2023-05-05,0.0282456595,0.03838550247,-0.003623456334,0.03016514998,0.0343454455,0.03242981607,0.03936370989
2023-05-06,0,0,0,0,0,0,0
2023-05-07,0,0,-0.006976398991,0,0,0,0
2023-05-08,0,0,-0.0005680119581,0,0,0,0
2023-05-09,-0.00998003992,0.009492685963,0.0001944303192,-0.0003286230693,0.01150711203,0.01289134438,-0.001308215594
2023-05-10,-0.01260080645,-0.007399414213,-0.0002168224299,0.002629848784,-0.01817032707,-0.01272727273,-0.008645533141
2023-05-11,-0.007912200102,-0.01770461252,0.009041212674,-0.01081967213,-0.01577084004,-0.01427255985,-0.006342494715
2023-05-12,0,-0.01865612648,0.01193211295,0.0003314550878,0.002125572269,0.004203643157,0
2023-05-13,0,0,-0.0000732386114,0,0,0,0
2023-05-14,0,0,-0.007251153593,0,0,0,0
2023-05-15,0,0,-0.006566327283,0,0,0,0
2023-05-16,-0.03064351379,-0.00714399111,0.0009060527293,-0.01657912016,-0.01433864991,-0.01967063129,-0.02440944882
2023-05-17,0.01396206533,0.03293891909,-0.0007790935803,0.01468869972,0.01209545603,0.01586560896,0.01345170837
2023-05-18,-0.0005196154845,-0.00866873065,0.0023019745,-0.01200855404,0.01485788114,0.01791456132,0.0047783382
2023-05-19,0.009357941253,-0.002186133666,-0.0003482074724,0.005994005994,0.006842775302,0.005866425993,0.0179656539
2023-05-20,0,0,0,0,0,0,0
2023-05-21,0,0,-0.0003705625139,0,0,0,0
2023-05-22,0,0,0.001104685647,0,0,0,0
2023-05-23,0,0.01502112345,-0.0002592035785,0.005497251374,0,0,0
2023-05-24,-0.0007623888183,0.01217820256,0.006600293346,-0.01358515573,-0.01098731043,0.01642254771,-0.01249044099
2023-05-25,-0.01347914547,-0.02391105696,0.004025462707,-0.01931474639,0.000625880144,-0.02358078603,-0.02968508002
2023-05-26,0.001804588812,0.01107817132,-0.01675559986,0.006679225895,0.000625488663,0.01475849732,0.008512902368
2023-05-27,0,0,0,0,0,0,0
2023-05-28,0,0,0.01449167325,0,0,0,0
2023-05-29,0,0,-0.0005878462782,0,0,0,0
2023-05-30,-0.01372648704,0,-0.00009558120726,0,-0.0070499765,-0.02546093064,-0.02232142857
2023-05-31,-0.01984536082,-0.02680577849,-0.002477995838,-0.02591755088,-0.02776901231,-0.02297297297,-0.017727639
2023-06-01,0.01341046542,0.03166749134,-0.009066784609,0.01946428571,0.01720220708,0.02259105579,0.009297238173
2023-06-02,0.01842241827,0.02557953637,-0.008658781522,0.02049395691,0.0280791321,0.02885482417,0.01977783798
2023-06-03,0,0,0.0003001515765,0,0,0,0
2023-06-04,0,0,0.007329002446,0,0,0,0
2023-06-05,0,0,0.00146705093,0,0,0,0
2023-06-06,0.01118170267,-0.003748243011,-0.003673408685,-0.0001732801941,0.01541335824,0.02185314685,0.005639097744
2023-06-07,0.01759235989,0.01442232325,-0.00201513591,0.008665511265,0.01763262803,0.005560307956,0.004005340454
2023-06-08,-0.001728821931,-0.01931695256,-0.0007179395136,0.01099656357,-0.00165737532,-0.01658868567,-0.002925531915
2023-06-09,0.0002474022761,-0.008351717617,0.002918724742,-0.006968048946,0.01162088741,0.003892733564,0.004001066951
2023-06-10,0,0,-0.00007462129692,0,0,0,0
2023-06-11,0,0,-0.00471641791,0,0,0,0
2023-06-12,0,0,0.001964489233,0,0,0,0
2023-06-13,0.00629089079,0.03154050465,-0.003614457831,0.00985818056,0.01412086244,0.0130044843,0.01633097441
2023-06-14,-0.006501625406,-0.004988735114,0.0008787280224,0.01661243364,-0.008983380746,-0.01903497123,-0.009908944831
2023-06-15,0.006544173169,0.02555393822,-0.00784157762,0.02223719677,0.0001510802236,0.01173285199,-0.005680281309
2023-06-16,-0.006001500375,0.01482416023,0.00008319530476,-0.005438365194,-0.01223564955,-0.02007136485,-0.01305767138
2023-06-17,0,0,0,0,0,0,0
2023-06-18,0,0,-0.001890645088,0,0,0,0
2023-06-19,0,0,0.0008713441431,0,0,0,0
2023-06-20,-0.02973041068,0,0.001218819789,0,-0.00782208589,-0.01590909091,-0.02729528536
2023-06-21,0.0127239678,0.01752190238,-0.004884466489,0.006961710592,0.01592208997,0.02309468822,0.02012471655
2023-06-22,-0.02794871795,-0.03874538745,-0.00114732923,-0.01086419753,-0.02115033475,-0.03115124153,-0.01305918311
2023-06-23,-0.01055130572,-0.001599488164,0.005028183692,-0.008154435014,-0.01476760454,-0.01444547996,-0.009853603604
2023-06-24,0,0,-0.00007568876779,0,0,0,0
2023-06-25,0,0,-0.003504655212,0,0,0,0
2023-06-26,0,0,-0.001116622483,0,0,0,0
2023-06-27,-0.004975124378,-0.02279611031,0.003627376426,-0.004318936877,-0.001975083561,-0.001379944802,-0.0008342602892
2023-06-28,0.01236842105,0.01990212072,0.004099199103,-0.005005005005,0.01659308875,0.01289728236,0.01391594768
2023-06-29,0.004159085001,0.007037747921,-0.0001358306041,0.003521126761,0.01078167116,0.007730786721,0.01207795773
2023-06-30,0.005953921822,0.009371029225,-0.01307169811,0.008855472013,0.004148148148,0.01534296029,0.01003525902
2023-07-01,0,0,0,0,0,0,0
2023-07-02,0,0,0.01324483054,0,0,0,0
2023-07-03,0,0,-0.0001509433962,0,0,0,0
2023-07-04,0,0,-0.001849335749,0,0,0,0
2023-07-05,-0.007113821138,0,0.004718871706,0,-0.001174398121,0,-0.009129967777
2023-07-06,-0.02763561924,-0.002939811233,0.005983787323,-0.02221850986,-0.03571428571,-0.01750547046,-0.02140921409
2023-07-07,0.02157894737,0.02188081937,-0.005267332066,0.01913548608,-0.002895900015,0.02538975501,0.02713929659
2023-07-08,0,0,-0.0003008649868,0,0,0,0
2023-07-09,0,0,-0.0009781054849,0,0,0,0
2023-07-10,0,0,-0.0003012501883,0,0,0,0
2023-07-11,0.004378058202,0.02273420812,-0.003488021697,0.01585447263,0.01610655103,0.01428571429,0.01370967742
2023-07-12,0.004102564103,0.01253170222,-0.003394392071,0.01511417776,-0.01219326322,-0.01835253948,0.01007690268
2023-07-13,-0.002553626149,0.01797554148,-0.005332706254,0.005178831526,0.01481252893,0.01,0.008926227356
2023-07-14,-0.02073732719,-0.02344767694,0.00888465205,-0.02302366769,-0.01550859054,-0.01808006888,-0.02576112412
2023-07-15,0,0,-0.0003023660141,0,0,0,0
2023-07-16,0,0,0,0,0,0,0
2023-07-17,0,0,-0.001776937618,0,0,0,0
2023-07-18,0.01689100026,0.02072694503,-0.002673938568,0.003782272653,0.01011358332,0.01616524472,0.02931596091
2023-07-19,-0.004152608357,-0.00397292525,-0.000243046589,0.01130406291,-0.01540357363,-0.004860804242,0.003428270042
2023-07-20,-0.0005212405525,0.005318363126,0.0008508698625,0.01409363357,0.02080725907,0.002664298401,0.002102496715
2023-07-21,0.01564537158,0.01381337252,0.004159645367,0.005910543131,0.02942528736,0.01904340124,0.0102281668
2023-07-22,0,0,-0.00007559150351,0,0,0,0
2023-07-23,0,0,-0.0003023888721,0,0,0,0
2023-07-24,0,0,-0.003735632184,0,0,0,0
2023-07-25,0.004522613065,0.006648748055,0.0009487954093,-0.005522246766,-0.002319512902,0.0114213198,0.01119023398
2023-07-26,0.004002001001,-0.007026419337,0.00132705447,-0.006504838966,0.0008718395815,-0.004182350481,-0.004527162978
2023-07-27,-0.008968609865,0.01089725446,0.001696378535,-0.02906419674,-0.009146341463,0.02729945401,-0.01035876705
2023-07-28,0.02413273002,0.009239815204,0.001587661601,0.002302631579,0.04952380952,0.02166802944,0.02093438856
2023-07-29,0,0,0,0,0,0,0
2023-07-30,0,0,0.0002264492754,0,0,0,0
2023-07-31,0,0,-0.004452494151,0,0,0,0
2023-08-01,-0.001454192923,-0.0028700287,0.005798969072,-0.009897777057,0.0002815315315,0.005980861244,0.008728179551
2023-08-02,-0.02305825243,-0.02028508772,0.005644948562,-0.01802687643,-0.01857585139,-0.01704320254,-0.02249690977
2023-08-03,0.006211180124,0.02322327924,0.0005395926076,0.01118157543,0.003154574132,0.02580645161,0.01163378857
2023-08-04,0.01432098765,0.008887065901,0.002277051219,0.009242449249,0.01643796455,0.002358490566,0.019
2023-08-05,0,0,0,0,0,0,0
2023-08-06,0,0,-0.0005978626411,0,0,0,0
2023-08-07,0,0,-0.0001345995663,0,0,0,0
2023-08-08,0,0.003251151449,0.004023573053,0.00390625,0,0,0
2023-08-09,0.02084831057,0.01404266811,-0.0004618249534,0.01361867704,0.003723624328,0.006581494386,0.006603081438
2023-08-10,-0.004460093897,-0.0119840213,0.001937580111,-0.003198976328,0.0098928277,0.002692307692,0.003887269193
2023-08-11,0.005894836124,0.0006738544474,-0.0005801499464,0.001604621309,0.01523809524,0.02032988109,0.00701839303
2023-08-12,0,0,0,0,0,0,0
2023-08-13,0,0,0.0002083798467,0,0,0,0
2023-08-14,0,0,0.001413711514,0,0,0,0
2023-08-15,-0.01155660377,-0.01612247663,0.002325615954,-0.01023391813,-0.01827956989,-0.01659751037,-0.02933397451
2023-08-16,0.028394178,-0.01721288901,0.003446972224,-0.004103069096,0.005750273823,0.00191791331,0.001486252167
2023-08-17,0.02505800464,0.008547008547,0.0006353146285,0.005108767304,0.02232507487,0.004594180704,0.01261439525
2023-08-18,0.01493888637,0.01125312587,0.001535599327,0.003443187408,0.01358189081,-0.001905487805,0.01856375183
2023-08-19,0,0,0,0,0,0,0
2023-08-20,0,0,-0.001798614183,0,0,0,0
2023-08-21,0,0,0.0001033851244,0,0,0,0
2023-08-22,-0.00451059991,-0.004133370074,0.0005242560732,-0.007977857375,-0.005676567657,-0.001539053482,-0.0009615384615
2023-08-23,0.00589034889,-0.01272827892,-0.001948325105,-0.003282455277,-0.004912373871,-0.01541425819,-0.006496631376
2023-08-24,-0.004279279279,0.0007006726457,0.004665882858,-0.004445908118,-0.008672448299,-0.01761252446,-0.012351659
2023-08-25,0.01266681746,0.01456378658,0.001413136279,0.009427720807,0.009825033647,0.02071713147,0.01544874939
2023-08-26,0,0,0,0,0,0,0
2023-08-27,0,0,-0.0008819638395,0,0,0,0
2023-08-28,0,0,0.0005222892453,0,0,0,0
2023-08-29,0.01792035398,0.01256732496,-0.003102690224,0.009605991534,0.01108471892,0.02248062016,0.02309686543
2023-08-30,0.006737665725,0.004637206765,-0.001740554175,0.003709079181,0.008091882015,0.01326762699,0.001842893343
2023-08-31,-0.01187392055,0.01900624491,-0.001891350764,-0.002410025707,-0.006602796479,0.00785634119,0.005058634169
2023-09-01,0.01485689316,0.02478017586,0.004315417811,0.01224029634,0.02710804118,0.01744617669,0.01052390757
2023-09-02,0,0,0,0,0,0,0
2023-09-03,0,0,0.001953125,0,0,0,0
2023-09-04,0,0,0.0003089484718,0,0,0,0
2023-09-05,0,0,0.002956164928,0,0,0,0
2023-09-06,0.002988898377,0.009773662551,0.000007331969587,0.008591885442,0.004696027415,0.007262164125,0.001122082585
2023-09-07,-0.004682843763,-0.007259296994,0.003262702544,-0.0056791292,-0.005684689237,0.004325883201,0.001793319883
2023-09-08,0.001710863986,0.004490057729,-0.002009719735,0.002697128352,0.003811459789,0.001076812635,-0.008726784516
2023-09-09,0,0,0,0,0,0,0
2023-09-10,0,0,-0.00212360867,0,0,0,0
2023-09-11,0,0,-0.003544433845,0,0,0,0
2023-09-12,0.0253164557,0.01697077964,-0.002039959643,0.008658690176,0.01496355033,0.02343463933,0.01998605624
2023-09-13,-0.007662835249,-0.0002509410289,0.0001106929378,-0.002185110036,-0.008190524194,-0.006440071556,-0.007063112326
2023-09-14,0.007293007293,0.01807228916,-0.00278177458,0.02205537306,0.02629907254,0.01368383147,0.002983019734
2023-09-15,0.01064735945,0.00209566075,0.001420664753,-0.01056014692,-0.009284476356,-0.002841918295,-0.003202928392
2023-09-16,0,0,0,0,0,0,0
2023-09-17,0,0,-0.0008940446283,0,0,0,0
2023-09-18,0,0,-0.002580998232,0,0,0,0
2023-09-19,-0.005099872503,0.0006138735421,-0.003284644472,-0.0009198221677,-0.008073672259,-0.007176175099,-0.01444954128
2023-09-20,-0.007902605724,-0.01668711656,0.002529253796,-0.003682676078,-0.004705583111,-0.01915431876,-0.01559227368
2023-09-21,-0.007319698601,0.003369104068,0.00005936171318,-0.007238564608,-0.005366726297,-0.02100221076,-0.01725768322
2023-09-22,-0.009542398612,0.002735978112,0.0008532739751,0.0009308098045,0.01194758479,0.002634550245,0
2023-09-23,0,0,0,0,0,0,0
2023-09-24,0,0,-0.0008896137594,0,0,0,0
2023-09-25,0,0,-0.001973733027,0,0,0,0
2023-09-26,0.002605297438,0.006095285483,0.005144828407,-0.01236284964,0.005914972274,0.01176903273,0.02373678026
2023-09-27,0.02728453876,0.02497527201,-0.001375780349,0.01580347363,0.03319857895,0.02980734278,0.02272727273
2023-09-28,0.001686340641,-0.01604342581,-0.0007406858751,0.01386321627,-0.004268437278,0.00458877515,0.001795735129
2023-09-29,-0.01704545455,-0.008704180459,0.007189978504,-0.02187784868,-0.003810431055,-0.006324666198,-0.01590858167
2023-09-30,0,0,0,0,0,0,0
2023-10-01,0,0,-0.001052399176,0,0,0,0
2023-10-02,0,0,0.007558734906,0,0,0,0
2023-10-03,0.003930131004,0.006801864215,0.002398309484,0.0001578282828,-0.001465201465,-0.001455604076,0.005098493627
2023-10-04,-0.04784688995,-0.05429751032,0.00256034313,-0.02098784914,-0.03876253363,-0.04045189504,-0.04657597418
2023-10-05,0.001142074006,-0.02116682101,-0.002801181589,0.009993552547,-0.0106856634,-0.002278769464,0.002418379686
2023-10-06,0.004563084645,0.002297607785,-0.001875132244,0.02984360038,0.007329304359,0.008755234107,0.01278648975
2023-10-07,0,0,0,0,0,0,0
2023-10-08,0,0,-0.001381578947,0,0,0,0
2023-10-09,0,0,-0.005899964132,0,0,0,0
2023-10-10,0,-0.005445352003,0.0002282684732,0.005444646098,0,0,0
2023-10-11,-0.003907946157,-0.01355755443,0.0008024382343,-0.001955475331,0.0001220405175,0.009057971014,0.0004517732098
2023-10-12,0.01111595466,-0.003303819215,0.006568832984,0.00286360211,0.01427699817,0.008617594255,0.01016030707
2023-10-13,0.007544729468,0.04733492442,-0.001300808255,0.01262398557,-0.00156400385,0.02563189747,0.01922217255
2023-10-14,0,0,0,0,0,0,0
2023-10-15,0,0,-0.001587882336,0,0,0,0
2023-10-16,0,0,-0.002191391277,0,0,0,0
2023-10-17,0.004069393874,0.005230258962,0.002835233282,0.005432388783,0.003009147809,0.006995452956,-0.003050773589
2023-10-18,0.009598976109,0.01319796954,0.004453233722,0.0001460280374,0.003720148806,0.009030913512,0.001967213115
2023-10-19,-0.0008451299387,0.02304609218,0.0001093788738,-0.005694261936,-0.0007173601148,-0.0006884681583,-0.005671902269
2023-10-20,-0.01670543455,-0.01199804114,0.0009259731832,-0.0154185022,-0.01854510648,-0.0244574578,-0.01513821852
2023-10-21,0,0,0,0,0,0,0
2023-10-22,0,0,-0.001821095571,0,0,0,0
2023-10-23,0,0,-0.001058162446,0,0,0,0
2023-10-24,-0.01591107236,-0.0248447205,0.003879168645,-0.005963918294,-0.0119417838,-0.02349963847,-0.01309550689
2023-10-25,0.01439645626,0.01988821006,0.004460907027,0.002849857507,0.01787737631,0.0118474639,0.01441317776
2023-10-26,-0.01375545852,-0.02001019628,0.000804178832,-0.009572240503,0.005565862709,-0.009513355287,0.0006765899865
2023-10-27,-0.002435244631,0.01911822083,0.004705371362,0.002114164905,-0.01918819188,-0.009974141116,-0.008338967771
2023-10-28,0,0,0,0,0,0,0
2023-10-29,0,0,-0.001124000288,0,0,0,0
2023-10-30,0,0,-0.002510206731,0,0,0,0
2023-10-31,0.00089146423,-0.01354372124,0.003471067209,-0.01437433802,-0.01088861076,-0.001134215501,-0.0004540295119
2023-11-01,0.01002004008,-0.003599040256,-0.003041090757,0.003837887627,0.0174617234,-0.002271006813,0.01885078356
2023-11-02,0.03505291005,0.01913043478,-0.00631758515,0.04832543202,0.0006218132073,0.01479514416,0.03990191708
2023-11-03,-0.0178913738,-0.01745865056,-0.005673965229,-0.03515681984,-0.0243599304,-0.02280373832,-0.01864951768
2023-11-04,0,0,0,0,0,0,0
2023-11-05,0,0,-0.0006145292267,0,0,0,0
2023-11-06,0,0,0.002686558423,0,0,0,0
2023-11-07,-0.04172099087,-0.04151648645,0.005198104736,-0.02005087536,-0.01975025484,-0.04501358168,-0.03599648815
2023-11-08,-0.01836734694,-0.02242339833,0.001793949958,-0.01633837227,-0.01832835045,-0.01787891101,-0.02026411658
2023-11-09,0.03696003696,0.0008548226243,0.001000492997,0.006054020491,0.0009269067797,0.001241208109,0.02021845224
2023-11-10,0.01982624192,0.02192170819,-0.0007242702977,0.01218947693,0.02235745469,0.02975206612,0.01480637813
2023-11-11,0,0,0,0,0,0,0
2023-11-12,0,0,0.0001377110966,0,0,0,0
2023-11-13,0,0,0.0001884208162,0,0,0,0
2023-11-14,-0.01160541586,-0.003154141525,-0.007397746622,0.004996971532,-0.007019783025,-0.003993610224,0.009561930176
2023-11-15,-0.00782778865,-0.01857201816,-0.001167934362,-0.006328160313,-0.008997429306,-0.01724137931,-0.01475770925
2023-11-16,-0.02323033092,-0.04611718531,0.005020681994,-0.02047005307,-0.008171206226,-0.01958384333,-0.01632014308
2023-11-17,0.03948844514,0.0396767083,-0.002406905127,0.01965944272,0.03452334249,0.03204327923,0.03727272727
2023-11-18,0,0,0,0,0,0,0
2023-11-19,0,0,0,0,0,0,0
2023-11-20,0,0,0.0003717472119,0,0,0,0
2023-11-21,-0.01131911189,0.003181189488,-0.001683170481,-0.002399520096,-0.004794347716,-0.01284109149,-0.01264994547
2023-11-22,-0.008146191105,-0.01268440645,-0.0006203926721,-0.01653638004,-0.01090263692,-0.02520325203,-0.01855533466
2023-11-23,-0.007769145394,0,0.0001825817053,0,0.009997436555,0.007506255213,0.005401755571
2023-11-24,-0.001118568233,0,-0.003797006207,0,0.0008883248731,-0.002897350993,-0.0006715916723
2023-11-25,0,0,0,0,0,0,0
2023-11-26,0,0,-0.0009162207726,0,0,0,0
2023-11-27,0,0,-0.001724074685,0,0,0,0
2023-11-28,0.01319981793,0.01858204688,-0.003233629749,0.002887099225,0.004094165814,0.005029337804,0.01929703653
2023-11-29,0.006963162624,0.01768172888,0.00200545602,-0.002272727273,-0.003185524975,0.001251042535,0.01622718053
2023-11-30,-0.002007584207,-0.03281853282,-0.002479728039,-0.0007593014427,-0.0227534194,0.002498958767,0.004879130628
2023-12-01,-0.004693786321,-0.0128314799,-0.004536569173,-0.005623100304,0.00837148463,-0.00664727877,0.01125579342
2023-12-02,0,0,0,0,0,0,0
2023-12-03,0,0,-0.0004668395702,0,0,0,0
2023-12-04,0,0,0.003729047277,0,0,0,0
2023-12-05,-0.01337262013,-0.01299839346,0.003840756334,-0.01124980737,-0.003501037344,-0.02280550775,-0.001107174491
2023-12-06,-0.05513439008,-0.04172832199,0.00005886248253,-0.01730049875,-0.02576447625,-0.03038309115,-0.05675016626
2023-12-07,-0.0002431315342,0.005404570723,0.0005003016525,0.003489294211,-0.0283157473,-0.009536784741,-0.021386604
2023-12-08,0.015807393,0.02180924589,-0.0004853440795,0.0137505927,0.03532646048,0.01421366346,0.01825168108
2023-12-09,0,0,0,0,0,0,0
2023-12-10,0,0,-0.000824014126,0,0,0,0
2023-12-11,0,0,-0.0002061734213,0,0,0,0
2023-12-12,-0.02092966659,-0.03817365269,0.0005155398439,-0.002817783344,-0.01396799566,-0.02415679125,-0.01462609106
2023-12-13,0.02286850609,0.01680933852,-0.005660655134,0.008163265306,0.01636638702,0.02195235871,0.0260952837
2023-12-14,0.01871202916,0.02801163325,-0.00748439825,0.01977577079,0.0250338295,0.02468007313,0.01119925338
2023-12-15,-0.01288167939,-0.0001488981537,-0.0008950548221,-0.02153000458,-0.02336633663,-0.02988403211,-0.03714813106
2023-12-16,0,0,0,0,0,0,0
2023-12-17,0,0,-0.001000373274,0,0,0,0
2023-12-18,0,0,0.001210617564,0,0,0,0
2023-12-19,0.01708995965,0.0186517844,-0.004747048023,0.01220831402,0.008313539192,0.02367941712,0.01108229191
2023-12-20,-0.009101516919,-0.00821799308,0.001799883008,-0.006717557252,-0.02015443005,-0.01690391459,-0.00536380597
2023-12-21,-0.0004710315591,0.003488879198,-0.005562126634,0.009068552106,-0.001335648457,0.001357466063,0.009847596717
2023-12-22,0.0004712535344,-0.004925394756,0.0008355979795,0.002437166794,0.00387856092,0.001355625847,0.003947062921
2023-12-23,0,0,-0.00007521624671,0,0,0,0
2023-12-24,0,0,-0.002798254852,0,0,0,0
2023-12-25,0,0,-0.0005129443003,0,0,0,0
2023-12-26,0,0,-0.004135849057,0,0,0,0
2023-12-27,0,-0.01837345108,0.0005153389111,0.0003025260929,0,0,0
2023-12-28,-0.01240346361,-0.0252466628,0.002090592334,-0.01028277635,-0.01293046576,-0.01342281879,-0.01638598088
2023-12-29,0.005924170616,-0.007889252754,0.002373465562,0.005347593583,0.008956021922,0.001360544218,0.004396112911
2023-12-30,0,0,0,0,0,0,0
2023-12-31,0,0,-0.001643918257,0,0,0,0
2024-01-01,0,0,0.0002114931416,0,0,0,0
2024-01-02,0,0,0.006041383477,0,0,0,0
2024-01-03,0.05934579439,0.03679489129,0.001929139769,0.01547564861,0.03421461897,0.02760180995,0.02944533212
2024-01-04,-0.007498897221,-0.009092242264,0.0005469107037,-0.008516360377,-0.01290726817,-0.035667107,-0.01352549889
2024-01-05,0.003555555556,0.02160722214,0.001123174841,-0.009493670886,-0.002158182049,0.006392694064,0.006967857946
2024-01-06,0,0,0,0,0,0,0
2024-01-07,0,0,-0.0007629020194,0,0,0,0
2024-01-08,0,0,-0.0008083953353,0,0,0,0
2024-01-09,-0.007251302969,0.01490963855,0.003011461533,-0.01114206128,0.01484761657,-0.004597701149,-0.002058554437
2024-01-10,-0.009586852317,-0.01231636741,-0.000799151555,-0.01298904538,-0.006031827515,-0.002771362587,-0.01031400413
2024-01-11,0.008066374741,0.01637620192,0.0001046455133,0.002061201839,0.01071659135,-0.01435849931,0.008800370542
2024-01-12,0.004801097394,0.005469327421,0.002698076966,0.009493670886,-0.004087889627,-0.01691729323,0.003673094582
2024-01-13,0,0,0,0,0,0,0
2024-01-14,0,0,-0.0004919499106,0,0,0,0
2024-01-15,0,0,0.001968768178,0,0,0,0
2024-01-16,-0.01662870159,0,0.00403399872,0,-0.009551706572,-0.02272727273,-0.03096045198
2024-01-17,-0.014130183,0.01026022305,0.0009488510007,-0.01165803109,-0.04050405041,-0.02519379845,-0.008628731343
2024-01-18,-0.00352443609,0.01648513394,-0.001229374648,0.005078636959,0.004020369874,-0.0004970178926,-0.006116207951
2024-01-19,-0.002593727894,-0.003475238923,-0.001942726639,-0.00391198044,-0.0001334757074,-0.002486325211,0.0007100591716
2024-01-20,0,0,0,0,0,0,0
2024-01-21,0,0,-0.002109955423,0,0,0,0
2024-01-22,0,0,0.003447094911,0,0,0,0
2024-01-23,-0.006084717997,-0.0004304778304,-0.001624882215,-0.0004903563256,-0.002016400054,0.009896091044,0.004041844983
2024-01-24,0.01365669885,0.01263278783,0.005157550535,0.005069501226,0.01333512931,0.02351788339,0.01041913332
2024-01-25,0.01091753775,0.02395803799,-0.003526697917,0.01675886756,0.01674863751,0.0229775012,0.01734239513
2024-01-26,0.01148897059,0.01204485671,-0.001461673728,0.01088174108,0.008236370767,0.01918577445,-0.003685786685
2024-01-27,0,0,0,0,0,0,0
2024-01-28,0,0,-0.0002972209838,0,0,0,0
2024-01-29,0,0,-0.003166344582,0,0,0,0
2024-01-30,0.02320819113,0.0105482304,-0.0007232652818,0.007569783946,0.02842983829,0.01990740741,0.01704412795
2024-01-31,-0.01000667111,-0.02595797281,0.002522068096,-0.01533886367,-0.01661171697,-0.0113481616,-0.01239669421
2024-02-01,-0.0141509434,-0.0260857304,-0.003907558334,0.01859799714,-0.01212121212,-0.007805325987,-0.01813110181
2024-02-02,-0.01503759398,-0.02258578254,0.006650227901,-0.01217228464,-0.008876125832,-0.01295696437,-0.03385416667
2024-02-03,0,0,0,0,0,0,0
2024-02-04,0,0,-0.0001410332542,0,0,0,0
2024-02-05,0,0,0.005411986548,0,0,0,0
2024-02-06,0.0009282896264,0.009240246407,-0.003965148047,0.01063829787,0.0140052356,0.002814258912,0.01280788177
2024-02-07,0.002782286112,0.008864990554,-0.00187556063,-0.001413982718,-0.00697044017,0.002806361085,-0.01191634241
2024-02-08,0.00323699422,0.03025064823,-0.0002970885324,0,0.03041726245,0.02332089552,0.003445729756
2024-02-09,-0.002996082047,0.002097315436,0.001931649331,0.002831969792,-0.009713636937,-0.004557885141,0.003924454256
2024-02-10,0,0,0,0,0,0,0
2024-02-11,0,0,-0.002091057393,0,0,0,0
2024-02-12,0,0,-0.0001857658756,0,0,0,0
2024-02-13,-0.01584385763,0.007488559146,0.008212377279,-0.01137957911,-0.01217542552,-0.01211849192,-0.01803118908
2024-02-14,-0.003733084461,-0.01514108741,-0.001997670613,0.0001576789656,0.004653502704,-0.001817355747,0.009925558313
2024-02-15,0.04402810304,0.0180293501,-0.005421495417,0.002364811603,0.017776665,0.07009558489,0.04127764128
2024-02-16,0,0.007825370675,-0.004752957602,-0.0001572821642,-0.006765067651,-0.0004253509145,0.004719207173
2024-02-17,0,0,0,0,0,0,0
2024-02-18,0,0,0.005708401424,0,0,0,0
2024-02-19,0,0,0.001498760925,0,0,0,0
2024-02-20,0,0,0.001770632686,0,0,0,0
2024-02-21,0.02787851315,0.01077050539,-0.001841457192,0.01194592895,0.03068637275,0.01678141136,0.02879213483
2024-02-22,-0.002866593164,0.005464480874,-0.001155812403,-0.003883193538,0.009357151537,0.00465509945,0.01683731513
2024-02-23,0.01260504202,-0.02282608696,0.0001928583085,-0.003118665211,0.002167108115,0.001684919966,-0.01320205863
2024-02-24,0,0,0,0,0,0,0
2024-02-25,0,0,0.001720557698,0,0,0,0
2024-02-26,0,0,-0.0004368040749,0,0,0,0
2024-02-27,-0.003940455342,0.0145624399,0.002251635028,0.000315556958,0.008868393047,-0.007939824488,0.005619240279
2024-02-28,0.01010989011,-0.003114421124,0.003384644945,-0.01293375394,-0.01195499297,-0.01347935973,0.004917299955
2024-02-29,0.01457789382,-0.003531649008,-0.0002798747929,0.003994886545,0.007354685647,0.009820666097,0.05137900356
2024-03-01,0.01651297448,0.02181025082,0.000390460965,0.01161865351,0.01471973622,0.01479915433,0.03342500529
2024-03-02,0,0,0,0,0,0,0
2024-03-03,0,0,-0.001958907136,0,0,0,0
2024-03-04,0,0,0.001446238305,0,0,0,0
2024-03-05,0.009247311828,-0.007566545061,0.001326259947,0.0003182179793,0.01473882797,0.006329113924,0.01274284521
2024-03-06,0.005753249521,0.01211708645,-0.005688005887,0.01558772069,0.002556356031,0.01299790356,0.001650165017
2024-03-07,-0.008050847458,-0.00147968792,-0.004492070423,0.00626468285,0.005563282337,-0.0008278145695,-0.0006177924217
2024-03-08,-0.006621102093,-0.01172032871,0.005426702349,0.001089494163,-0.001267865376,-0.01242750621,-0.003502987843
2024-03-09,0,0,0,0,0,0,0
2024-03-10,0,0,-0.002994454713,0,0,0,0
2024-03-11,0,0,-0.0005191145389,0,0,0,0
2024-03-12,0.00810926163,-0.003667481663,0.001157484697,0.003421994089,0.01007357102,0.007496876302,0
2024-03-13,0.01418289585,0.02372188139,-0.001986200354,0.01860176717,0.01277454056,0.02604381976,0.0240592227
2024-03-14,0.01878522229,0.01611399654,0.005302124563,0.001065286867,0.01515822085,0.01692183723,0.0002008032129
2024-03-15,0.00102438025,0.0003931847969,-0.003228022485,0.001216175129,-0.004250681199,-0.002377179081,-0.01345111423
2024-03-16,0,0,0,0,0,0,0
2024-03-17,0,0,0.003860975248,0,0,0,0
2024-03-18,0,0,-0.000834188438,0,0,0,0
2024-03-19,0.0008136696501,0.005770710439,0.002829742589,0.004989416389,-0.003167321975,0.008183943882,0.003824476651
2024-03-20,-0.00325203252,-0.01504526329,-0.007455923849,0.006920415225,-0.005587816369,0.003865481252,-0.002205734911
2024-03-21,-0.001019575856,-0.005566343042,0.00408999473,-0.001195278649,0.006831203173,0.006546014632,0.009646302251
2024-03-22,-0.002857726067,-0.001822442072,0.005692319066,0.001047120419,0.008535784636,0.008033664881,0.003184713376
2024-03-23,0,0,0,0,0,0,0
2024-03-24,0,0,0.0005513084387,0,0,0,0
2024-03-25,0,0,-0.001976270066,0,0,0,0
2024-03-26,-0.009209209209,-0.006044238683,-0.0002650059626,-0.009789380006,-0.006510138741,0.002597402597,-0.008935508936
2024-03-27,0.0002020610224,0.002846422564,0.000368161402,0,0.002148458481,-0.003330866025,0.00392003136
2024-03-28,0.009898989899,0.01573990453,-0.00368025909,0.00419412822,0.001500696752,0.005569996287,0.008785630613
2024-03-29,0,0,0.0002216312057,0,0,0,0
2024-03-30,0,0,0,0,0,0,0
2024-03-31,0,0,-0.001263017948,0,0,0,0
2024-04-01,0,0,0.003830822591,0,0,0,0
2024-04-02,0.01777251185,0.01405798921,-0.0006925156737,0.02709069494,0.01837575246,0.01684981685,0.01356255969
2024-04-03,0.01105937136,0.005693773982,-0.002985778846,0.004730504587,0.0146220056,0.02305475504,0.01243874859
2024-04-04,0.002878526195,0.01255384615,0.001530634881,0.002282779284,-0.001430907604,0.007746478873,0.01023827252
2024-04-05,0.01415996938,0.001580162878,0.003211635719,0.01480427046,0.01371545548,0.01502445842,0.01639948406
2024-04-06,0,0,0,0,0,0,0
2024-04-07,0,0,0.001184869002,0,0,0,0
2024-04-08,0,0,-0.002447791475,0,0,0,0
2024-04-09,0.0009516558812,-0.01277372263,0.0001547440092,0.0002784739627,-0.007452165156,0.004461221688,0.01221958782
2024-04-10,0.02224757558,0.01158348737,0.008406456984,0.01127505568,0.02465503247,0.01844892381,0.01459459459
2024-04-11,-0.02399553571,-0.006578145937,-0.000007306202966,0.0001376462491,-0.03525101495,-0.0315330426,-0.01473983307
2024-04-12,-0.01048218029,-0.0002452483139,0.006290686715,-0.003027800716,-0.01108488145,-0.0006927606512,-0.0173035328
2024-04-13,0,0,0,0,0,0,0
2024-04-14,0,0,-0.001089087345,0,0,0,0
2024-04-15,0,0,0.002056985027,0,0,0,0
2024-04-16,0.01307317073,-0.003919167177,0.002357412794,-0.0122324159,0.01659970395,0.006351446718,0.00168444694
2024-04-17,0.00500770416,-0.02975531784,-0.003401163632,0.001125809175,-0.007176287051,0.001402524544,-0.006913303438
2024-04-18,0.004024530471,-0.001647446458,-0.0001815303737,-0.001546246837,-0.009951812277,-0.00350140056,-0.004327375353
2024-04-19,0.01145256728,0.0008885503935,0.002011721729,0.01464170069,0.01185059782,0.00808151792,-0.004913076342
2024-04-20,0,0,0,0,0,0,0
2024-04-21,0,0,-0.004203812423,0,0,0,0
2024-04-22,0,0,-0.002802241793,0,0,0,0
2024-04-23,-0.001307433694,0.01523229246,-0.002912302471,0.005249343832,0.0002072753653,0.004146510021,0.0007606008747
2024-04-24,0.005984664298,-0.004251062766,0.003191660688,0.004947093583,0.004144648223,0.001376462491,0.001710051302
2024-04-25,0.001673173452,0.01004520342,-0.003371229258,0.001914399015,0.004643483645,-0.0003436426117,0.002276176024
2024-04-26,-0.0001855976244,-0.0006215813028,0.001464343242,0,-0.008216926869,0.007906497078,0.007948523846
2024-04-27,0,0,0,0,0,0,0
2024-04-28,0,0,-0.001615733294,0,0,0,0
2024-04-29,0,0,0.0007908669513,0,0,0,0
2024-04-30,-0.03170506912,-0.01408805031,0.008070712023,-0.01996717724,-0.02643488994,-0.03907577302,-0.02358667166
2024-05-01,-0.01408718827,-0.03125797397,-0.003919576105,-0.009907898409,-0.0206022187,-0.01025459689,-0.01246165644
2024-05-02,0.004634099247,0,-0.004139036654,0.01634954193,0.005717367853,0.006430868167,-0.006018248884
2024-05-03,0.004420526619,-0.01053602002,0.0002048850449,0.003605602552,-0.001287139333,-0.004969826056,-0.0029296875
2024-05-04,0,0,-0.0002194747238,0,0,0,0
2024-05-05,0,0,0.00186594468,0,0,0,0
2024-05-06,0,0,-0.001504583136,0,0,0,0
2024-05-07,0.005834744965,-0.002114723764,0.004557124988,0.00261060731,0.001795711419,0,0.009819021948
2024-05-08,0.004303892216,0.008079470199,-0.0004368974456,-0.004659449089,0.008857022353,0.007779349364,0.01010486177
2024-05-09,0.02347680268,0.005386939955,-0.003598694563,0.01266694203,0.001776755853,-0.002807017544,0.001132502831
2024-05-10,-0.002548698343,-0.01594354417,-0.0001316001111,0.007341944256,-0.004277516954,-0.01231527094,-0.01395173454
2024-05-11,0,0,-0.00007312079555,0,0,0,0
2024-05-12,0,0,0.0001462522852,0,0,0,0
2024-05-13,0,0,-0.000826204577,0,0,0,0
2024-05-14,-0.01309721454,-0.01208459215,-0.0009439692076,-0.001483079412,-0.00998633449,-0.01360544218,-0.00919012062
2024-05-15,0.001682242991,0.008908389842,-0.004087073714,-0.01026194977,-0.0004247186239,-0.003629764065,-0.000193236715
2024-05-16,0.01063631274,0.00487612019,0.001294403177,-0.02128240109,0.001805821117,-0.008743169399,-0.002899110939
2024-05-17,0.007570162482,0.009442622951,0.00002938022417,0.002509060496,0.009861096384,0.01139287027,0.01666989727
2024-05-18,0,0,-0.0003672420125,0,0,0,0
2024-05-19,0,0,-0.0001542983101,0,0,0,0
2024-05-20,0,0,0.0009626760926,0,0,0,0
2024-05-21,0,-0.007428645901,0.001416929741,-0.002654001956,0,0,0
2024-05-22,-0.01070854899,-0.01693802521,0.003570302706,-0.01274509804,-0.01914378879,-0.01084598698,-0.01937321937
2024-05-23,-0.005051416201,-0.005609723521,0.003148513405,-0.00170236913,0.002573726542,0.001461988304,0.002905287623
2024-05-24,-0.001631912965,0.0120886501,-0.004158140416,0.006394770499,0.0101615146,0.01277372263,0.01062186172
2024-05-25,0,0,-0.0004387568556,0,0,0,0
2024-05-26,0,0,-0.0002194747238,0,0,0,0
2024-05-27,0,0,-0.002714766574,0,0,0,0
2024-05-28,0.004703328509,0,0.001254686732,0,0.02309811401,0.02875629044,0.008396946565
2024-05-29,-0.01926539431,-0.01403553953,0.005202989887,-0.004042375244,-0.01657000829,-0.01118099231,-0.02498107494
2024-05-30,0.001835872958,-0.01358234295,-0.002456805424,0,-0.0003159224937,-0.003886925795,0.006211180124
2024-05-31,0.01887483966,-0.009400238316,-0.002360541682,0.01861441568,0.01443168651,0.007804185882,0.009837962963
2024-06-01,0,0,-0.00007325470661,0,0,0,0
2024-06-02,0,0,-0.002278388278,0,0,0,0
2024-06-03,0,0,0.0007195882193,0,0,0,0
2024-06-04,-0.02813444109,-0.01030210219,0.003485292067,-0.01016805536,-0.01807560895,-0.01648557512,-0.01841473179
2024-06-05,0.004662910433,0.01125334084,0.001009052222,-0.003994863747,-0.001122460433,-0.001904761905,-0.0002039151713
2024-06-06,0.01469735061,0.01905689247,-0.001592403214,0.006302821945,0.009888751545,-0.004961832061,0.003671221701
2024-06-07,-0.004192872117,-0.003276003276,0.007740594958,-0.01138790036,-0.01090464004,-0.00191791331,-0.01706970128
2024-06-08,0,0,-0.0002904022071,0,0,0,0
2024-06-09,0,0,-0.0007988380537,0,0,0,0
2024-06-10,0,0,0.0001598953412,0,0,0,0
2024-06-11,-0.002094839078,0.0006626027034,-0.000457808912,-0.004954699887,-0.002210188971,-0.006369426752,0.00225363655
2024-06-12,-0.003053435115,0.006224341147,-0.002399145032,0.001707212975,-0.001772067782,-0.00754147813,-0.007767784137
2024-06-13,-0.02928790199,-0.003158725981,0.001391935519,-0.009231643232,-0.01852879175,-0.03837386018,-0.03440461475
2024-06-14,-0.008873989351,0.004489041458,0.0006549741649,-0.01089449541,-0.003956590549,-0.009877518767,-0.005333902283
2024-06-15,0,0,-0.00007272727273,0,0,0,0
2024-06-16,0,0,-0.001163720998,0,0,0,0
2024-06-17,0,0,-0.001434500837,0,0,0,0
2024-06-18,0.01620972584,0.01131250803,0.000211473533,0.005495300072,0.01524906811,0.02154828412,0.02205405405
2024-06-19,0,0,-0.0007582274974,0,0.001335113485,-0.0015625,-0.0008462026655
2024-06-20,0.001575423395,0,-0.001539494229,0,0.012,0.007433489828,0.01376243913
2024-06-21,-0.01238694455,-0.00957058305,0.0008257396947,-0.001285163501,-0.005819060167,-0.006601941748,-0.0142021721
2024-06-22,0,0,0.00007301401869,0,0,0,0
2024-06-23,0,0,0.0003139373585,0,0,0,0
2024-06-24,0,0,-0.003167582638,0,0,0,0
2024-06-25,-0.004249565385,-0.01003764115,0,0.001820218426,-0.003831825439,0.002660585329,-0.007387646214
2024-06-26,-0.008535402522,-0.001901140684,0,-0.00964360587,-0.005769847206,0.004169825625,-0.0004134794294
2024-06-27,0.01819604774,0.01485714286,-0.0003794374111,0.008185153824,0.01536808168,0.01661004153,0.009927611169
2024-06-28,0.002113758647,-0.004129129129,-0.0005328739425,0.01035834267,-0.01270110076,-0.001485332343,-0.00204792136
2024-06-29,0,0,0,0,0,0,0
2024-06-30,0,0,-0.001409582238,0,0,0,0
2024-07-01,0,0,0.004761312689,0,0,0,0
2024-07-02,0,-0.005273485406,-0.004440303396,0.002332921641,0,0,0
2024-07-03,0.00811473863,0.001972629762,-0.003180568554,-0.0004107338445,0.01575976999,-0.005432814198,0.01095779221
2024-07-04,-0.0001871958068,0,-0.001327631608,0,0.010063948,0.004369992717,0
2024-07-05,-0.03613555514,0,0.001601151654,0,-0.02864556305,-0.02900652647,-0.01545564031
2024-07-06,0,0,0.0001466598225,0,0,0,0
2024-07-07,0,0,-0.0000733191583,0,0,0,0
2024-07-08,0,0,-0.0006232585423,0,0,0,0
2024-07-09,-0.01275362319,-0.008082566526,0.00003668513152,-0.001925192519,-0.01136729223,-0.01611090296,-0.01508049725
2024-07-10,0.01037385007,0.008900589194,-0.0009391049156,0.004822265087,0.02104349713,0.01904036558,0.01531140079
2024-07-11,0.009298721426,0.005715705765,0.0005287430602,0.0005484711367,0.0154042282,0.01233183857,0.01609944977
2024-07-12,0.001535508637,-0.00852483321,0.001365197733,0.001507468823,0.004080351538,0.002214839424,-0.01283594063
2024-07-13,0,0,-0.0002931906472,0,0,0,0
2024-07-14,0,0,0.0005132341081,0,0,0,0
2024-07-15,0,0,0.002198446431,0,0,0,0
2024-07-16,-0.01185770751,-0.01323015477,-0.0004752851711,-0.003837719298,-0.01297639726,-0.01203966006,-0.02013556619
2024-07-17,0.01276190476,0.01973184923,0.0006730312008,0.008255365988,-0.0002070393375,0.006093189964,-0.006510681587
2024-07-18,0.001128455896,-0.008930786405,0.001703378245,-0.0004093886463,-0.009629322841,-0.01282508016,0.001843129224
2024-07-19,-0.007138831486,-0.02377972466,0.004962779156,-0.01365187713,-0.004181913225,-0.01226993865,-0.01226492232
2024-07-20,0,0,-0.00007262164125,0,0,0,0
2024-07-21,0,0,-0.004502868763,0,0,0,0
2024-07-22,0,0,0.003954183994,0,0,0,0
2024-07-23,-0.01556931157,-0.01288327751,0.001787634799,-0.01246364769,-0.01148355059,-0.02472727273,-0.018275154
2024-07-24,0.001143292683,0.002479770295,0.001777191023,-0.001823026224,0.01077969649,0.0003728560776,-0.004601547793
2024-07-25,0.01256185763,0.008462439786,0.0006516875086,0.01278449003,0.009836405053,0.01789042117,0.0002101281782
2024-07-26,0.0005639097744,-0.01742835012,0.0005571917536,-0.0005548619781,0.006459550907,0.001098498718,0.0006302521008
2024-07-27,0,0,0,0,0,0,0
2024-07-28,0,0,0.00007232226803,0,0,0,0
2024-07-29,0,0,0.002010413653,0,0,0,0
2024-07-30,0.003582877616,-0.009708737864,-0.0004474660431,0.001809576837,0.009939317849,0.001478743068,0.002751905165
2024-07-31,0.03607666291,0.04405049691,-0.002982035582,0.01736834792,0.0246555475,0.02694721299,0.03483217226
2024-08-01,-0.03083061299,-0.01865191665,0.005235981258,-0.003824091778,-0.02982509352,-0.05930984903,-0.01101591187
2024-08-02,-0.04696856287,-0.03801284572,-0.0007636557498,-0.01727447217,-0.01521467278,-0.05235001911,-0.04599834983
2024-08-03,0,0,0,0,0,0,0
2024-08-04,0,0,0.0009444844989,0,0,0,0
2024-08-05,0,0,-0.00560393572,0,0,0,0
2024-08-06,0,-0.01051625239,-0.001361795832,-0.003857693956,0,0,0
2024-08-07,0.04375122621,0.0309178744,-0.002306604287,0.01348250143,0.01593710157,-0.006446414182,0.006327732926
2024-08-08,0.02687969925,0.008970411032,-0.001403156739,0.009765072177,0.02917799624,0.01540957015,0.02428447528
2024-08-09,-0.002745744097,0.0114118896,0.001426969728,0.007428170988,0.009653490499,0.009584664537,0.01227773074
2024-08-10,0,0,0,0,0,0,0
2024-08-11,0,0,-0.001388585969,0,0,0,0
2024-08-12,0,0,0.0004659323379,0,0,0,0
2024-08-13,0.007717157215,-0.01259061427,-0.002415898358,-0.001657000829,-0.0006777691712,0.004978935274,-0.0004073319756
2024-08-14,0.005520926091,-0.01352395672,0.0004814320415,0.00857538036,0.008429415754,0.008384146341,0.01018744906
2024-08-15,0.01222104145,0.01070635853,0.001305073748,0.003428414701,0.01335511145,0.0321239607,0.01835417507
2024-08-16,-0.01014873141,-0.0140808681,-0.003684394478,-0.006696733634,-0.006731772068,-0.01720981326,-0.009704892058
2024-08-17,0,0,0,0,0,0,0
2024-08-18,0,0,-0.0003434919243,0,0,0,0
2024-08-19,0,0,-0.003531140566,0,0,0,0
2024-08-20,-0.02677304965,-0.007394460877,-0.0009317681585,-0.02017291066,-0.02077294686,-0.03609022556,-0.0250501002
2024-08-21,-0.002914920751,-0.01665989435,-0.002496823893,-0.001540616246,0.002072027627,-0.0003900156006,-0.003083247688
2024-08-22,0.003471587795,0.01349862259,0.001479758233,0.002244354047,0.001181567546,-0.00546234881,0.004948453608
2024-08-23,0.004734158776,0.02677357978,-0.005910287134,0.01371588523,0.01199842644,0.009807767752,0.01025851457
2024-08-24,0,0,-0.001183169415,0,0,0,0
2024-08-25,0,0,0.0000740356852,0,0,0,0
2024-08-26,0,0,-0.001917382292,0,0,0,0
2024-08-27,-0.02417348027,-0.01721701144,-0.00255153129,-0.005884768031,-0.01834774256,-0.02847248942,-0.01565596512
2024-08-28,-0.002732240437,-0.01320434044,0.002178811247,-0.009498898678,-0.002935707995,-0.0007920792079,-0.009059794645
2024-08-29,0.009497716895,0.01709062003,0.0008978259257,0.007922168172,0.01050152125,0.01307966706,0.01158065827
2024-08-30,-0.01103672879,-0.03165298945,0.000214988398,-0.01185879757,-0.01418026418,-0.02230046948,-0.02028519783
2024-08-31,0,0,-0.0002223539875,0,0,0,0
2024-09-01,0,0,0,0,0,0,0
2024-09-02,0,0,0.0006153161836,0,0,0,0
2024-09-03,0,0,0.003415497914,0,0,0,0
2024-09-04,-0.02507895226,-0.02081868055,-0.002606435607,-0.01253963678,-0.02704893121,-0.02094455852,-0.01973265436
2024-09-05,-0.02172256098,0.004022410573,-0.0005922372502,-0.00569259962,-0.01801332778,-0.02558724832,-0.01212121212
2024-09-06,-0.01363459291,-0.01373587065,0.005696254102,-0.01776277158,-0.02152475877,-0.01549720189,-0.0124890447
2024-09-07,0,0,-0.00007365397363,0,0,0,0
2024-09-08,0,0,-0.001023865645,0,0,0,0
2024-09-09,0,0,0.0001400962978,0,0,0,0
2024-09-10,-0.0317491619,-0.0333477696,0.003361840165,-0.02269019724,-0.02450661462,-0.02083333333,-0.03502202643
2024-09-11,-0.002851323829,0.01329151732,-0.002292499412,0.004704097117,-0.01022676745,-0.006337709371,0.003195617439
2024-09-12,0.00714869281,0.03006632277,-0.0001914805868,0.01162966319,0.005278526505,0.005011389522,0.007963594994
2024-09-13,0.004461569661,-0.0007154099299,0.001340620811,0.007017020006,0.005474248687,-0.001359927471,-0.02031602709
2024-09-14,0,0,-0.00007356186553,0,0,0,0
2024-09-15,0,0,-0.001125579342,0,0,0,0
2024-09-16,0,0,0.000633391517,0,0,0,0
2024-09-17,0.01482371795,0.0118510158,0.0004269006278,0.001322362621,0.004722679846,0.01610017889,0.01707261552
2024-09-18,-0.00592183182,-0.01477969883,0.001368441963,0.0002934702861,-0.003607345868,-0.003961267606,0.0008952551477
2024-09-19,0.01528991263,0.0295782621,-0.003526637131,0.01466920933,0.02325836533,0.03181617322,0.02415026834
2024-09-20,-0.01290827303,0.002336769759,0.001275557227,-0.006505710568,-0.001929880991,-0.005995717345,-0.01200873362
2024-09-21,0,0,-0.0003681885125,0,0,0,0
2024-09-22,0,0,-0.0007955801105,0,0,0,0
2024-09-23,0,0,-0.002558204686,0,0,0,0
2024-09-24,0.004107981221,0.01439446367,-0.008019512916,0.004777070064,0.01000315889,0.003870967742,0.01861178016
2024-09-25,-0.0167543347,-0.02469641152,0.004560017882,-0.02002593286,-0.01063386155,-0.01713796058,-0.02278589854
2024-09-26,-0.02555973846,-0.03455512031,-0.0004821171619,-0.03940017642,-0.02360379347,-0.04315605929,-0.03277606687
2024-09-27,0.01220008133,0.01825822345,0.003361606447,0.01178451178,0.02331102957,0.02460136674,0.02092335683
2024-09-28,0,0,0,0,0,0,0
2024-09-29,0,0,-0.0009023001257,0,0,0,0
2024-09-30,0,0,0.001362075092,0,0,0,0
2024-10-01,0.04006410256,0.0313215103,-0.002409959193,0.01394996209,0.04382553862,0.02387267905,0.04475617902
2024-10-02,0.00500770416,0.009014006379,0.0007632682703,0.01420666966,0.00533628675,0.003886010363,-0.002770673487
2024-10-03,0.02683020314,0.04081913139,0.00320624366,0.009436744323,0.03405107661,0.03956989247,0.02201325069
2024-10-04,0.01213139231,0.008186980061,0.002125743641,0.0007303534911,0.01491525424,0.02606537029,0.008364700962
2024-10-05,0,0,0,0,0,0,0
2024-10-06,0,0,0.000162038742,0,0,0,0
2024-10-07,0,0,0.002857311182,0,0,0,0
2024-10-08,-0.02863875295,-0.04305555556,0.00249669555,-0.0279083013,-0.02472680126,-0.0348,-0.00401525798
2024-10-09,0.01156932263,-0.007124950521,0.004197187225,-0.000732386114,0.004178140727,-0.0004144218815,0.01007861318
2024-10-10,0.02619442907,0.03348837209,0.002655131918,0.009088243917,0.02137115839,0.01658374793,0.02714029136
2024-10-11,-0.0001797591228,-0.003600360036,0.001622325527,-0.005084253341,-0.00148134432,0.001223491028,0.004662910433
2024-10-12,0,0,-0.0002905287623,0,0,0,0
2024-10-13,0,0,0.001249636734,0,0,0,0
2024-10-14,0,0,0.001574608887,0,0,0,0
2024-10-15,0,-0.04174897932,-0.001579378247,-0.03363556595,0,0,0
2024-10-16,0.007010231148,-0.004947773502,-0.001893898165,0.008474576271,-0.02818729717,-0.001291433491,-0.005538461538
2024-10-17,0.01204139229,0.003038674033,0.002958924028,0.01050420168,0.01927297014,0.009913793103,0.01588283828
2024-10-18,0.003904071389,-0.0170751859,0.001036554869,-0.004455004455,-0.004867546569,-0.002134016219,-0.00385786802
2024-10-19,0,0,-0.00007241129616,0,0,0,0
2024-10-20,0,0,-0.0006807154754,0,0,0,0
2024-10-21,0,0,0.002456592945,0,0,0,0
2024-10-22,0.003523738872,0.02380293385,-0.001250587342,-0.0005965697241,-0.00862392201,0.002565198803,-0.007692307692
2024-10-23,-0.01349103678,-0.005812381725,0.001483765435,-0.007163109984,-0.01701966717,-0.01535181237,-0.008975928193
2024-10-24,-0.0001873360809,-0.006662134602,0.001199708023,-0.00180369758,0.003559061177,0.003464703335,0.0006175380815
2024-10-25,0.0148023234,0.01601423488,0.00264918828,0.006625508207,0.01332310936,0.01337936987,0.01604608105
2024-10-26,0,0,0,0,0,0,0
2024-10-27,0,0,0.0004031677466,0,0,0,0
2024-10-28,0,0,-0.0004173983131,0,0,0,0
2024-10-29,-0.008609395471,-0.01093284112,0,-0.01150817686,0,-0.009926629262,-0.006636250518
2024-10-30,-0.0003775722107,0.02440424921,0,0.004595588235,0,0.01046207498,-0.008350730689
2024-10-31,-0.007365439093,0.02410313901,0.001955708944,0.03003964623,0.006587870568,-0.0340811044,-0.003157894737
2024-11-01,-0.001902587519,-0.01450465244,0.003286641024,-0.00088823094,-0.05129932628,-0.02233139795,-0.001478352693
2024-11-02,0,0,-0.0007152564194,0,0,0,0
2024-11-03,0,0,-0.00373631093,0,0,0,0
2024-11-04,0,0,-0.00130039946,0,0,0,0
2024-11-05,0.001695234507,0.005922735227,-0.004870258332,0.00708591674,-0.008527918782,-0.009756097561,-0.0008398068444
2024-11-06,0.02783001128,-0.002542486284,0.008327911516,0.001905599531,0.03440507884,0.01074787282,0.01575961336
2024-11-07,0.004207830223,0.001609873893,-0.005800031545,0.003803950256,0.01544248664,0.003544528135,-0.001654944146
2024-11-08,-0.007469484423,-0.02049290115,0.003439746742,-0.02259145897,-0.007018912069,-0.009713024283,-0.01429755491
2024-11-09,0,0,-0.05237513475,0,0,0,0
2024-11-10,0,0,0.05472387799,0,0,0,0
2024-11-11,0,0,0.000985058744,0,0,0,0
2024-11-12,-0.01683003514,-0.003524104877,0.00172395216,-0.01900059844,-0.009835427013,-0.01569506726,-0.01320754717
2024-11-13,0.04213694507,0.0005658508983,0.003384604353,-0.001372578923,0.001966955153,-0.005466970387,-0.0078606331
2024-11-14,0.02599277978,0.00791743249,0.0049168495,0.004734270006,0.02934825285,0.01832340815,0.02462526767
2024-11-15,0.002814919071,-0.0216019077,0.00266685631,-0.004863961088,-0.003242109278,-0.008547008547,-0.02591431557
2024-11-16,0,0,-0.0000709270161,0,0,0,0
2024-11-17,0,0,-0.0008582777699,0,0,0,0
2024-11-18,0,0,-0.004508054153,0,0,0,0
2024-11-19,0.0001748251748,0.00333009574,-0.004806595162,-0.007689987937,0.002364513383,0,-0.002755988976
2024-11-20,-0.00192274078,-0.004010510303,0.000931565747,-0.00577419845,0.003302509908,0.008920606601,0.003613945578
2024-11-21,0.00700525394,0.01638433768,0.0008591065292,0.01283814764,0.01457725948,0.000884173298,0.02308832874
2024-11-22,0.009913043478,0.0143442623,0.0002861230329,-0.003621548212,0.001390433815,-0.0008833922261,0.008488612836
2024-11-23,0,0,-0.0004290617849,0,0,0,0
2024-11-24,0,0,-0.003233652883,0,0,0,0
2024-11-25,0,0,0.01188562242,0,0,0,0
2024-11-26,-0.0228350606,-0.006796116505,-0.003213130568,-0.003996925442,-0.02114803625,-0.0180342651,-0.01870140786
2024-11-27,-0.002157109473,0.00153609831,-0.001907052536,0.001852137676,-0.009548611111,0.01193755739,0.006852248394
2024-11-28,0.004683840749,0,-0.001361727612,0,0.01139351446,0.004083484574,0.01063377286
2024-11-29,-0.00107584723,0,0.0004854646182,0,-0.001636818795,0.002259376412,0
2024-11-30,0,0,-0.00007135721421,0,0,0,0
2024-12-01,0,0,-0.00002854492257,0,0,0,0
2024-12-02,0,0,0.002169476043,0,0,0,0
2024-12-03,-0.004898403483,0.02815315315,0.00163070569,0.01460988499,-0.01100492326,0.013116237,0.01926741478
2024-12-04,-0.01330902461,-0.01588170865,0.0005118762397,-0.01639093137,-0.02108345534,-0.02633928571,-0.032405484
2024-12-05,0.01533628973,-0.005703951029,-0.003666569555,0.002180345741,0.01854621597,0.006877579092,0.001288106483
2024-12-06,-0.01164695177,-0.01721001819,0.009663730699,-0.01709401709,-0.01116005874,-0.03233151184,-0.02101200686
2024-12-07,0,0,-0.0001412728685,0,0,0,0
2024-12-08,0,0,-0.0005086541858,0,0,0,0
2024-12-09,0,0,0.001710513295,0,0,0,0
2024-12-10,-0.008864265928,0.003231698749,0.0001693480102,-0.004945904173,0.005952380952,-0.005109150023,-0.007625272331
2024-12-11,0.007266629402,0.02703081232,-0.001799017948,0.002329916123,0.009021243574,0.01353874883,0.01119648738
2024-12-12,-0.02108768036,-0.00163643802,0.004827230385,-0.008213234155,-0.06719861565,-0.010133579,-0.02257924446
2024-12-13,-0.01039304611,0.01365933616,0.001252004614,-0.0071875,-0.01061527363,0.01023731968,-0.005330964016
2024-12-14,0,0,-0.00007024938532,0,0,0,0
2024-12-15,0,0,-0.0005690599972,0,0,0,0
2024-12-16,0,0,0.0006185900365,0,0,0,0
2024-12-17,-0.005808325266,-0.005427408412,0.005268814938,-0.004344328238,-0.004333121962,-0.003301886792,-0.003412969283
2024-12-18,-0.02005842259,-0.004911323329,0.01057324752,-0.02020038785,-0.01708948095,-0.0099384761,-0.02191780822
2024-12-19,-0.01013513514,-0.00452426652,-0.004003872485,0.002474022761,-0.02807775378,-0.01242829828,-0.008403361345
2024-12-20,-0.004216020879,0.006748381766,0.005000312433,-0.002303389273,-0.01544444444,0.002420135528,0.0004708097928
2024-12-21,0,0,-0.007331200018,0,0,0,0
2024-12-22,0,0,-0.0005358758438,0,0,0,0
2024-12-23,0,0,0.0008982473731,0,0,0,0
2024-12-24,0.004764740917,0.008075554339,-0.0008487428866,0.004578155657,0.01126729139,0.0009483167378,0.006949270327
2024-12-25,0,0,-0.0005848767581,0,0,0,0
2024-12-26,0,0,0.003957195407,0,0,0,0
2024-12-27,0,0.009845480651,0.0003886082274,0.00537809648,0,0,0
2024-12-28,0,0,-0.00006936736959,0,0,0,0
2024-12-29,0,0,-0.0008047173084,0,0,0,0
2024-12-30,0,0,-0.003721343572,0,0,0,0
2024-12-31,0.0118319858,0.009756749532,0.003017463658,0.01408222726,0.008997722096,0.02300469484,0.02187428045
2025-01-01,0,0,-0.001285338113,0,0,0,0
2025-01-02,0,0,0.00197570715,0,0,0,0
2025-01-03,0.01386748844,0.0128688418,0.002381448309,0.02250396197,0.001334816463,0.00499092559,0.009517485613
2025-01-04,0,0,0.0002770601151,0,0,0,0
2025-01-05,0,0,-0.00009001959657,0,0,0,0
2025-01-06,0,0,-0.007022160665,0,0,0,0
2025-01-07,0.03947119924,0.01125485123,0.001778416303,0.01822393822,0.043598234,0.00993227991,0.01687216093
2025-01-08,0.0009084302326,-0.01112958936,0.0008980722774,-0.01835279842,0.007403490217,-0.01519892713,-0.0004254413954
2025-01-09,0.001633690325,0,0.001711066286,0,-0.007559055118,0.00226963232,-0.001702489891
2025-01-10,0.02935846321,0,0.002819131208,0,0.01988786629,0.007246376812,0.007674269878
2025-01-11,0,0,-0.001675644985,0,0,0,0
2025-01-12,0,0,-0.0002150090165,0,0,0,0
2025-01-13,0,0,-0.003614315743,0,0,0,0
2025-01-14,0.00669839591,-0.006810166606,-0.0007867546718,0.01462438424,0.004800166962,-0.02638762511,-0.004180418042
2025-01-15,0.006828926633,0.03269254316,-0.001762881929,0.006827492035,0.01557794163,0.01121495327,-0.002651347768
2025-01-16,-0.02191304348,-0.0165994783,0.004858231771,0.001356238698,0.01032825442,-0.01293900185,-0.01794417368
2025-01-17,0.003378378378,-0.005063901616,0.00612678698,0.004063205418,0.0006072874494,0.01919475655,0.01533949921
2025-01-18,0,0,-0.0003452085059,0,0,0,0
2025-01-19,0,0,-0.000324608053,0,0,0,0
2025-01-20,0,0,-0.0118624044,0,0,0,0
2025-01-21,-0.0008748906387,0,0.002803686043,0,0.01499597424,-0.03109508788,-0.0281030445
2025-01-22,-0.011558669,-0.008383676489,0.003548843663,-0.01228096451,0.01120475954,0.001860465116,-0.00569550931
2025-01-23,0.00389794472,-0.01516846948,-0.0010560249,0.01076573161,0.01078642871,0.002321262767,0.001321877065
2025-01-24,-0.01376632545,0.004923620755,-0.003366160352,-0.01905190519,-0.02260380287,-0.0157480315,-0.01100110011
2025-01-25,0,0,0.0009071877181,0,0,0,0
2025-01-26,0,0,0.002935229729,0,0,0,0
2025-01-27,0,0,0.001105310356,0,0,0,0
2025-01-28,-0.01184281357,0.01193378673,-0.00007638358447,-0.008596868284,0.007459717525,-0.009433962264,-0.01684257804
2025-01-29,0.01107681133,-0.01369515597,-0.00006250043403,0.003096934035,0.0006910850035,0.02761904762,0.01096391046
2025-01-30,0.004489942529,-0.0003857032656,0.006528231127,0.02886693424,0.02101420679,0,0.01220063263
2025-01-31,-0.02503128911,0.00347266881,0.003104947216,-0.01200300075,-0.06590008696,-0.02594995366,-0.01450892857
2025-02-01,0,0,0.00006878525244,0,0,0,0
2025-02-02,0,0,0.0122429328,0,0,0,0
2025-02-03,0,0,-0.02031664062,0,0,0,0
2025-02-04,-0.001461721177,-0.003983551786,-0.00582605077,0.02240294614,-0.01787916153,0.04377431907,0.01532128973
2025-02-05,0.01445562672,-0.01832021675,-0.001304590484,-0.001500825454,-0.004394224733,0.005591798695,0.003603603604
2025-02-06,-0.008116883117,-0.008411092128,-0.0006426690324,-0.005561400872,0.002732240437,-0.02316960148,-0.01368940754
2025-02-07,0.006364793599,0.005434062293,-0.0007059925486,-0.004081015719,0.0100607839,0.003320683112,-0.01205915813
2025-02-08,0,0,-0.0001398992725,0,0,0,0
2025-02-09,0,0,0.00264446621,0,0,0,0
2025-02-10,0,0,0.0003349195495,0,0,0,0
2025-02-11,0.02616227683,0.01124031008,-0.003592204567,0.01890216241,0.0340191485,0.01793103448,0.005690871842
2025-02-12,-0.02532299742,-0.02491376006,0.001092046958,-0.009201543485,-0.008471237195,-0.01851851852,-0.02897238569
2025-02-13,0.001767408978,0.0009171907757,-0.007594033858,0.009137207909,-0.009835088416,0.004601932812,0.005361305361
2025-02-14,-0.01111503176,-0.007461709648,-0.0004298165881,-0.003562416506,-0.01424701515,-0.006871278058,-0.0106654301
2025-02-15,0,0,0.0000704920344,0,0,0,0
2025-02-16,0,0,-0.0002114611969,0,0,0,0
2025-02-17,0,0,0.00007050197406,0,0,0,0
2025-02-18,0,0,0.0002960874163,0,0,0,0
2025-02-19,0.004425562046,0.006366943867,0.003608378203,-0.003243880861,0.009228937184,0.01550387597,0.00464037123
2025-02-20,0.003701092704,0.004002582311,-0.004522344878,0.01153846154,0.01553588987,-0.02784014369,0.004618937644
2025-02-21,-0.01334503951,-0.03099279835,0.004091422122,-0.02456858731,-0.03892331526,-0.0415704388,-0.01931034483
2025-02-22,0,0,-0.00007025432064,0,0,0,0
2025-02-23,0,0,-0.001503548092,0,0,0,0
2025-02-24,0,0,0.004531509471,0,0,0,0
2025-02-25,-0.00878293601,-0.02422008688,0.00173017652,0.0001494991778,-0.004673371939,-0.01996105161,-0.01503938888
2025-02-26,-0.008499095841,-0.003777148253,0.002468410637,0.007473841555,-0.001735225069,-0.008941877794,-0.004362578769
2025-02-27,0.006930512493,0.01936357481,0.007498604911,-0.001928783383,-0.0007157464213,-0.006015037594,-0.006815968841
2025-02-28,0.002716899112,-0.0007970244421,0.001488558867,0.002824438829,0.003683618132,0.009077155825,0.001225490196
2025-03-01,0,0,0,0,0,0,0
2025-03-02,0,0,-0.001659177325,0,0,0,0
2025-03-03,0,0,0.00339311682,0,0,0,0
2025-03-04,-0.03255282696,-0.0001363884343,-0.00641131815,-0.003912127596,-0.01237907001,-0.04006497022,0.005935483871
2025-03-05,-0.031090122,-0.0257809303,-0.004063318307,-0.001510574018,-0.02843901411,-0.001128031585,0.0110312981
2025-03-06,0.01015434606,-0.004060487258,-0.00331273625,-0.001361573374,0.01181699913,0.02371541502,0.01370210606
2025-03-07,0.03317249698,0.01349641501,0.005520918614,0.01181639146,0.05807350263,0.009928295643,0.0197747184
2025-03-08,0,0,-0.00006958942241,0,0,0,0
2025-03-09,0,0,0.00008351311852,0,0,0,0
2025-03-10,0,0,0.004084842243,0,0,0,0
2025-03-11,-0.009895227008,0.007899562703,0.0002425687336,0.0002994460249,-0.04133306645,0.03716028841,0.01197751161
2025-03-12,0.00725063688,0.0188943317,-0.004898700147,0.008531656938,0.006159306817,0.01711229947,0.01497584541
2025-03-13,0.006225680934,-0.01620879121,0.00446325992,0.005342831701,-0.003527702843,-0.008937960042,-0.01499286054
2025-03-14,0.01798143852,0.009215302988,-0.002828266023,0.01520519634,0.01457725948,0.02811671088,0.01981154868
2025-03-15,0,0,-0.00006951685784,0,0,0,0
2025-03-16,0,0,-0.001028921023,0,0,0,0
2025-03-17,0,0,-0.005156863291,0,0,0,0
2025-03-18,-0.0003718854593,-0.0068766332,0.0003077977769,0.01241084165,0.001215559157,0,0.006104719418
2025-03-19,-0.001302083333,0.002908184462,0.001363684045,0.007749753417,0.01740186159,0.02210796915,0.02707117853
2025-03-20,0.00577388713,0.01808892571,0.0002583979328,0.006012304251,0.01402147971,0.01106639839,0.002726653033
2025-03-21,-0.005185185185,0.0008137800081,0.006793411857,-0.01306462821,0.002255565362,0.01094527363,-0.01495581237
2025-03-22,0,0,-0.0000693481276,0,0,0,0
2025-03-23,0,0,-0.005985158471,0,0,0,0
2025-03-24,0,0,-0.001158190711,0,0,0,0
2025-03-25,-0.001634580458,-0.0008012820513,-0.003010596461,0.01052188552,0.0002872737719,0.00146484375,0.008393829401
2025-03-26,0.01000545752,0.008019246191,0.001541371821,0.01388310426,0,-0.009263773769,0.005399325084
2025-03-27,-0.004142651297,0.0007955449483,0.0008744316194,0.003560180748,-0.009668772736,-0.007874015748,-0.009174311927
2025-03-28,-0.006691987701,-0.009406465289,0.004927485584,-0.007640878701,-0.01836636056,-0.02132936508,-0.01242095754
2025-03-29,0,0,0,0,0,0,0
2025-03-30,0,0,-0.0047920434,0,0,0,0
2025-03-31,0,0,0.005702664738,0,0,0,0
2025-04-01,0.003050969131,-0.00323289797,-0.006851647244,-0.003138646288,0.001924001924,0.0015,0.01219512195
2025-04-02,0.003399534801,0.008562532434,-0.005289635533,-0.004517453799,0.01065770523,0.003994008987,0.005354752343
2025-04-03,-0.07578459344,-0.07062001544,-0.00953117856,-0.04056655666,-0.08084742542,-0.09696668324,-0.06679982246
2025-04-04,-0.08817287285,-0.05993079585,0.01029756409,-0.08083703598,-0.06697674419,-0.1189427313,-0.06682520809
2025-04-05,0,0,-0.0000702938282,0,0,0,0
2025-04-06,0,0,0.001131810193,0,0,0,0
2025-04-07,0,0,-0.000231723673,0,0,0,0
2025-04-08,-0.04666949512,-0.04001212489,0.001067580666,-0.04123876765,-0.02412929661,-0.05018820577,-0.05258985201
2025-04-09,0.07521139297,0.06694032207,-0.01064337332,0.06928870293,0.05994868206,0.1175693527,0.09511854951
2025-04-10,-0.06746688742,-0.0334418467,-0.01065859176,-0.06432931601,-0.07141285211,-0.08392434988,-0.06749872644
2025-04-11,0.03129161119,0.01745254133,-0.005949394309,0.03864168618,0.0283208911,0.02,0.03031958481
2025-04-12,0,0,-0.00007210845111,0,0,0,0
2025-04-13,0,0,0.0004975841927,0,0,0,0
2025-04-14,0,0,0.001881230224,0,0,0,0
2025-04-15,0.0008609556608,-0.002700270027,0.004100719424,0.003837543972,-0.01460192375,-0.013724267,0.005790997631
2025-04-16,0.007741935484,0.01910348977,-0.006971412195,0.01991079962,0.01423027167,0.02213788741,0.02250719707
2025-04-17,0.02005975245,0.02553505535,-0.001327590063,0.015773856,0.02469851577,0.03650990099,0.02073201945
2025-04-18,0,0,0,0,0,0,0
2025-04-19,0,0,0,0,0,0,0
2025-04-20,0,0,0,0,0,0,0
2025-04-21,0,0,0,0,0,0,0
2025-04-22,0.02405354528,0.01092975809,0.0009252365497,0.008043310131,0.04998884178,0.02317073171,0.0227158001
2025-04-23,-0.00510620915,-0.01902839844,0.001949866759,-0.01012735921,-0.009032943677,-0.008939213349,-0.007403751234
2025-04-24,0.01252309587,0.006024981631,-0.001160435632,0.008370795226,0.01522788204,0.01022248948,0.01168572849
2025-04-25,0.0004055150041,0.008326029798,0.001804012123,0.01245196003,0.008661666843,-0.003571428571,-0.0002457606291
2025-04-26,0,0,0.00007203054095,0,0,0,0
2025-04-27,0,0,-0.0009507346586,0,0,0,0
2025-04-28,0,0,-0.00293422153,0,0,0,0
2025-04-29,0.001823708207,-0.02818772137,-0.0002386099884,-0.007724931839,-0.001039717197,-0.003567181926,-0.008557457213
2025-04-30,-0.01516990291,-0.03477600607,-0.002690427286,-0.01572279041,-0.03216069942,-0.03162291169,-0.02441430333
2025-05-01,0.01499281167,0.01510383889,0.00412629808,0.004962779156,0.009893536939,0.02218114603,0.0111223458
2025-05-02,0.006475111291,-0.007904525728,-0.00198606146,0.02839506173,0.01224576722,0.001808318264,0.001
2025-05-03,0,0,0.000217092409,0,0,0,0
2025-05-04,0,0,0.00002170452901,0,0,0,0
2025-05-05,0,0,-0.00002893874391,0,0,0,0
2025-05-06,0.003319502075,0.03575436909,-0.003798320057,-0.0003071253071,0.009096746575,0.01365611421,0.0157745022
2025-05-07,-0.02832919768,-0.01687306502,0.004706087411,-0.0007680491551,0.00456039877,-0.002449479486,0.01374745418
2025-05-08,0.01489678655,0.03290820343,0.006527301904,0.0004611837048,0.02037584459,0.09146715777,0.05022601708
2025-05-09,0.02159781925,0.01539634146,0.001113145894,0.01644130301,0.02700465598,0.03768278965,0.01697752272
2025-05-10,0,0,0,0,0,0,0
2025-05-11,0,0,-0.001147776184,0,0,0,0
2025-05-12,0,0,0.003605285837,0,0,0,0
2025-05-13,0.01176001595,0.02943786982,-0.003019850868,0.01852967761,0.01044746698,0.01513569937,0.0220655141
2025-05-14,0.0007880220646,-0.01235809743,0.003373528567,-0.007691169945,-0.009168942645,-0.00822622108,-0.0229245493
2025-05-15,-0.01102362205,-0.01658664339,-0.001738321768,0.004471605306,-0.006103563694,-0.01296008294,-0.01708428246
2025-05-16,-0.007563694268,0.007545494896,0.0009530839072,-0.0114260276,0.003961965135,0.007352941176,-0.005793742758
2025-05-17,0,0,0,0,0,0,0
2025-05-18,0,0,-0.001102520046,0,0,0,0
2025-05-19,0,0,0.0003081862879,0,0,0,0
2025-05-20,0,0.002189461392,-0.003410499466,-0.0007499625019,0,0,0
2025-05-21,-0.005914746074,-0.01558403729,-0.003486875687,-0.003902731912,-0.002697572185,-0.004329004329,-0.002808331383
2025-05-22,0.006360279032,-0.006657789614,-0.0002020085421,-0.006178420735,-0.01112001603,0.005434782609,0.003754987092
2025-05-23,0,0.0126601132,-0.00894790013,0.005307050796,-0.002127444028,0.01135135135,-0.003740939911
2025-05-24,0,0,0,0,0,0,0
2025-05-25,0,0,0.0002329983981,0,0,0,0
2025-05-26,0,0,-0.0001019130536,0,0,0,0
2025-05-27,0.001826298701,0,0.00540194237,0,0.01399736282,-0.0110701107,0.005841121495
2025-05-28,-0.009925055702,0.009066587396,0.002976104272,-0.009746588694,-0.006301890567,-0.009061833689,-0.01161440186
2025-05-29,0.01022913257,-0.01031079688,-0.003277718015,0.006056935191,-0.002617274008,0.006993006993,-0.001410105758
2025-05-30,-0.01194815715,-0.0005953266855,-0.004831337781,-0.003311258278,-0.01110213969,-0.03418803419,-0.01929865851
2025-05-31,0,0,0,0,0,0,0
2025-06-01,0,0,-0.0009316544144,0,0,0,0
2025-06-02,0,0,-0.001129227317,0,0,0,0
2025-06-03,0.008763194583,0.004888569375,0.0003136236662,0.005633802817,0.01426562186,0.01802293829,0.02179062056
2025-06-04,-0.01855873643,-0.007869509229,-0.002617572001,-0.008255933953,-0.01911648177,-0.04560085837,-0.01923968475
2025-06-05,0.007040836854,0.008508797231,-0.0009064923862,0.003865021555,0.006260729072,0.01517706577,0.001181753723
2025-06-06,0.00599280863,0.02073502074,0.001997556104,0.007256034355,0.01154039137,0.02657807309,0.02101038716
2025-06-07,0,0,-0.00007302468234,0,0,0,0
2025-06-08,0,0,-0.0001752720368,0,0,0,0
2025-06-09,0,0,0.0006062553869,0,0,0,0
2025-06-10,0.01639668115,-0.006245662734,-0.002233755995,0.02622326399,0.02347324448,0.02397442728,0.01732902033
2025-06-11,0.03187560739,0.04497206704,-0.0001902211687,0.01384725196,0.02827988338,0.01821019771,0.01589825119
2025-06-12,0.001506875118,0.003074044373,-0.005063772803,0.005913827091,0.01398733579,0.002043944813,0.007601162531
2025-06-13,0.04701899567,0.06888740839,-0.0009193542456,0.01539753639,0.0359772579,0.02804691484,0.01841579765
2025-06-14,0,0,0,0,0,0,0
2025-06-15,0,0,0,0,0,0,0
2025-06-16,0,0,0,0,0,0,0
2025-06-17,0.01412787538,0.04720702379,0.008037128439,0.01259974801,0.00915767522,0.01407742584,0.02630415561
2025-06-18,-0.02018217539,-0.0003645200486,0.0009061942764,-0.004562422231,-0.003504043127,-0.006445215667,-0.0092612535
2025-06-19,0.005103900838,0,-0.00003650700935,0,0.009917951492,0.01147704591,0.0008695652174
2025-06-20,0.001088139282,0,0.002446058924,0,-0.001785554861,-0.00838677849,-0.0008688097307
2025-06-21,0,0,-0.000364192585,0,0,0,0
2025-06-22,0,0,0.001114835325,0,0,0,0
2025-06-23,0,0,-0.0007787878567,0,0,0,0
2025-06-24,-0.01793721973,-0.04462766654,-0.0001456812785,-0.009881422925,-0.003777061262,-0.01621338912,-0.01949229374
2025-06-25,-0.008942161339,0.004246575342,-0.001063628284,-0.00998003992,0.01627519882,-0.005847953216,-0.005085529357
2025-06-26,-0.006335189096,0.003819397081,-0.005024795799,0.02232142857,0.01010009099,0.007486631016,0.01208178439
2025-06-27,-0.005795981453,-0.004212528876,0.004683686259,-0.0001408649106,-0.01999819836,-0.007430997877,-0.01033057851
2025-06-28,0,0,0.00007295542424,0,0,0,0
2025-06-29,0,0,-0.001940472717,0,0,0,0
2025-06-30,0,0,-0.005554987063,0,0,0,0
2025-07-01,0,0.01121597593,0.002859158863,0.01107797188,0,0,0
2025-07-02,0,0.02245367239,-0.004192226791,0.0153111392,0,0,0
2025-07-03,0.003269230769,-0.005291705252,-0.001037749041,-0.00498063088,0.003365472076,-0.009798865395,-0.006128007263
2025-07-04,-0.00766724171,0,0.002578648788,0,0.001722418638,-0.002083333333,-0.0004567252797
2025-07-05,0,0,-0.0000734861846,0,0,0,0
2025-07-06,0,0,-0.0002719188653,0,0,0,0
2025-07-07,0,0,0.004557717613,0,0,0,0
2025-07-08,0.02786377709,0.006276150628,0.0002268519535,0.0206244629,0.008861684634,0.04060385216,0.01336713528
2025-07-09,0.01110692771,-0.0003898128898,0.001141318662,0.006595565535,-0.009417730689,-0.009004502251,-0.004321128042
2025-07-10,0.002420405883,-0.02001819836,-0.002024261912,0.007946465914,0.01069567602,-0.008581524483,-0.007309273641
2025-07-11,0.0191307578,0.02520228147,0.002980309454,0,0.02107452967,0.02138492872,0.01035434883
2025-07-12,0,0,-0.0001460173761,0,0,0,0
2025-07-13,0,0,-0.0008032128514,0,0,0,0
2025-07-14,0,0,0.00151271558,0,0,0,0
2025-07-15,-0.008612790911,-0.004760645332,0.0008537217159,-0.009845288326,-0.0101010101,-0.01165737456,-0.01377094331
2025-07-16,-0.009981515712,-0.0009301089556,-0.001975737074,0.003835227273,-0.004702750665,-0.01948717949,-0.01489411217
2025-07-17,0.002800597461,0.01290065168,0.003404118545,-0.004669591057,0.004100918249,0.009414225941,0.006850933144
2025-07-18,-0.007447402718,-0.003019957983,-0.0003567294462,-0.0008529997157,0.003018733907,0.000518134715,-0.007508212107
2025-07-19,0,0,-0.00007282790765,0,0,0,0
2025-07-20,0,0,-0.0004369992717,0,0,0,0
2025-07-21,0,0,-0.003512095599,0,0,0,0
2025-07-22,0.004152510381,-0.003175023151,-0.00522821334,0.01180318544,0.01238528023,0.01406982804,0.01458283529
2025-07-23,0.01428571429,-0.0009289980093,-0.0002058172784,0.02262825018,0.003960570322,0.02312435766,0.005655042413
2025-07-24,0.003706449222,0.01075982997,0.002874682939,-0.005222649808,0.004120277023,-0.01456554495,0.01077788191
2025-07-25,-0.005539143279,-0.016296491,0.003768162691,-0.005388228792,0.001920726384,0.01172273191,-0.003013444599
2025-07-26,0,0,0,0,0,0,0
2025-07-27,0,0,0.000737657026,0,0,0,0
2025-07-28,0,0,0.002350004744,0,0,0,0
2025-07-29,0.005281369514,0.03408060127,0.002883292195,0.01246364769,0.011821141,0.0140708394,0.01185320264
2025-07-30,-0.004710144928,0.01553884712,0.003724435345,-0.019012447,-0.01219099221,-0.001435406699,-0.006082451002
2025-07-31,-0.005278485621,-0.01789239882,0.002300147557,0.00683212493,-0.009856016455,0.01054144705,-0.005893019039
2025-08-01,-0.01445562672,-0.02676215605,-0.004257775853,-0.002908184462,-0.005453129057,-0.03129445235,-0.02599179207
2025-08-02,0,0,-0.00007247427163,0,0,0,0
2025-08-03,0,0,-0.001355367109,0,0,0,0
2025-08-04,0,0,-0.0007475523105,0,0,0,0
2025-08-05,0,-0.01432137695,0.0001961069146,0.007654836465,0,0,0
2025-08-06,-0.002590194265,-0.01639562783,-0.002287465416,-0.002209944751,0.004958960328,-0.01924001924,-0.00415704388
2025-08-07,-0.00537933593,-0.00501422957,-0.0004876557587,-0.01204318937,-0.006636038795,-0.007846983816,-0.03038033395
2025-08-08,0.005967922417,-0.001634432035,0.001347169124,0.003923217038,0.00762247345,0.01186356896,-0.002391772303
2025-08-09,0,0,0.00007272198386,0,0,0,0
2025-08-10,0,0,0.00005090168703,0,0,0,0
2025-08-11,0,0,0.001526972885,0,0,0,0
2025-08-12,0.000935453695,-0.01151761518,-0.0002976687455,0.0117630584,0.0006088544838,0.0215,-0.0004854368932
2025-08-13,0.001308411215,-0.006716929404,-0.00127091564,0.006920415225,-0.002520862309,0.01419481155,0.0004856726566
2025-08-14,0.005413477693,0.01766491858,0.004435686186,-0.001512027491,0.002440087146,0.00916988417,-0.001213592233
2025-08-15,-0.002784998143,-0.01274749119,0.0002823406766,-0.01087555066,0.003738155264,-0.006695361071,0.001944106926
2025-08-16,0,0,0,0,0,0,0
2025-08-17,0,0,-0.000144749222,0,0,0,0
2025-08-18,0,0,-0.0009337676439,0,0,0,0
2025-08-19,-0.001126337526,-0.0118901189,0.004629730258,-0.0008390434904,-0.008916204986,-0.002420135528,-0.01118677043
2025-08-20,0.006201841759,0.01687413555,0.0004904081927,0.008957312806,0.01048126474,0.009218825813,0.01082144614
2025-08-21,0.01400821815,0.008297062024,0.001989504642,0.005548619781,0.01504019362,0.01778846154,0.0204379562
2025-08-22,0.01823540247,0.006879805747,-0.004920721706,0.01144985515,0.02844247637,0.07132735002,0.02694325227
2025-08-23,0,0,-0.00007229612493,0,0,0,0
2025-08-24,0,0,-0.0001590629745,0,0,0,0
2025-08-25,0,0,0.002205542057,0,0,0,0
2025-08-26,-0.008220157255,-0.02244224422,-0.001868781252,-0.0021674343,-0.002465280631,-0.001295896328,-0.02021845224
2025-08-27,0.0190990991,0.008507765024,-0.003759018029,0.000678794461,0.02026526073,0.01124567474,0.02371916509
2025-08-28,0.01166902405,0.007498660953,-0.002292945564,0.002984669651,0.00395639887,-0.001710863986,0.003938832252
2025-08-29,-0.007864383083,-0.005316321106,-0.0002763676563,-0.0006763154335,0.002251889979,-0.02142245073,0.003692591738
2025-08-30,0,0,-0.0002909937436,0,0,0,0
2025-08-31,0,0,-0.0002619706011,0,0,0,0
2025-09-01,0,0,0.0006550981191,0,0,0,0
2025-09-02,0,0,0.002698692116,0,0,0,0
2025-09-03,-0.01440112399,-0.0251433038,0.0006238891509,-0.0142295704,-0.01057512405,-0.02735042735,-0.02335071412
2025-09-04,-0.009444048468,-0.00868635574,0.001587750397,-0.005911465494,-0.005755159089,0.001757469244,0.007195914578
2025-09-05,-0.003417880914,-0.02089511998,0.001375316685,-0.009818835569,-0.0002480774001,-0.03026315789,-0.03065222401
2025-09-06,0,0,-0.0002168570189,0,0,0,0
2025-09-07,0,0,0.0002169040561,0,0,0,0
2025-09-08,0,0,-0.002819141246,0,0,0,0
2025-09-09,0.02159050018,0.004791894852,0.003740485683,0.00292846186,0.02589987588,0.02034358047,0.02293358815
2025-09-10,0.03117294822,0.01798610165,0.001003856542,0.01015016685,0.02266494596,0.04918032787,0.009808500701
2025-09-11,-0.007685738685,-0.02288850221,-0.001933552181,-0.008671713696,0.001498540894,-0.01266891892,-0.00138760407
2025-09-12,-0.006024096386,0.004246575342,0.001322856503,-0.009441821716,-0.007796503386,0,0.0006947660954
2025-09-13,0,0,-0.00007219174126,0,0,0,0
2025-09-14,0,0,-0.0008663634395,0,0,0,0
2025-09-15,0,0,-0.004696871161,0,0,0,0
2025-09-16,0.01754687769,0.01939916476,-0.002555539422,0.009208874006,0.02320856451,0.02371876324,0.02559456399
2025-09-17,-0.002197802198,-0.009250693802,0.002263662037,-0.01271948016,-0.00610966855,-0.006206040546,-0.003091872792
2025-09-18,-0.001694340901,-0.003734827264,0.001590425493,0.0004201092284,-0.003380974335,0.002081598668,-0.00553832521
2025-09-19,-0.02783435166,-0.01566474762,-0.001000594556,-0.009098544233,-0.02374710871,-0.02742002493,-0.02918244598
2025-09-20,0,0,0.00007257947452,0,0,0,0
2025-09-21,0,0,0.0002177226214,0,0,0,0
2025-09-22,0,0,0.003112755768,0,0,0,0
2025-09-23,0.01402840319,0.02178352621,0.001027132203,0.006896551724,0.009285268414,0.01524777637,0.0009009009009
2025-09-24,0.007514944492,0.01785476349,0.004111539045,0.00810735253,0.009277155006,0.03254067584,0.02497749775
2025-09-25,0.009832174945,0.007854431208,0,0.01067665003,0,-0.00404040404,-0.006147091109
2025-09-26,-0.003021655196,0.0003896609949,0,0.00699684456,0,0.004056795132,0.006626905235
2025-09-27,0,0,-0.0002152080344,0,0,0,0
2025-09-28,0,0,0.00008610174356,0,0,0,0
2025-09-29,0,0,-0.001578396063,0,0,0,0
2025-09-30,-0.003933641184,-0.01126156321,0.0005245684885,-0.0126984127,-0.0159856519,-0.01746361746,-0.01176993116
2025-10-01,-0.01167582418,-0.008271186441,0.001149136352,0.01258213337,-0.004833980506,-0.01311891663,-0.005393258427
2025-10-02,-0.002605976372,-0.02187585453,0.00153520571,-0.009112246307,-0.007166746297,0.0008576329331,-0.007681879801
2025-10-03,0.005051384776,0.002376292983,0.0002220487218,0.02006409363,0.006496631376,0.01413881748,0.01092896175
2025-10-04,0,0,-0.00007161271842,0,0,0,0
2025-10-05,0,0,0.0001432356943,0,0,0,0
2025-10-06,0,0,-0.001360544218,0,0,0,0
2025-10-07,-0.003796376186,0.004528612598,0.0004875950093,0.008617207486,-0.002519288301,-0.002466091245,0.009717314488
2025-10-08,-0.01264507189,0.004508196721,0.0001290063643,-0.01054598852,-0.01412786109,0.01812937783,-0.003718285214
2025-10-09,-0.006140350877,-0.01387188902,0.004600633483,-0.00796006476,-0.0108077816,0.02630513962,0.00724478595
2025-10-10,-0.02418358341,-0.04302854779,-0.0001997317887,-0.02869577043,-0.01303010683,-0.04376971609,-0.04163034002
2025-10-11,0,0,-0.00007134703196,0,0,0,0
2025-10-12,0,0,-0.001177310025,0,0,0,0
2025-10-13,0,0,0.002893167125,0,0,0,0
2025-10-14,0,-0.01821286283,0.0004273808676,-0.006103481759,0,0,0
2025-10-15,-0.006508768758,-0.0001449275362,0.0000711997152,0.003210048849,-0.02155242262,0.003303055326,-0.001841620626
2025-10-16,-0.01364877161,-0.01710392811,0,-0.007095158598,-0.01407750911,-0.03209876543,-0.02006457565
2025-10-17,-0.00295202952,0.002507004867,-0.0018510608,0.01709401709,0.0007559213842,0.0008503401361,-0.00706048482
2025-10-18,0,0,0.00007132667618,0,0,0,0
2025-10-19,0,0,-0.0003637401041,0,0,0,0
2025-10-20,0,0,0.001220042951,0,0,0,0
2025-10-21,-0.004279866022,0.006486805248,-0.0009335138602,-0.002059873661,-0.01393699489,-0.02141057935,-0.007577551504
2025-10-22,0.02167819099,0.03456862458,-0.002218275451,0.02573276455,0.03052605169,0.006435006435,0.01288475304
2025-10-23,0.01371867569,0.03766105055,-0.0001572686721,0.01583042662,0.01947735757,0.03069053708,0.02897526502
2025-10-24,0.005593648502,-0.001500886888,0.0009580598573,0.001584786054,0.01305524598,-0.0111662531,0.002289377289
2025-10-25,0,0,0,0,0,0,0
2025-10-26,0,0,-0.0004714285714,0,0,0,0
2025-10-27,0,0,-0.0001429245216,0,0,0,0
2025-10-28,-0.01462457642,-0.02365973742,-0.003752304987,-0.005827042776,-0.004452081543,-0.01918265221,-0.009748356382
2025-10-29,0.009773755656,0.005743101275,0.0001721800142,0.006394032237,0.01074847011,0.0119047619,0.02632783883
2025-10-30,-0.004122602617,-0.001253481894,0.002854827025,-0.01085373925,-0.007684545525,-0.01386554622,-0.00356903859
2025-10-31,0.005219582433,0.01185329801,0.004928081481,0.002542486284,-0.02964643304,0.009799744354,0.004477277815
2025-11-01,0,0,-0.00007117437722,0,0,0,0
2025-11-02,0,0,-0.002391629297,0,0,0,0
2025-11-03,0,0,0.002854003453,0,0,0,0
2025-11-04,-0.0005387931034,-0.01113555128,0.003237189977,-0.008737733566,-0.0132340122,-0.01840234212,-0.01603563474
2025-11-05,0.04528301887,-0.0125121646,0.00009928444284,0.01179820993,0.00899453903,-0.003408606732,0.01878678135
2025-11-06,0.01891009111,-0.002111783753,0.0006736489792,-0.005227181343,0.02355937599,0.01539119282,-0.01266385248
2025-11-07,0.008267251561,0.005361173815,-0.004662764495,0.01845863649,0.01850699844,0.03115789474,-0.000900090009
2025-11-08,0,0,0,0,0,0,0
2025-11-09,0,0,-0.0001566282216,0,0,0,0
2025-11-10,0,0,-0.001303066122,0,0,0,0
2025-11-11,0.02202351383,0.01450892857,-0.0006915974475,0.005877742947,0.005599940267,0.02197363164,0.01249442213
2025-11-12,0.0032404407,-0.04029152915,-0.0004637623254,-0.007791195949,0.006534006534,-0.006645817045,0.0008814455707
2025-11-13,-0.01195090439,0.0008597220232,0.001870186233,-0.006412773197,-0.004721156683,-0.01495474223,0.005284015852
2025-11-14,0.01618175874,0.02190408017,-0.0004631113961,-0.00210748156,0.02942484435,0.01478226129,0.03066141042
2025-11-15,0,0,-0.0000712809181,0,0,0,0
2025-11-16,0,0,-0.0006986027944,0,0,0,0
2025-11-17,0,0,0.002304147465,0,0,0,0
2025-11-18,0.01200960769,0.01683029453,-0.004654638625,-0.001193633952,0.01528258362,0.02738095238,0.0147215703
2025-11-19,0.0007911392405,-0.02234482759,0.00410436822,-0.02177665649,-0.01157341664,-0.008111239861,0.004835996636
2025-11-20,-0.004110671937,-0.01029909707,0.00346804344,-0.006244061355,-0.007255225918,-0.007788161994,0.002301736765
2025-11-21,-0.008890300048,-0.01211689237,0.0006954695129,0.0008195601694,-0.006801736614,-0.01098901099,-0.01649269311
2025-11-22,0,0,-0.0002127508687,0,0,0,0
2025-11-23,0,0,-0.0002411689601,0,0,0,0
2025-11-24,0,0,0.001021667873,0,0,0,0
2025-11-25,0.001120896717,-0.01661459813,-0.0004819618683,-0.005871910419,0.003052769298,-0.0253968254,0.007745266781
2025-11-26,-0.001599488164,0.01140794224,-0.004446114791,0.008379120879,0.004347826087,0.004478827362,-0.000853970965
2025-11-27,0.0012816405,0,-0.0009615727056,0,0.006637806638,0.003648155655,-0.001495726496
2025-11-28,0.00544,0,-0.003137031228,0,0.001290137615,0.006865912763,0.01198373636
2025-11-29,0,0,0,0,0,0,0
2025-11-30,0,0,-0.0009011586325,0,0,0,0
2025-12-01,0,0,0.002190502097,0,0,0,0
2025-12-02,-0.02087649402,-0.01210244863,-0.002171428571,-0.004709998654,-0.03512727273,-0.01956087824,-0.01531361443
2025-12-03,0.01497395833,0.006552706553,-0.001181136181,0.0156841536,0.01251224844,0.03664495114,0.01491265445
2025-12-04,0.001763951251,0.01033116332,0.0004730131655,-0.008253461129,-0.02240750391,0.005106048704,0.009445843829
2025-12-05,-0.02048983512,0.007424008965,-0.009649204496,-0.02,-0.0265001523,-0.00937866354,-0.002703264712
2025-12-06,0,0,-0.00007233273056,0,0,0,0
2025-12-07,0,0,0.0007667824074,0,0,0,0
2025-12-08,0,0,0.001040868547,0,0,0,0
2025-12-09,-0.006390299853,-0.008937437934,-0.0002527258286,-0.002063273728,0.0005571917536,-0.01005631537,-0.01143825461
2025-12-10,0.005112137203,0.009733753221,-0.004051858004,0.004548587181,0.009069212411,0.002031694433,-0.003428326548
2025-12-11,0.0004922067268,-0.01828749646,-0.0009935167592,-0.0002744237102,0.001892147588,-0.01216545012,-0.01913566975
2025-12-12,0.0004919645786,-0.006353790614,0.0001669606626,-0.00727422454,-0.004485363551,0.01929392447,-0.003945637878
2025-12-13,0,0,-0.00007257947452,0,0,0,0
2025-12-14,0,0,-0.0006677796327,0,0,0,0
2025-12-15,0,0,0.000101686544,0,0,0,0
2025-12-16,-0.03346096221,-0.0253351009,-0.0009513987741,-0.0245050533,-0.05249555807,-0.04771698889,-0.03716972682
2025-12-17,0.01584567689,0.0273537857,0.002013652125,0.01546977008,-0.001022843505,0.01123110151,0.02209302326
2025-12-18,-0.008816547982,-0.01162106502,-0.0004933327529,-0.003354297694,-0.01638225256,-0.0316104229,-0.01228668942
2025-12-19,0.00889497092,0.0125018604,0.001233940626,0.009956527836,0.006592643997,0.01588001764,0.01336097673
2025-12-20,0,0,0,0,0,0,0
2025-12-21,0,0,-0.0002682325649,0,0,0,0
2025-12-22,0,0,-0.003016613127,0,0,0,0
2025-12-23,0.0005079580088,0.008174386921,-0.004596798243,0.006751171122,0.004010581108,-0.00173837462,0.01079136691
2025-12-24,0.0001692333728,-0.001422475107,-0.0007380073801,-0.003147666621,-0.003144654088,-0.003918154114,0.002446619217
2025-12-25,0,0,-0.0002486216125,0,0,0,0
2025-12-26,0,0,0.0004388531305,0,0,0,0
2025-12-27,0,0,0,0,0,0,0
2025-12-28,0,0,-0.000709168007,0,0,0,0
2025-12-29,0,0,0.001382761572,0,0,0,0
2025-12-30,0.01769320648,0.001867547766,0.0005479572155,0.009710065646,0.01334807006,0.009948096886,0.02154319631
2025-12-31,-0.0008200754469,-0.008316604531,0.002205232681,-0.004740620344,-0.005117879017,-0.00556745182,0.0004303851947
2026-01-01,0,0,-0.0006484564551,0,0,0,0