date,closing_price,high,low,daily_trading_volume
2015-01-02,37.35,37.64,36.66,2229736
2015-01-05,35.72,36.57,35.16,5218828
2015-01-06,35.23,35.82,34.63,4668188
2015-01-07,35.28,36.1,35.08,4344067
2015-01-08,35.98,36.28,35.67,3680275
2015-01-09,35.61,36.48,35.53,3772754
2015-01-12,34.32,35.14,34.13,3338777
2015-01-13,34.81,35.46,34.2,4893019
2015-01-14,34.87,35.08,33.85,4700842
2015-01-15,34.22,35.74,34.2,3947022
2015-01-16,36,36.1,34.46,3563926
2015-01-19,35.55,35.99,35.06,872169
2015-01-20,34.93,35.5,34.71,3847658
2015-01-21,36.4,36.82,34.94,3901109
2015-01-22,37.05,37.19,36.11,3553407
2015-01-23,37.34,37.78,36.73,3785985
2015-01-26,37.21,37.5,36.73,2477838
2015-01-27,37.63,37.68,36.56,2792739
2015-01-28,36.74,37.6,36.66,3851442
2015-01-29,36.44,37.2,35.55,3414255
2015-01-30,37.9,38.12,35.87,4876021
2015-02-02,39.35,39.35,38.37,4225374
2015-02-03,39.55,40.6,38.97,6669899
2015-02-04,37.49,38.72,37.25,5012339
2015-02-05,38.55,38.56,37.42,4740998
2015-02-06,38.74,39.27,38.29,3851723
2015-02-09,39.3,39.57,38.91,2658560
2015-02-10,38.42,39.25,37.67,3628341
2015-02-11,38.49,38.93,37.75,2651631
2015-02-12,39.1,39.27,38.65,3094186
2015-02-13,39.4,39.74,39.3,2558370
2015-02-17,39.15,39.42,38.89,3082387
2015-02-18,38.49,39.2,38.4,2942985
2015-02-19,38.47,38.72,37.41,4523242
2015-02-20,38.47,38.88,38.14,2038998
2015-02-23,38.67,39.19,37.87,2373922
2015-02-24,38.34,39.18,38.05,1914682
2015-02-25,38.37,38.41,37.82,2490459
2015-02-26,38.19,38.19,37.81,2926424
2015-02-27,37.53,38.35,37.51,4538795
2015-03-02,37.08,37.25,36.5,2553989
2015-03-03,37.56,37.8,36.61,2774532
2015-03-04,37.39,37.83,36.93,2522214
2015-03-05,37.11,37.63,36.8,3061302
2015-03-06,36.91,37.62,36.72,2186619
2015-03-09,35.95,37.11,35.95,2518186
2015-03-10,35.54,36.03,35.3,2523376
2015-03-11,36.02,36.33,35.46,3196612
2015-03-12,35.38,36.14,35.36,2754537
2015-03-13,35.34,35.48,34.73,2559762
2015-03-16,35.22,35.46,34.64,2531256
2015-03-17,35.11,35.55,34.44,2538214
2015-03-18,35.93,36.21,34.59,4135633
2015-03-19,35.41,35.82,35.22,3057524
2015-03-20,35.45,35.96,35.45,7870967
2015-03-23,35.74,36.1,35.63,2318875
2015-03-24,35.97,36.14,35.68,1794149
2015-03-25,36.16,36.74,35.86,3581558
2015-03-26,36.55,37.13,36.3,4329759
2015-03-27,36.63,36.93,36.07,3324713
2015-03-30,36.87,37.22,36.76,2923231
2015-03-31,37.01,37.25,36.47,2948687
2015-04-01,37.25,37.68,37.1,2685851
2015-04-02,38.65,38.91,37.15,4932513
2015-04-06,38.72,39.08,38.61,2887563
2015-04-07,38.98,39.42,38.54,3499085
2015-04-08,38.84,39.46,38.75,3654914
2015-04-09,39.37,39.9,38.93,3300371
2015-04-10,39.68,39.95,39.48,9786919
2015-04-13,39.53,39.98,39.26,1810128
2015-04-14,39.9,39.99,39.48,2530642
2015-04-15,40.67,40.86,40.12,3751050
2015-04-16,40.07,40.52,39.93,3066691
2015-04-17,40.12,40.2,39.57,3362853
2015-04-20,40.27,40.93,39.97,2127171
2015-04-21,39.92,40.5,39.53,2331974
2015-04-22,40.14,40.4,39.32,2119964
2015-04-23,40.09,40.55,40.03,1970128
2015-04-24,40.22,40.45,39.83,1564584
2015-04-27,39.85,40.49,39.58,2000941
2015-04-28,39.71,40.03,39.19,2383629
2015-04-29,39.88,40.03,39.1,1778789
2015-04-30,39.29,39.97,39.02,3866783
2015-05-01,39.13,39.74,39.02,2029852
2015-05-04,39.09,39.35,38.8,2544467
2015-05-05,38.33,39.62,38.13,2989771
2015-05-06,37.03,37.75,36.33,4650349
2015-05-07,36.39,37,36.18,3963170
2015-05-08,36.77,37.16,36.08,2400070
2015-05-11,36.83,37.03,36.57,1731247
2015-05-12,36.44,36.95,36.37,2861094
2015-05-13,36.24,36.76,36.1,2369493
2015-05-14,36.3,36.53,36.1,1716585
2015-05-15,36.58,36.67,36.08,2844100
2015-05-19,36.13,36.48,36,3616091
2015-05-20,36.41,36.77,36.24,2217840
2015-05-21,36.85,37.04,36.49,2962331
2015-05-22,37.11,37.2,36.47,2894442
2015-05-25,36.95,37.15,36.76,472252
2015-05-26,36.21,36.9,36.04,1987483
2015-05-27,36.32,36.49,35.89,2032997
2015-05-28,36.5,36.54,35.87,1962724
2015-05-29,36.35,36.63,36.07,3044418
2015-06-01,36.19,36.5,36.07,1713870
2015-06-02,36.14,36.35,35.88,1968366
2015-06-03,36.3,36.52,36.07,2061563
2015-06-04,36.13,36.29,35.91,2040831
2015-06-05,36.01,36.81,35.81,2299559
2015-06-08,35.06,35.95,34.97,2885444
2015-06-09,35.88,36.05,35.25,2408364
2015-06-10,36.23,36.35,36.07,2934159
2015-06-11,35.52,36.32,35.42,2446485
2015-06-12,34.8,35.38,34.75,3095394
2015-06-15,34.24,34.77,34.13,2645179
2015-06-16,34.49,34.51,33.89,2350958
2015-06-17,34.46,34.98,34.04,2191092
2015-06-18,34,34.5,34,2095292
2015-06-19,33.7,34.12,33.51,10552268
2015-06-23,34.78,34.92,33.9,2705589
2015-06-24,35.7,35.82,34.61,3861274
2015-06-25,34.56,35.65,34.46,3022995
2015-06-26,34.37,34.84,34.24,2737241
2015-06-29,33.79,34.3,33.75,3201289
2015-06-30,34.4,34.68,34.08,4045582
2015-07-02,34.63,34.94,34.61,1930771
2015-07-03,34.6,34.72,34.32,455349
2015-07-06,34.18,34.57,33.94,3964827
2015-07-07,34.95,34.97,33.9,2442052
2015-07-08,34.44,34.89,33.98,2771157
2015-07-09,33.79,34.88,33.72,3235225
2015-07-10,34,34.3,33.69,2228616
2015-07-13,34.38,34.49,33.85,1795608
2015-07-14,35.05,35.14,34.14,2371715
2015-07-15,35.16,35.64,34.78,3242467
2015-07-16,35.24,35.55,35.08,2121027
2015-07-17,34.58,35.24,34.42,2411617
2015-07-20,33.86,34.57,33.85,2116545
2015-07-21,33.35,34.38,33.29,2094436
2015-07-22,33.55,33.75,32.92,2641843
2015-07-23,33.65,33.65,32.94,3382792
2015-07-24,33.08,33.7,32.82,3007331
2015-07-27,32.72,32.98,32.45,2262540
2015-07-28,33.18,33.23,32.43,2602319
2015-07-29,34.62,34.62,32.86,3733586
2015-07-30,36.81,37.23,35.53,8268788
2015-07-31,36.84,36.92,36.45,2857312
2015-08-04,36.93,37.13,35.85,2446613
2015-08-05,37.32,37.62,36.77,2681946
2015-08-06,37.51,37.56,36.63,2998794
2015-08-07,37.35,38.19,37.17,2336849
2015-08-10,37.71,37.81,36.76,2074989
2015-08-11,37.75,37.78,36.83,2733895
2015-08-12,37.49,37.89,37.08,2545844
2015-08-13,36.85,37.35,36.62,1970828
2015-08-14,37.26,37.43,36.79,2144611
2015-08-17,36.6,37.17,36.42,1791379
2015-08-18,36.33,36.59,36.09,2262216
2015-08-19,35.16,36.27,35.12,3803793
2015-08-20,34.22,35.32,34.19,2676823
2015-08-21,34.28,34.91,33.91,3247839
2015-08-24,32.93,34.2,32.13,5114539
2015-08-25,33.62,34.62,33.44,3945723
2015-08-26,34.52,34.62,33.28,3477784
2015-08-27,36.43,36.49,35.08,5019958
2015-08-28,36.81,37.42,36.09,4146594
2015-08-31,37.26,37.3,35.61,6298342
2015-09-01,36.05,36.37,35.51,4072760
2015-09-02,35,36.2,34.69,4568661
2015-09-03,34.95,35.96,34.82,3556208
2015-09-04,35,35.17,34.37,2457691
2015-09-08,35.14,35.36,34.51,2104093
2015-09-09,34.77,35.72,34.62,2355713
2015-09-10,35.03,35.34,34.52,2401268
2015-09-11,34.08,34.64,33.98,2102720
2015-09-14,33.59,34.02,33.51,2170529
2015-09-15,33.42,34.08,33.16,3350710
2015-09-16,34.81,34.86,33.59,5428318
2015-09-17,35.13,35.6,34.33,3451151
2015-09-18,34.05,34.46,34.04,11724875
2015-09-21,34.8,34.96,34.24,2760090
2015-09-22,34.55,34.79,34.05,2326246
2015-09-23,34.08,34.85,34.08,3443591
2015-09-24,34.48,34.83,33.95,3285972
2015-09-25,35.07,35.19,34.6,4309092
2015-09-28,34.6,35.01,34.55,2898138
2015-09-29,35.5,35.66,34.52,3341225
2015-09-30,35.69,36.04,34.79,4344280
2015-10-01,35.25,36.59,35.09,4874841
2015-10-02,35.37,35.53,34.8,3770291
2015-10-05,34.6,35.03,34.4,8855020
2015-10-06,34.87,35.17,34.53,6335520
2015-10-07,35.45,35.74,35.08,7412409
2015-10-08,37.16,37.39,35.49,4594078
2015-10-09,36.67,37.31,36.62,3127283
2015-10-13,36.5,37.01,36.15,2901132
2015-10-14,37.01,37.13,36.35,2863359
2015-10-15,36.75,37.05,36.4,2859913
2015-10-16,36.86,37.1,36.75,2631962
2015-10-19,36.36,36.72,36.06,2287280
2015-10-20,36.84,37.07,36.31,1890747
2015-10-21,37.02,37.09,36.41,2965686
2015-10-22,38.11,38.19,37.13,4479405
2015-10-23,37.5,38.02,37.16,3616464
2015-10-26,37.05,37.55,36.92,2430879
2015-10-27,36.71,36.85,36.26,2860154
2015-10-28,37.53,37.69,36.47,3438194
2015-10-29,38.81,38.97,37.45,4647083
2015-10-30,38.91,39.17,38.63,4766295
2015-11-02,39.17,39.24,38.52,3200662
2015-11-03,39.49,40.07,39.25,3894431
2015-11-04,39.82,40.04,39.24,4174921
2015-11-05,39.33,40.35,39.2,3379589
2015-11-06,39.47,39.49,38.77,1961757
2015-11-09,38.97,39.81,38.76,1932412
2015-11-10,39.11,39.34,38.51,2972734
2015-11-11,38.19,39.12,38.09,2958418
2015-11-12,37.29,38.33,37.29,3337686
2015-11-13,36.93,37.73,36.91,3432533
2015-11-16,38.32,38.32,36.95,2517914
2015-11-18,37.48,38.02,36.58,6670597
2015-11-19,37.11,37.64,36.95,2983993
2015-11-20,36.6,37.25,36.58,2929768
2015-11-23,36.67,37.09,36.47,2071576
2015-11-24,37,37.29,36.83,3433183
2015-11-25,36.6,37.16,36.45,2890905
2015-11-26,36.42,36.95,36.42,855750
2015-11-27,36.28,36.67,36.28,2044500
2015-11-30,36.9,36.92,36.22,3386345
2015-12-01,37.79,37.8,36.94,3028179
2015-12-02,36.77,37.6,36.63,2751112
2015-12-03,36.75,37.2,36.5,1901651
2015-12-04,36.03,36.4,35.62,2946918
2015-12-07,34.77,35.55,34.51,3484415
2015-12-09,35.38,36.22,34.96,3417607
2015-12-10,35.67,36.23,34.88,2806883
2015-12-11,35.22,35.38,34.73,2864973
2015-12-14,34.55,35.03,34.3,5009534
2015-12-15,35.13,35.32,34.82,3113309
2015-12-16,35.24,35.49,34.73,3175358
2015-12-17,35.44,35.6,34.91,2959731
2015-12-18,35.99,36.24,35.11,7622803
2015-12-21,35.84,36.66,35.65,2297499
2015-12-22,35.96,35.97,35.3,2248497
2015-12-23,37.19,37.21,36.24,3065981
2015-12-24,36.89,37.3,36.75,783594
2015-12-29,36.46,37.28,36.34,1602487
2015-12-30,35.78,36.64,35.63,1590876
2015-12-31,35.72,35.94,35.35,1852539
2016-01-04,35.28,35.9,34.89,2982082
2016-01-05,35.4,35.55,34.63,2919908
2016-01-06,34.1,34.9,34.03,4452266
2016-01-07,33.3,33.67,33,3850039
2016-01-11,31.92,33.3,31.77,3593241
2016-01-12,32.42,32.42,31.4,3125197
2016-01-13,31.33,32.76,31.21,3107473
2016-01-14,32.39,32.48,31.02,3788543
2016-01-15,31.22,32.06,30.72,3470045
2016-01-18,29.77,30.85,29.35,3204980
2016-01-19,29.09,30.78,28.67,6246971
2016-01-20,28.43,28.9,27.32,7656825
2016-01-21,29.76,30.16,28.22,5339918
2016-01-22,31.33,31.54,30.75,7272964
2016-01-25,29.94,31.19,29.82,4141147
2016-01-26,31,31.23,30.13,4565500
2016-01-27,31.41,31.84,30.56,4849093
2016-01-28,32.83,32.94,31.93,4370533
2016-01-29,33.18,33.18,32.23,5280852
2016-02-01,31.83,32.51,31.51,3171019
2016-02-02,31.18,31.24,30.34,3606414
2016-02-03,31.55,31.78,30.6,3554940
2016-02-04,31.82,32.77,31,4811600
2016-02-05,31.88,32.06,31.28,2886726
2016-02-08,31.37,31.95,30.86,3187191
2016-02-09,29.95,30.87,29.63,4993754
2016-02-10,29.54,30.34,29.43,4120139
2016-02-11,29.43,29.58,28.4,5584200
2016-02-12,30.57,31.09,29.9,4477993
2016-02-16,31.01,31.35,30.22,4171468
2016-02-17,32.89,33.06,31.02,5281800
2016-02-18,33,33.45,32.56,4565427
2016-02-19,32.86,33.04,32.16,3062546
2016-02-22,33.89,33.89,33.39,7429117
2016-02-23,32.73,33.54,32.52,4183992
2016-02-24,33.02,33.24,31.95,4242635
2016-02-25,33.37,33.57,32.7,3520722
2016-02-26,32.89,34.13,32.72,4729902
2016-02-29,33.08,33.82,32.93,7506390
2016-03-01,33.62,33.78,33.27,3348524
2016-03-02,33.39,33.44,32.49,3698676
2016-03-03,33.41,33.79,33.15,4710251
2016-03-04,33.75,34,33.39,3294338
2016-03-07,34.58,34.97,33.65,4058870
2016-03-08,34.32,34.51,33.89,3495702
2016-03-09,34.51,35.23,34.31,5349088
2016-03-10,34.28,34.6,33.74,3503738
2016-03-11,34.62,34.85,34.3,4007586
2016-03-14,34.78,34.9,33.96,3179789
2016-03-15,35.76,35.76,34.42,3827419
2016-03-16,36.12,36.44,35.65,4681176
2016-03-17,36.56,36.7,36.02,3638498
2016-03-18,36,36.72,35.86,7601434
2016-03-21,36.31,36.34,35.81,2225872
2016-03-22,36.28,36.84,35.85,3669257
2016-03-23,35.57,36.44,35.52,2365644
2016-03-24,35.86,35.95,34.86,3925643
2016-03-28,35.8,35.89,35.2,1689147
2016-03-29,35.51,35.65,34.99,3103327
2016-03-30,35.65,36.08,35.58,2217151
2016-03-31,36.17,36.23,35.3,2964342
2016-04-01,36.03,36.12,35.42,2583435
2016-04-04,35.33,36.13,35.19,2344527
2016-04-06,35.73,35.73,34.97,2347034
2016-04-07,35.39,35.8,35.16,1996634
2016-04-08,35.82,36.01,35.64,2462414
2016-04-11,35.57,36.32,35.57,1766765
2016-04-12,36.89,37.19,35.6,3443699
2016-04-13,37.05,37.29,36.7,2212316
2016-04-14,36.91,37.12,36.62,4242328
2016-04-15,35.92,36.46,35.81,2482287
2016-04-18,36.22,36.36,34.96,2672865
2016-04-19,37.14,37.2,35.76,3089417
2016-04-20,36.53,37.07,36.29,4619125
2016-04-21,36.06,36.75,35.93,3419591
2016-04-22,36.3,36.58,36.02,2803309
2016-04-25,36.17,36.21,35.61,2164587
2016-04-26,36.35,36.61,36.2,2048887
2016-04-27,36.25,36.96,35.82,2909375
2016-04-28,36.85,37.47,35.91,4401116
2016-04-29,36.83,37.38,36.7,4131030
2016-05-02,35.58,36.7,35.31,3449718
2016-05-03,34.95,35.32,34.37,2896981
2016-05-04,34.18,35.28,34.01,3854779
2016-05-05,33.16,34.73,32.69,9253232
2016-05-06,33.84,34.33,32.81,4913748
2016-05-09,33.24,33.94,32.85,3705481
2016-05-10,34.52,34.84,33.55,4573768
2016-05-11,34.47,34.88,33.74,3598402
2016-05-12,34.11,35.17,34.05,2610410
2016-05-13,34.07,34.63,33.97,2032695
2016-05-16,34.98,35.09,34.68,3354132
2016-05-17,35.12,35.42,34.67,3560501
2016-05-18,34.4,35.2,34.13,3414739
2016-05-19,34.3,34.38,33.87,2677800
2016-05-20,34.5,34.71,34.32,2121649
2016-05-24,35.39,35.65,34.77,4649751
2016-05-25,35.7,35.98,35.52,2941944
2016-05-26,35.7,36,35.58,3782592
2016-05-27,35.9,35.94,35.47,2057158
2016-05-30,35.99,36.07,35.66,908490
2016-05-31,36.22,36.47,36.08,5848718
2016-06-01,35.36,35.7,34.96,2632066
2016-06-02,35.96,35.96,35.02,2257217
2016-06-03,35.6,36.06,35.4,2448247
2016-06-06,35.82,36.13,35.45,2907830
2016-06-07,36.5,36.52,35.95,3986001
2016-06-08,35.47,35.99,35.27,11188689
2016-06-09,35.18,35.51,34.99,5807556
2016-06-10,34.38,34.98,34.34,4377774
2016-06-13,34.42,34.79,33.99,3978465
2016-06-14,34.15,34.6,33.96,3626074
2016-06-15,33.96,34.24,33.83,3710083
2016-06-16,34.04,34.19,33.49,3661461
2016-06-17,34.34,34.52,34.08,11049180
2016-06-20,34.52,34.93,34.49,3421326
2016-06-21,34.7,34.94,34.27,3417422
2016-06-22,34.79,34.94,34.42,3830257
2016-06-23,36.2,36.2,35.05,16844454
2016-06-24,34.85,35.94,34.8,4945915
2016-06-27,34.33,34.92,34.22,4135380
2016-06-28,34.94,35.4,34.81,4753795
2016-06-29,35.59,35.67,35.19,4048986
2016-06-30,35.84,35.89,35.3,4925109
2016-07-04,36.7,36.7,36.1,3075917
2016-07-05,36.73,36.84,35.9,6142655
2016-07-06,36.43,36.65,36.11,3128377
2016-07-07,36.06,36.74,35.9,2865688
2016-07-08,36.28,36.93,36.28,3494015
2016-07-11,36.29,36.68,36.27,2860720
2016-07-12,37.23,37.27,36.68,3068279
2016-07-13,36.68,37.24,36.28,3031547
2016-07-14,36.59,37.07,36.52,2120985
2016-07-15,36.08,36.82,36.06,2317985
2016-07-18,36.19,36.22,35.89,2339842
2016-07-19,35.8,36.32,35.72,2061363
2016-07-20,36.05,36.21,35.67,2755243
2016-07-21,35.98,36.26,35.9,1633028
2016-07-22,36,36.06,35.69,1935300
2016-07-25,34.82,35.86,34.64,2698382
2016-07-26,35.02,35.05,34.59,2147317
2016-07-27,34.66,35.37,34.51,2914272
2016-07-28,35.19,35.21,34.6,2485019
2016-07-29,35.14,35.19,34.67,2606816
2016-08-02,34.06,34.62,33.76,4088949
2016-08-03,34.56,34.58,33.84,2618291
2016-08-04,34.72,34.83,34.3,2208692
2016-08-05,35.03,35.04,34.38,3958356
2016-08-08,35.64,35.88,35.03,2835206
2016-08-09,35.9,36.02,35.63,2190967
2016-08-10,36.04,36.09,35.62,3438852
2016-08-11,36.31,36.45,36.04,2686145
2016-08-12,36.45,36.48,36.1,2416179
2016-08-15,36.68,36.84,36.49,2458726
2016-08-16,36.59,36.73,36.48,1745051
2016-08-17,36.33,36.49,35.8,2575862
2016-08-18,36.64,36.73,36.44,2214203
2016-08-19,36.55,36.8,36.49,1523693
2016-08-22,36.72,36.74,36.07,2190158
2016-08-23,36.49,36.62,36.43,2428355
2016-08-24,36.31,36.58,36.2,2294041
2016-08-25,36.27,36.43,36.09,1493812
2016-08-26,36.48,36.68,36.25,1670918
2016-08-29,36.14,36.37,36.05,2123680
2016-08-30,36.42,36.53,36.18,1969971
2016-08-31,35.56,36.24,35.42,4255714
2016-09-01,35.2,35.61,35.11,2611645
2016-09-02,35.63,35.82,35.38,2209622
2016-09-06,35.36,35.68,35.28,1879029
2016-09-07,35.29,35.51,35.15,2041675
2016-09-08,35.76,35.93,35.23,2933689
2016-09-09,35.05,35.69,34.91,2957891
2016-09-12,34.93,35.2,34.62,2085850
2016-09-13,34.29,34.73,34.1,3328109
2016-09-14,34.24,34.62,34.06,2077197
2016-09-15,34.45,34.71,34.27,1963527
2016-09-16,34.25,34.45,34.01,6233425
2016-09-19,34.5,34.72,34.3,2472342
2016-09-20,34.05,34.76,34.04,2197917
2016-09-21,34.4,34.43,34.04,2266113
2016-09-22,34.94,35.05,34.7,2110237
2016-09-23,34.85,35.16,34.64,2461505
2016-09-26,34.68,34.87,34.53,2072588
2016-09-27,34.18,34.5,34.03,2171032
2016-09-28,35.58,35.61,34.36,3509713
2016-09-29,36.41,36.83,35.5,4767728
2016-09-30,36.42,36.83,36.3,3650154
2016-10-03,36.27,36.64,36.03,1884085
2016-10-04,36.38,36.65,36.05,1949843
2016-10-05,36.69,36.96,36.63,2571718
2016-10-06,36.9,37.07,36.72,2233035
2016-10-07,36.88,37.12,36.47,3128162
2016-10-11,37.4,37.5,37.08,2782341
2016-10-12,37.19,37.35,36.95,2022555
2016-10-13,37.59,37.76,36.68,2662201
2016-10-14,37.38,38.01,37.32,2463154
2016-10-17,37.57,37.68,37.17,1630413
2016-10-18,37.96,38.05,37.63,2146337
2016-10-19,38.38,38.77,38.03,6801179
2016-10-20,38.77,39.07,38.12,4097937
2016-10-21,39.19,39.49,38.59,3284334
2016-10-24,39.33,39.44,38.87,2564281
2016-10-25,39,39.69,38.97,4628764
2016-10-26,39.38,39.5,38.52,4563265
2016-10-27,41.61,42.14,40.48,10701437
2016-10-28,41.29,41.95,41.15,3620070
2016-10-31,40.25,41.1,40.17,4132164
2016-11-01,40.15,40.43,39.73,4027200
2016-11-02,39.73,40.4,39.59,3470151
2016-11-03,39.55,40.09,39.38,2640538
2016-11-04,39.13,39.73,39.03,2530961
2016-11-07,40.1,40.4,39.52,2900886
2016-11-08,40.15,40.65,39.7,2223626
2016-11-09,40.76,41.29,39.84,3764306
2016-11-10,40.09,40.74,39.91,2668285
2016-11-11,39.53,39.97,39.03,2688824
2016-11-14,39.78,39.84,39.28,2072212
2016-11-15,41.34,41.48,40.07,3502853
2016-11-16,41.01,41.01,40.35,4034659
2016-11-17,41.22,42.2,41.1,4284789
2016-11-18,41.81,42.2,41.14,3088684
2016-11-21,42.8,42.86,42.05,2930463
2016-11-22,42.63,43.08,42.31,2240235
2016-11-23,42.54,42.72,42.25,1368054
2016-11-24,42.5,42.77,42.3,682104
2016-11-25,41.96,42.46,41.93,1869887
2016-11-28,41.26,42.17,41.18,2885916
2016-11-29,40.35,40.78,39.81,3266347
2016-11-30,42.78,43.54,42,6700281
2016-12-01,42.97,44.29,42.96,4421358
2016-12-02,42.82,43.14,42.28,2608063
2016-12-05,43.09,43.32,42.72,2704674
2016-12-06,42.97,43.3,42.55,2647835
2016-12-07,43.03,43.14,42.75,2651885
2016-12-08,42.84,43.5,42.59,3248119
2016-12-09,42.97,43.23,42.84,1932357
2016-12-12,42.77,44.31,42.73,3919772
2016-12-13,43.75,43.96,42.94,3752009
2016-12-14,43.23,43.84,43.13,2972221
2016-12-15,43.79,43.85,42.9,2224853
2016-12-16,43.79,44.25,43.54,11348423
2016-12-19,43.82,43.97,43.62,1517174
2016-12-20,43.95,44.17,43.78,1864097
2016-12-21,43.97,44.11,43.88,1790404
2016-12-22,44.44,44.54,44.15,2075418
2016-12-23,44.36,44.64,44.35,1313449
2016-12-28,44.09,44.67,44,1885238
2016-12-29,44.29,44.59,44,1032200
2016-12-30,43.9,44.52,43.8,1773523
2017-01-03,44.22,44.9,43.8,2183406
2017-01-04,44,44.34,43.95,1612554
2017-01-05,44.13,44.28,43.86,1897828
2017-01-06,44.11,44.26,43.75,1563161
2017-01-09,43.49,43.75,43.25,1545444
2017-01-10,43.01,43.58,43,1848799
2017-01-11,43.17,43.36,42.68,2487926
2017-01-12,42.78,43.36,42.4,2288890
2017-01-13,42.62,42.97,42.42,2057642
2017-01-16,42.81,42.86,42.42,660835
2017-01-17,42.74,43.39,42.66,3548235
2017-01-18,42.43,42.7,42,2877577
2017-01-19,42.14,42.63,42.14,2116022
2017-01-20,42.28,42.82,42.22,3211430
2017-01-23,41.47,42.14,41.24,2327130
2017-01-24,42.45,42.62,41.7,3996098
2017-01-25,42.19,42.88,41.99,3737074
2017-01-26,41.74,42.5,41.58,2977114
2017-01-27,41.32,41.76,41.3,2772165
2017-01-30,40.64,41.3,40.34,3748313
2017-01-31,40.36,40.6,40,3920735
2017-02-01,40.53,40.86,40.33,2568280
2017-02-02,40.52,40.74,40.31,1852474
2017-02-03,40.73,41.05,40.55,2525409
2017-02-06,40.45,40.88,40.25,1842221
2017-02-07,40.62,40.7,40.11,2606230
2017-02-08,40.51,40.53,39.7,3101580
2017-02-09,41.47,42.36,41.31,3841628
2017-02-10,41.52,42.02,41.38,2905161
2017-02-13,41.72,41.72,41.35,2073906
2017-02-14,41.83,41.99,41.55,2612125
2017-02-15,42.45,42.49,41.75,2601483
2017-02-16,42.49,42.68,42.25,2112962
2017-02-17,42.13,42.49,42.04,1749483
2017-02-21,42.69,42.7,42.19,2475041
2017-02-22,42.13,42.64,42.13,3232845
2017-02-23,42.85,42.95,42.42,2503890
2017-02-24,41.24,42.46,41.18,3498886
2017-02-27,41.25,41.83,40.77,6888202
2017-02-28,41.35,41.78,41.02,5491905
2017-03-01,41.7,41.86,41.32,3440506
2017-03-02,41.43,41.77,41.32,2305405
2017-03-03,41.76,41.78,41.29,2737424
2017-03-06,42.21,42.24,41.38,2365745
2017-03-07,42.14,42.28,41.92,1676021
2017-03-08,40.46,42.12,40.4,3928663
2017-03-09,40.55,40.71,39.91,4020909
2017-03-10,40.46,40.85,40.25,2424358
2017-03-13,40.45,40.56,40.3,2528769
2017-03-14,40.05,40.2,39.65,3558556
2017-03-15,40.76,40.92,39.73,3661127
2017-03-16,40.98,41.11,40.5,3845354
2017-03-17,41.15,41.39,41.01,11759246
2017-03-20,41.07,41.29,40.85,2164294
2017-03-21,40.55,41.35,40.35,2582173
2017-03-22,40.7,40.76,40.15,3163758
2017-03-23,40.86,41.12,40.4,1637538
2017-03-24,40.84,41.15,40.76,1721247
2017-03-27,40.47,40.62,40.13,2210176
2017-03-28,41.42,41.5,40.64,2442249
2017-03-29,42.05,42.24,41.28,2682792
2017-03-30,41.19,42.26,40.9,3397499
2017-03-31,40.83,41.35,40.79,2995786
2017-04-03,40.65,41.18,40.23,2478993
2017-04-04,41.02,41.09,40.44,1836718
2017-04-05,41.44,42.03,41.43,3203012
2017-04-06,41.69,41.91,41.41,1603584
2017-04-07,41.47,41.79,41.38,1640105
2017-04-10,41.79,41.97,41.33,1347807
2017-04-11,41.47,41.88,41.2,1665461
2017-04-12,41.35,41.55,41.21,1680354
2017-04-13,40.69,41.35,40.63,1522150
2017-04-17,41.26,41.26,40.76,1722699
2017-04-18,40.97,41.3,40.59,2073274
2017-04-19,40.73,41.39,40.64,3099356
2017-04-20,40.65,41.08,40.62,1732206
2017-04-21,40.94,40.94,40.33,1550616
2017-04-24,41.41,41.59,40.89,2106513
2017-04-25,42.22,42.28,41.47,3246979
2017-04-26,41.63,42.46,41.63,2553582
2017-04-27,41.75,42.75,41.29,3917548
2017-04-28,42.78,42.94,41.75,2960178
2017-05-01,42.89,42.99,42.5,1482733
2017-05-02,43.14,43.56,42.88,3813851
2017-05-03,42.69,43.12,42.66,3006289
2017-05-04,41.75,42.4,41.1,4092878
2017-05-05,42.61,42.74,41.63,3761366
2017-05-08,43.24,43.33,42.65,3443290
2017-05-09,43.11,43.27,42.71,2457857
2017-05-10,43.63,43.76,42.94,3370921
2017-05-11,43.22,43.87,43.12,1995393
2017-05-12,43.45,43.58,43.1,1764363
2017-05-15,43.85,44.13,43.7,2548477
2017-05-16,43.43,44.19,43.42,2506414
2017-05-17,42.71,43.43,42.7,2498529
2017-05-18,42.74,43.23,42.19,2356340
2017-05-19,43.3,43.4,42.85,2308887
2017-05-23,43.01,43.24,42.79,2692438
2017-05-24,42.73,43.27,42.49,2246107
2017-05-25,42.19,43.04,41.96,2617300
2017-05-26,42.58,42.66,42.01,1738056
2017-05-29,42.58,42.78,42.31,453603
2017-05-30,42.63,42.68,42.34,1846917
2017-05-31,42.28,42.49,42.07,3819967
2017-06-01,42.32,42.67,41.57,2416746
2017-06-02,41.94,42.1,41.71,1704709
2017-06-05,41.88,42.16,41.5,1808863
2017-06-06,42.25,42.28,41.7,1649911
2017-06-07,41.14,42.29,41.13,3191208
2017-06-08,40.84,41.33,40.67,1852332
2017-06-09,41.25,41.31,40.7,2525171
2017-06-12,41.03,41.78,40.66,2357494
2017-06-13,40.88,41.09,40.5,2892894
2017-06-14,39.4,40.89,39.35,3350552
2017-06-15,39.16,39.71,39.02,2835920
2017-06-16,39.26,39.65,39.08,11990096
2017-06-19,38.99,39.67,38.91,3119287
2017-06-20,38.11,38.6,37.78,3446532
2017-06-21,38.25,38.9,37.86,3328076
2017-06-22,38.11,38.79,38.08,2194058
2017-06-23,38.52,38.78,38.06,1938486
2017-06-26,38.07,38.67,38.05,1636345
2017-06-27,38.49,38.51,38.07,3454951
2017-06-28,38.53,38.64,38.11,3116608
2017-06-29,38.26,38.69,38.05,2625298
2017-06-30,37.89,38.54,37.72,3517352
2017-07-04,37.54,38.4,37.43,1314155
2017-07-05,37.35,37.6,36.87,2405215
2017-07-06,36.93,37.56,36.84,2720658
2017-07-07,36.67,36.77,36.09,2329225
2017-07-10,36.53,36.78,36.35,2040330
2017-07-11,37.26,37.27,36.16,2927292
2017-07-12,37.3,37.83,37.1,3119074
2017-07-13,37.3,37.51,37.04,3312342
2017-07-14,37.62,37.76,37.36,1627199
2017-07-17,37.55,37.82,37.42,1889267
2017-07-18,37.75,37.83,37.53,1869114
2017-07-19,38.56,38.63,37.75,1767994
2017-07-20,38.82,38.93,38.37,2242371
2017-07-21,38.42,38.82,38.25,2417464
2017-07-24,38.37,38.53,38.07,1547737
2017-07-25,38.98,39.13,38.5,2120068
2017-07-26,38.98,39.62,38.98,2744040
2017-07-27,39.77,39.79,38.11,3137386
2017-07-28,40.36,40.57,39.4,2625793
2017-07-31,40.67,40.93,40.3,2584888
2017-08-01,40.36,40.68,39.92,2771153
2017-08-02,41.15,41.2,40.21,2943678
2017-08-03,41.19,41.45,40.86,2397558
2017-08-04,41.73,41.76,41.21,1691879
2017-08-08,41.65,41.8,41.21,2905902
2017-08-09,41.61,41.91,41.38,2315785
2017-08-10,41.26,41.69,41.01,3645093
2017-08-11,41.11,41.29,40.94,3088447
2017-08-14,40.84,41.55,40.77,1701802
2017-08-15,40.72,40.87,40.51,1659480
2017-08-16,39.94,40.89,39.89,1899348
2017-08-17,39.58,39.98,39.55,1526569
2017-08-18,39.53,39.64,39.29,1409714
2017-08-21,38.88,39.42,38.83,1611896
2017-08-22,39.04,39.1,38.9,1529396
2017-08-23,39.31,39.52,38.76,3159918
2017-08-24,39.21,39.29,38.87,1860153
2017-08-25,39.18,39.42,39.11,1366645
2017-08-28,38.96,39.3,38.81,1244765
2017-08-29,39.5,39.59,38.34,2809893
2017-08-30,39.35,39.63,39.09,2367048
2017-08-31,39.13,39.23,38.79,2789359
2017-09-01,39.51,39.65,38.88,2106250
2017-09-05,39.42,39.78,38.89,2312782
2017-09-06,39.79,39.92,39.22,2395754
2017-09-07,39.87,39.92,39.5,1339099
2017-09-08,39.72,39.92,39.55,1628369
2017-09-11,40.08,40.14,39.61,2427785
2017-09-12,40.64,40.78,40.02,2091770
2017-09-13,40.95,41.12,40.65,1716199
2017-09-14,41.63,41.63,41.09,3375628
2017-09-15,41.55,41.67,41.2,14683881
2017-09-18,41.77,41.91,41.27,2753251
2017-09-19,41.66,41.94,41.59,2415277
2017-09-20,42.13,42.14,41.72,2636784
2017-09-21,42.22,42.3,41.95,2975643
2017-09-22,42.09,42.28,41.84,1788743
2017-09-25,42.9,42.97,42.13,3054957
2017-09-26,42.66,42.89,42.45,2148458
2017-09-27,43.35,43.36,42.65,2678181
2017-09-28,43.31,43.53,43.02,2333637
2017-09-29,43.73,43.88,43.31,3240390
2017-10-02,43.38,43.57,43.09,2039773
2017-10-03,43.49,43.68,43.26,2638892
2017-10-04,43.68,43.74,43.43,2929596
2017-10-05,44.02,44.19,43.65,1908468
2017-10-06,43.5,43.81,43.38,1519048
2017-10-10,43.24,43.73,43.22,2341606
2017-10-11,42.99,43.44,42.98,2279836
2017-10-12,42.06,42.88,42.04,3067377
2017-10-13,42.12,42.38,41.98,2465044
2017-10-16,42.1,42.87,42.04,2417174
2017-10-17,42.26,42.36,42.11,3348392
2017-10-18,42.08,42.38,41.99,1695701
2017-10-19,41.95,42.2,41.92,2018227
2017-10-20,42.06,42.36,42.03,2130637
2017-10-23,41.99,42.24,41.96,1629851
2017-10-24,42,42.19,41.88,3318213
2017-10-25,42.15,42.26,41.88,3117408
2017-10-26,43.1,43.38,42.63,7402162
2017-10-27,43.3,43.38,43.06,3227408
2017-10-30,43.4,43.59,43.26,2403373
2017-10-31,43.8,44,43.42,2956164
2017-11-01,44.26,44.49,43.9,2513428
2017-11-02,44.62,44.64,44.22,3591464
2017-11-03,44.99,45.38,44.44,2434029
2017-11-06,45.36,45.45,44.97,2700974
2017-11-07,46.08,46.11,45.35,2533625
2017-11-08,45.94,46.21,45.8,2395687
2017-11-09,45.82,45.93,45.47,1656752
2017-11-10,46.19,46.24,45.65,1656448
2017-11-13,46.22,46.66,45.76,1567294
2017-11-14,45.56,46.09,45.5,2138648
2017-11-15,45.4,45.77,44.84,2414085
2017-11-16,45.02,45.21,44.3,2471057
2017-11-17,45.21,45.44,44.99,2313114
2017-11-20,44.68,45.16,44.57,1820254
2017-11-21,44.99,45.07,44.53,1619570
2017-11-22,44.97,45.29,44.76,2063098
2017-11-23,44.82,45.13,44.79,547615
2017-11-24,44.99,45.19,44.85,983761
2017-11-27,44.43,44.89,44.37,2219197
2017-11-28,44.45,44.9,44.43,1849085
2017-11-29,44.38,44.88,44.17,1981381
2017-11-30,44.75,45.01,44.12,4472289
2017-12-01,44.55,45.07,44.51,2765408
2017-12-04,43.76,44.63,43.64,2091814
2017-12-05,43.93,43.98,43.51,1459847
2017-12-06,43.55,44.19,43.45,1967209
2017-12-07,44.11,44.29,43.57,2121830
2017-12-08,44.25,44.49,44.11,1459011
2017-12-11,44.69,45.08,44.16,1745151
2017-12-12,44.86,45.11,44.57,3890128
2017-12-13,44,44.97,43.98,2493698
2017-12-14,43.59,44.15,43.54,2625264
2017-12-15,43.66,44.15,43.57,9061972
2017-12-18,44.24,44.5,43.74,3320437
2017-12-19,44.27,44.57,44.19,1978017
2017-12-20,44.52,44.58,43.89,1753501
2017-12-21,44.54,44.67,44.23,1781931
2017-12-22,44.7,44.92,44.38,1655291
2017-12-27,45.82,45.95,44.8,2253086
2017-12-28,46.14,46.14,45.78,1424195
2017-12-29,46.15,46.27,45.93,1733139
2018-01-02,46.83,46.88,45.68,2497357
2018-01-03,47.26,47.46,46.74,2615433
2018-01-04,47.64,47.69,46.67,2566643
2018-01-05,46.93,47.53,46.85,2217150
2018-01-08,46.85,47.11,46.7,1568685
2018-01-09,47,47.36,46.87,2465934
2018-01-10,47,47.16,46.84,3190681
2018-01-11,47.11,47.45,46.82,2570801
2018-01-12,47.35,47.45,47,1877202
2018-01-15,47.28,47.49,46.85,956375
2018-01-16,47.06,47.54,46.78,2424979
2018-01-17,47.34,47.48,46.9,2392141
2018-01-18,47.03,47.53,46.95,2434961
2018-01-19,46.22,47.02,46.03,3449478
2018-01-22,46.39,46.58,46.15,2594140
2018-01-23,46.76,47.08,46.32,3116039
2018-01-24,45.95,46.86,45.93,4884629
2018-01-25,45.78,46.36,45.64,2478267
2018-01-26,46.2,46.2,45.73,1573313
2018-01-29,45.53,46.25,45.52,3123875
2018-01-30,44.35,45.43,44.33,2743633
2018-01-31,44.56,44.87,44.25,2229138
2018-02-01,44.62,44.85,44.01,2723989
2018-02-02,43.81,44.47,43.75,2726557
2018-02-05,42.47,43.99,42.26,4660609
2018-02-06,42.78,42.97,41.19,5383751
2018-02-07,42.45,43.1,42.45,3478482
2018-02-08,41.44,43.93,41.33,4752347
2018-02-09,42.38,42.69,40.82,4798507
2018-02-12,42.06,43.24,41.94,5266219
2018-02-13,42.2,42.42,41.53,3734430
2018-02-14,42.52,42.77,41.57,4583958
2018-02-15,42.41,42.8,42.1,3474377
2018-02-16,43.36,43.48,42.36,3388254
2018-02-20,43.84,44.31,43.57,2751843
2018-02-21,42.87,44.05,42.87,2639465
2018-02-22,43.18,43.99,42.81,2741906
2018-02-23,43.6,43.64,43.19,1656675
2018-02-26,44.09,44.26,43.49,3083290
2018-02-27,43.63,44.41,43.55,2025931
2018-02-28,42.24,44,42.23,4738939
2018-03-01,42.09,42.33,41.58,3663414
2018-03-02,40.85,41.5,40.49,4623846
2018-03-05,41.5,41.64,40.65,3174371
2018-03-06,41.4,41.89,41.31,2491524
2018-03-07,41.59,42.11,41.23,2248188
2018-03-08,41.83,42.06,41.64,2175016
2018-03-09,41.74,42.14,41.6,3580561
2018-03-12,41.74,41.88,41.38,2462472
2018-03-13,42.29,42.33,41.79,2003920
2018-03-14,42.16,42.52,41.63,2561382
2018-03-15,42.25,42.46,42.04,2797760
2018-03-16,42.91,43.1,42.22,10279138
2018-03-19,42.05,42.83,42,2242918
2018-03-20,43.07,43.14,42.3,2618469
2018-03-21,43.6,43.95,42.92,3177327
2018-03-22,42.87,43.48,42.8,2262028
2018-03-23,42.9,43.3,42.8,3849008
2018-03-26,44.09,44.16,42.94,4354394
2018-03-27,44.41,44.72,43.98,4081597
2018-03-28,43.84,44.86,43.84,3176621
2018-03-29,44.49,44.58,43.88,3665077
2018-04-02,43.62,44.52,43.31,3013874
2018-04-03,44.08,44.14,43.26,2234338
2018-04-04,44.07,44.13,43.35,2513923
2018-04-05,46.14,46.73,44.23,4377102
2018-04-06,46.11,46.41,45.57,5717936
2018-04-09,46.04,46.55,45.86,4534052
2018-04-10,46.33,46.71,46.26,4783908
2018-04-11,47.29,47.5,46.28,4292278
2018-04-12,47.19,47.66,47.1,2612333
2018-04-13,47.72,47.94,47.15,2840077
2018-04-16,47.16,47.83,47.06,2822353
2018-04-17,47.53,47.72,47.1,1770979
2018-04-18,48.61,48.88,47.83,4157827
2018-04-19,48.57,49,48.44,2791415
2018-04-20,48.8,48.91,48.39,2527758
2018-04-23,48.89,49.07,48.6,2061174
2018-04-24,48.76,49.24,48.41,2471095
2018-04-25,49.2,49.34,48.64,2405010
2018-04-26,49.73,49.86,49.38,4332236
2018-04-27,48.91,49.89,48.87,1664475
2018-04-30,49.1,49.5,48.61,2890857
2018-05-01,48.84,49.22,48.62,1519567
2018-05-02,48.9,49.57,48.6,3419763
2018-05-03,48.96,49.14,48.45,2736794
2018-05-04,49.39,49.52,48.66,3307307
2018-05-07,49.55,50.09,49.48,3818489
2018-05-08,49.79,49.92,48.48,5172970
2018-05-09,50.18,50.34,49.71,3511862
2018-05-10,50.37,50.53,49.86,3429601
2018-05-11,50.92,51.4,50.4,2948186
2018-05-14,52.7,52.81,51.2,4251917
2018-05-15,52.51,52.89,52.18,3005359
2018-05-16,52.44,52.61,51.91,2502012
2018-05-17,53.05,53.43,52.4,3382485
2018-05-18,52.76,53.19,52.62,2559265
2018-05-22,52.6,53.39,52.43,2504248
2018-05-23,52.21,52.74,51.85,2674989
2018-05-24,52.11,52.41,51.67,3385499
2018-05-25,50.76,51.45,50.49,2907820
2018-05-28,50.17,50.51,49.44,2413630
2018-05-29,50.72,51.03,49.76,3068446
2018-05-30,51.72,51.84,51.02,2908552
2018-05-31,51.64,52.1,50.78,5012910
2018-06-01,52.48,52.57,51.23,3410739
2018-06-04,51.63,53.05,51.46,3033419
2018-06-05,50.81,51.69,50.46,3677588
2018-06-06,51.07,51.23,50.67,2373961
2018-06-07,52.52,52.59,51.3,2147661
2018-06-08,52.73,53.12,52.28,2310475
2018-06-11,53.87,54.14,52.64,3779900
2018-06-12,52.31,53.81,52.28,3204314
2018-06-13,51.86,52.62,51.82,2472264
2018-06-14,52.14,52.38,51.89,1919157
2018-06-15,51.68,52.14,51.55,8000321
2018-06-18,52.44,52.78,51.56,2493364
2018-06-19,52.49,52.65,51.77,2411807
2018-06-20,53.1,53.27,52.61,2446703
2018-06-21,52.19,52.99,52.14,2188050
2018-06-22,53.35,54.12,53.02,3295833
2018-06-25,51.44,52.75,50.89,6268058
2018-06-26,53.15,53.51,51.51,5013581
2018-06-27,53.33,54.39,53.2,4031292
2018-06-28,52.93,53.39,52.66,2244439
2018-06-29,53.5,54.16,53.12,3283066
2018-07-03,53.3,54.5,52.9,2489163
2018-07-04,54.06,54.2,53.16,719123
2018-07-05,53.8,54.15,53.54,2549421
2018-07-06,53.94,54.01,53.3,2124713
2018-07-09,54.01,54.25,53.61,2165411
2018-07-10,54.68,55.17,54.14,2902431
2018-07-11,54.16,54.53,53.84,3165143
2018-07-12,54.52,54.73,53.97,2794447
2018-07-13,55.2,55.35,54.39,2703609
2018-07-16,54.17,54.93,53.75,2533630
2018-07-17,54,54.25,53.83,2167053
2018-07-18,53.66,54.13,53.46,2959349
2018-07-19,54.11,54.3,53.39,3150650
2018-07-20,54,54.25,53.68,2830825
2018-07-23,53.88,54.53,53.64,2840899
2018-07-24,53.53,54.83,53.43,2663566
2018-07-25,53.11,53.48,52.81,2381370
2018-07-26,54.34,54.49,52.64,3293431
2018-07-27,54.81,54.95,54.02,2787050
2018-07-30,55.09,55.27,54.78,1617665
2018-07-31,54.78,55.47,54.49,3417832
2018-08-01,54.29,54.52,53.85,1976988
2018-08-02,53.63,54.05,53.2,2448904
2018-08-03,53.72,53.79,53.29,1604192
2018-08-07,53.38,54.84,53.31,3430423
2018-08-08,53.61,53.79,52.94,1714238
2018-08-09,53.7,54.03,53.49,1919008
2018-08-10,53.4,53.57,53.1,2014483
2018-08-13,53.16,53.76,53.1,1682389
2018-08-14,53.84,53.95,53.32,1880240
2018-08-15,51.56,53.53,51.49,3051848
2018-08-16,52.27,52.62,51.95,2070702
2018-08-17,52.69,52.87,52.16,1764776
2018-08-20,53.1,53.17,52.61,1657509
2018-08-21,52.51,53.85,52.44,2376927
2018-08-22,53.3,53.93,52.74,2808843
2018-08-23,53.64,53.75,53.06,1944856
2018-08-24,53.8,54.22,53.62,1529748
2018-08-27,54.16,54.37,53.94,1276433
2018-08-28,53.62,54.43,53.6,1445635
2018-08-29,53.97,54.34,53.7,1529500
2018-08-30,54.28,54.51,53.37,2283623
2018-08-31,53.72,54.3,53.53,3811223
2018-09-04,52.73,54.02,52.73,2426847
2018-09-05,52.73,52.92,51.7,2426696
2018-09-06,51.66,52.83,51.53,2042527
2018-09-07,51.43,51.55,50.8,3432415
2018-09-10,50.7,51.97,50.65,2455574
2018-09-11,50.63,50.78,49.66,3227957
2018-09-12,50.13,50.87,50.07,3019634
2018-09-13,49.91,50.46,49.82,2160548
2018-09-14,49.82,50.48,49.75,2545567
2018-09-17,49.77,50.26,49.65,2490745
2018-09-18,51.33,51.39,49.93,2795222
2018-09-19,50.59,51.43,50.59,2968402
2018-09-20,49.98,50.94,49.8,2203420
2018-09-21,50.48,50.88,50.17,6059892
2018-09-24,51.15,51.5,50.6,2065433
2018-09-25,50.19,51.86,50.19,3604552
2018-09-26,50.58,51.15,50.14,3287849
2018-09-27,51.27,52.06,50.81,2348986
2018-09-28,49.98,51.19,49.89,3187414
2018-10-01,50.93,50.95,50.08,3286245
2018-10-02,50.43,51,50.15,3377447
2018-10-03,51.1,51.4,50.17,2950078
2018-10-04,51.68,51.78,50.74,4488127
2018-10-05,50.68,51.71,50.56,2757540
2018-10-09,50.42,51.41,50.42,3117729
2018-10-10,48.8,50.64,48.66,4106659
2018-10-11,46.36,48.65,46.23,7130630
2018-10-12,47.75,47.98,46.87,5622924
2018-10-15,47.84,48.3,47.67,3366993
2018-10-16,47.66,48.01,47.3,3277903
2018-10-17,47.17,47.54,46.7,4747722
2018-10-18,46.4,47,46.1,4604695
2018-10-19,46.85,47.05,46.48,3263883
2018-10-22,46.45,47.2,46.26,3003316
2018-10-23,45.19,45.83,44.72,5162795
2018-10-24,43.44,45.35,43.41,6166812
2018-10-25,43.98,44.38,43.78,4443195
2018-10-26,44.36,44.61,43.32,4342110
2018-10-29,43.49,44.91,43.12,3626351
2018-10-30,43.5,43.94,43.16,4929650
2018-10-31,44.16,44.79,43.7,8879311
2018-11-01,44.06,44.98,43.36,4945926
2018-11-02,44.08,44.99,43.77,3750613
2018-11-05,44.63,44.79,44.27,5994371
2018-11-06,45.07,45.24,44.65,3013684
2018-11-07,46.1,46.28,45.62,4362891
2018-11-08,44.9,45.96,44.59,5762606
2018-11-09,44.41,44.87,43.88,3606373
2018-11-12,44.33,44.77,44.2,3858392
2018-11-13,43.09,44.47,42.98,3783579
2018-11-14,44.26,44.5,43.48,4100184
2018-11-15,44.17,44.5,43.86,3615760
2018-11-16,43.68,44.37,43.64,2854307
2018-11-19,43.18,43.65,42.69,3677021
2018-11-20,42.98,42.98,42.18,4708787
2018-11-21,44.5,44.93,43.14,5622387
2018-11-22,44.89,45.08,44.41,1157366
2018-11-23,43.05,44.46,42.54,3973240
2018-11-26,43.15,43.57,42.83,4698664
2018-11-27,43.29,43.6,43.08,4132606
2018-11-28,43.25,43.48,42.73,4103774
2018-11-29,43.55,43.98,43.25,2859217
2018-11-30,42.84,43.3,42.75,4121812
2018-12-03,42.93,44.05,42.16,4108547
2018-12-04,42.61,43.26,42.54,3730429
2018-12-05,44.02,44.09,42.8,2119631
2018-12-06,41.08,42.77,40.95,6471676
2018-12-07,41.88,43,41.6,6061086
2018-12-10,41.75,42.08,40.66,4829246
2018-12-11,40.84,42.77,40.81,3722483
2018-12-12,41.43,41.94,41.25,3089169
2018-12-13,40.96,41.65,40.67,3109684
2018-12-14,39.62,40.6,39.28,4184981
2018-12-17,39.09,39.75,38.92,2789244
2018-12-18,38.98,39.56,38.55,6244206
2018-12-19,38.41,39.6,38.1,5398782
2018-12-20,37.13,38.43,36.87,6055250
2018-12-21,36.33,37.34,36.12,22437763
2018-12-24,35.53,36.44,35.53,2085195
2018-12-27,37.57,37.57,36.62,4606558
2018-12-28,37.84,38.49,37.69,3843824
2018-12-31,38.13,38.34,37.8,2372366
2019-01-02,38.4,38.79,37.28,13822512
2019-01-03,38.07,38.45,37.8,3056603
2019-01-04,39.28,39.35,38.53,3300648
2019-01-07,39.52,39.84,38.64,5413090
2019-01-08,39.7,40.53,39.51,4041759
2019-01-09,40.56,40.7,39.76,3596218
2019-01-10,40.64,40.74,40.1,3132014
2019-01-11,40.35,40.64,40.21,2355652
2019-01-14,40.56,40.73,39.99,1977756
2019-01-15,41.35,41.51,40.65,2459759
2019-01-16,40.77,41.37,40.41,3378284
2019-01-17,41.55,41.57,40.31,2765571
2019-01-18,42.49,42.64,41.84,3338156
2019-01-21,43.28,43.28,42.22,2101450
2019-01-22,42.12,42.42,41.5,3589109
2019-01-23,41.51,42.52,41.23,2949683
2019-01-24,42.3,42.34,41.25,2531190
2019-01-25,42.35,42.78,42.19,2640617
2019-01-28,42.2,42.2,41.52,2266552
2019-01-29,42.5,42.83,42.28,3087242
2019-01-30,42.52,42.7,42.16,5791852
2019-01-31,42.38,42.63,42.21,3886006
2019-02-01,42.37,42.61,42.04,2845914
2019-02-04,43.38,43.41,42.2,3112836
2019-02-05,43.5,43.63,43.01,2250797
2019-02-06,43.76,44.1,42.37,3741268
2019-02-07,43.38,44.08,43.26,2583289
2019-02-08,42.81,43.28,42.35,7508299
2019-02-11,42.99,43.08,42.47,3465979
2019-02-12,43.08,43.48,42.75,4191820
2019-02-13,42.86,43.57,42.83,2123283
2019-02-14,43.24,43.58,42.75,4167144
2019-02-15,44.88,45.1,43.78,4612032
2019-02-19,45.49,45.53,44.68,4970343
2019-02-20,45.24,45.5,44.83,3358198
2019-02-21,45.01,45.3,45.01,7104617
2019-02-22,44.92,45.43,44.87,2781416
2019-02-25,44.79,45.18,44.76,2192743
2019-02-26,44.91,45.22,44.75,4474462
2019-02-27,45.5,45.57,44.8,4605357
2019-02-28,45.36,45.67,45.02,4694010
2019-03-01,45.47,45.7,45.2,5169617
2019-03-04,45.08,45.76,44.43,6152498
2019-03-05,45.43,45.57,45.08,4671043
2019-03-06,45.18,45.43,45,4711055
2019-03-07,44.86,45.3,44.74,2976074
2019-03-08,43.7,44.21,43.44,9710391
2019-03-11,44.21,44.53,43.89,6364295
2019-03-12,44.35,44.53,44.16,4763604
2019-03-13,44.68,44.92,44.51,2472535
2019-03-14,44.81,45.29,44.73,5258945
2019-03-15,45.02,45.23,44.82,13937146
2019-03-18,45.66,45.79,45,3268683
2019-03-19,45.74,46.3,45.63,2992419
2019-03-20,46.09,46.26,45.51,3601757
2019-03-21,46.23,46.5,45.85,4673324
2019-03-22,45.19,46.07,44.68,3995417
2019-03-25,44.17,45.17,44.17,2518965
2019-03-26,44.56,44.85,44.09,3187991
2019-03-27,43.48,44.6,43.33,5488252
2019-03-28,43.61,43.93,43.44,3256365
2019-03-29,43.31,44.17,43.18,3221033
2019-04-01,43.85,44.06,43.59,2873273
2019-04-02,43.97,44.5,43.84,2390559
2019-04-03,43.52,44.15,43.33,3129295
2019-04-04,43.72,43.78,43.11,2605188
2019-04-05,44.5,44.58,43.86,2156833
2019-04-08,44.77,45.28,44.41,6508312
2019-04-09,44.15,44.56,43.96,2294720
2019-04-10,44.02,44.51,44.02,3290360
2019-04-11,43.88,44.35,43.87,4688472
2019-04-12,44.22,44.53,43.98,2681047
2019-04-15,44.11,44.51,44.01,2553911
2019-04-16,43.94,44.25,43.64,3069499
2019-04-17,44.32,44.58,43.88,3954125
2019-04-18,44.48,44.75,44.31,2631593
2019-04-22,45.35,45.38,44.65,2331897
2019-04-23,45.93,46,45.34,3567915
2019-04-24,44.34,45.84,44.34,4621401
2019-04-25,44.71,45.02,44.06,2114894
2019-04-26,44.36,44.45,43.61,3084938
2019-04-29,44.48,44.7,43.95,1954805
2019-04-30,44.18,44.79,43.94,2375361
2019-05-01,43.75,44.38,43.69,3431583
2019-05-02,42.61,44.18,42.6,5652854
2019-05-03,43.47,43.64,42.79,3350851
2019-05-06,43.11,43.19,42.61,2577892
2019-05-07,42.95,43.04,42.3,4039639
2019-05-08,43.88,44.19,42.74,3648678
2019-05-09,43.57,43.87,42.8,4090352
2019-05-10,42.76,43.31,42.57,4027311
2019-05-13,42.33,42.82,42.21,3558855
2019-05-14,42.98,43.19,42.46,3679475
2019-05-15,43.15,43.29,42.55,2796687
2019-05-16,43.76,43.93,43.35,3923997
2019-05-17,43.33,43.88,43.2,1655154
2019-05-21,44,44.01,43.3,5044247
2019-05-22,42.88,43.9,42.88,2850875
2019-05-23,41.37,42.31,40.78,4539644
2019-05-24,41.81,42.01,41.34,2579084
2019-05-27,42.8,42.8,41.62,1114717
2019-05-28,42.25,42.93,42.19,6168839
2019-05-29,42.28,42.5,41.34,3785760
2019-05-30,41.92,42.36,41.7,1726779
2019-05-31,41.65,41.89,41.04,4213794
2019-06-03,40.69,41.56,40.53,3203365
2019-06-04,40.52,40.94,40.27,5467634
2019-06-05,40.24,40.83,40.12,3118672
2019-06-06,40.62,40.72,40.03,3189388
2019-06-07,40.52,40.93,40.39,2720041
2019-06-10,40.3,40.6,40.21,2600312
2019-06-11,40.66,41,40.41,2120897
2019-06-12,41.01,41.05,40.07,2823677
2019-06-13,41.31,41.43,41.1,2918991
2019-06-14,41.59,41.8,41.09,2096720
2019-06-17,41.7,42.05,41.41,2793619
2019-06-18,41.69,42.15,41.53,4070073
2019-06-19,41.69,41.96,41.39,2373589
2019-06-20,41.98,42.27,41.83,2816018
2019-06-21,41.75,42.21,41.49,11277577
2019-06-24,42.03,42.17,41.45,4815260
2019-06-25,41.51,42.12,41.51,3419696
2019-06-26,41.43,41.96,41.42,4446391
2019-06-27,40.73,41.4,40.6,2796368
2019-06-28,40.85,41.08,40.55,3765710
2019-07-02,40.85,41.33,40.59,2450069
2019-07-03,41.3,41.36,40.52,2262573
2019-07-04,41.62,41.7,41.21,874573
2019-07-05,41.1,41.65,41,1321143
2019-07-08,41.08,41.22,40.87,2327533
2019-07-09,42.15,42.15,40.99,2469554
2019-07-10,42.4,42.77,42.06,2310675
2019-07-11,42.38,42.64,42.22,2315793
2019-07-12,42.08,42.39,42.06,1957785
2019-07-15,42,42.42,41.94,1106121
2019-07-16,41.27,41.92,41,2148085
2019-07-17,40.98,41.37,40.83,2925479
2019-07-18,40.65,40.92,40.55,3088989
2019-07-19,40.69,40.93,40.57,2008601
2019-07-22,40.84,40.9,40.63,1763713
2019-07-23,40.74,41.2,40.73,2037722
2019-07-24,40.1,40.73,40.06,1857558
2019-07-25,39.03,40.79,38.66,5657871
2019-07-26,39.01,39.57,38.86,2381155
2019-07-29,38.29,39.24,38.18,4315274
2019-07-30,38.29,38.61,37.64,2949778
2019-07-31,37.87,38.41,37.54,5776535
2019-08-01,37.98,38.24,37.51,5319359
2019-08-02,37.59,38.17,37.27,4957737
2019-08-06,37.01,37.13,36.32,6940272
2019-08-07,37.41,37.59,36.38,3709852
2019-08-08,37.88,38.44,37.56,5202781
2019-08-09,37.86,38.23,37.67,3514575
2019-08-12,37.9,37.98,37.52,1875875
2019-08-13,37.94,38,37.55,4374749
2019-08-14,37.15,37.49,37.01,3954743
2019-08-15,36.77,37.19,36.61,2857400
2019-08-16,37.3,37.49,36.7,1678700
2019-08-19,38.08,38.11,37.54,1599653
2019-08-20,37.46,37.96,37.42,3334616
2019-08-21,37.83,37.91,37.56,3180096
2019-08-22,37.76,38.03,37.71,2792231
2019-08-23,37.04,37.76,36.91,2173346
2019-08-26,37.28,37.63,37.14,2656618
2019-08-27,37.26,37.6,37.04,2364556
2019-08-28,37.9,38.1,37.44,5030753
2019-08-29,38.78,38.96,38.18,3172377
2019-08-30,38.94,39.14,38.59,4924786
2019-09-03,38.33,38.37,37.56,4244831
2019-09-04,38.37,39.14,38.34,6740230
2019-09-05,39.1,39.39,38.53,13062223
2019-09-06,39.13,39.25,38.6,3948987
2019-09-09,39.35,39.81,39.29,2834426
2019-09-10,40.2,40.47,39.54,10341466
2019-09-11,40.33,40.69,39.99,2865464
2019-09-12,40.56,40.71,39.71,5148450
2019-09-13,40.35,41.07,40.22,4591205
2019-09-16,42.99,43.34,41.55,6673212
2019-09-17,42.57,43.01,42.16,4757516
2019-09-18,42.35,42.5,42.05,3966746
2019-09-19,42.25,42.72,42.25,2524296
2019-09-20,42.11,42.75,41.97,7030971
2019-09-23,42.09,42.34,42,1833083
2019-09-24,42.22,42.27,41.81,2598394
2019-09-25,42.01,42.19,41.88,1954844
2019-09-26,41.94,42.13,41.84,4577621
2019-09-27,41.92,42.07,41.76,2906539
2019-09-30,41.79,42.11,41.58,2610976
2019-10-01,40.58,42.11,40.43,2964097
2019-10-02,39.89,40.35,39.76,3117318
2019-10-03,39.81,39.87,39.4,3121587
2019-10-04,39.89,40.03,39.77,2064832
2019-10-07,39.91,40.13,39.84,3038366
2019-10-08,38.75,39.7,38.75,3832789
2019-10-09,38.92,39.16,38.67,2492257
2019-10-10,39.2,39.42,38.91,1371054
2019-10-11,39.36,39.69,39.24,2362197
2019-10-15,39.28,39.71,39.22,3083344
2019-10-16,39.5,39.52,38.98,2646025
2019-10-17,39.76,39.99,39.38,2097488
2019-10-18,39.58,40.15,39.53,2306576
2019-10-21,40.07,40.12,39.5,1809121
2019-10-22,40.13,40.58,40.06,2084402
2019-10-23,39.8,40.22,39.6,2165687
2019-10-24,39.65,40.02,39.46,1409630
2019-10-25,39.78,39.9,39.46,2068365
2019-10-28,39.73,40.36,39.73,1522724
2019-10-29,39.63,39.85,39.16,2310587
2019-10-30,39.71,40.19,39.37,2457214
2019-10-31,39.16,39.6,38.05,4645180
2019-11-01,40.63,40.66,39.16,4531227
2019-11-04,41.3,41.46,40.88,7120232
2019-11-05,41.58,41.79,41.34,3724071
2019-11-06,41.12,41.84,40.88,4516237
2019-11-07,42.46,42.5,41.33,3921836
2019-11-08,42.66,42.75,42.16,3158606
2019-11-11,42.52,42.65,42.3,1204332
2019-11-12,42.2,42.83,42.13,4622814
2019-11-13,42.24,42.51,41.85,2392787
2019-11-14,42.48,42.78,42.29,1844134
2019-11-15,42.96,42.99,42.49,3032739
2019-11-18,42.05,42.96,41.93,3452436
2019-11-19,41.73,42.06,41.39,4908446
2019-11-20,41.72,41.96,41.26,5810479
2019-11-21,42.1,42.21,41.67,2461832
2019-11-22,41.76,42.22,41.66,2029513
2019-11-25,42.21,42.23,41.54,5309979
2019-11-26,41.82,42.21,41.64,7593402
2019-11-27,41.84,41.97,41.44,2364431
2019-11-28,42.06,42.16,41.73,608469
2019-11-29,41.43,41.98,41.43,3842868
2019-12-02,41.37,41.63,41.08,5489892
2019-12-03,40.71,41.29,40.71,7283733
2019-12-04,41.33,41.72,40.9,3803109
2019-12-05,40.82,41.49,40.77,5860646
2019-12-06,42.35,42.43,41.11,4438198
2019-12-09,42,42.48,41.98,2979415
2019-12-10,42.1,42.31,41.71,2708729
2019-12-11,41.78,42.3,41.61,1999181
2019-12-12,42.05,42.54,41.64,5336759
2019-12-13,41.9,42.31,41.81,5890294
2019-12-16,42.26,42.37,41.71,3870721
2019-12-17,42.49,42.77,42.31,2804372
2019-12-18,42.3,42.61,42.14,4294146
2019-12-19,42.8,42.93,42.13,2779199
2019-12-20,42.41,43.16,42.35,11192693
2019-12-23,42.72,42.78,42.29,3026554
2019-12-24,42.61,42.9,42.48,672900
2019-12-27,42.69,43.1,42.64,1394140
2019-12-30,42.66,42.96,42.54,1364585
2019-12-31,42.56,42.7,42.3,1451307
2020-01-02,42.56,43.08,42.28,1710541
2020-01-03,42.63,43.57,42.54,2807567
2020-01-06,43.98,43.98,42.77,3494282
2020-01-07,44.34,44.36,43.64,4178837
2020-01-08,44.19,44.55,43.83,4119226
2020-01-09,44.5,44.53,43.55,3195157
2020-01-10,44.79,45.03,44.15,3203053
2020-01-13,44.4,44.68,44.06,2898013
2020-01-14,45.05,45.08,44.18,4208855
2020-01-15,44.7,45.12,44.31,3347559
2020-01-16,44.31,45.08,44.25,2098889
2020-01-17,43.9,44.46,43.67,2801680
2020-01-20,43.96,44.07,43.7,744879
2020-01-21,43.62,43.72,43.4,4003153
2020-01-22,43.46,43.64,43.1,2145051
2020-01-23,43,43.25,42.41,3553445
2020-01-24,42.48,42.97,42.07,3424393
2020-01-27,41.47,41.84,41.39,4309838
2020-01-28,41.55,41.89,41.4,2724228
2020-01-29,41.51,42.13,41.51,3829690
2020-01-30,41.61,41.68,40.99,2339289
2020-01-31,40.45,41.35,40.23,4170648
2020-02-03,40.03,40.65,39.87,3755414
2020-02-04,39.87,40.83,39.84,3577980
2020-02-05,41,41.06,40.38,4286468
2020-02-06,39.49,40.6,39.12,6589928
2020-02-07,38.67,39.23,38.5,7103178
2020-02-10,39.1,39.12,38.23,5379136
2020-02-11,39.11,39.41,39,4920185
2020-02-12,39.16,39.6,38.82,3507629
2020-02-13,39.12,39.16,38.86,10274538
2020-02-14,39.45,39.48,39.11,4264075
2020-02-18,39.76,39.94,39.3,5941951
2020-02-19,40.32,40.41,39.82,9831540
2020-02-20,40.46,40.81,40.17,7505741
2020-02-21,40.18,40.39,39.83,6036179
2020-02-24,39.04,39.3,38.86,6259464
2020-02-25,38.68,39.17,38.35,5926421
2020-02-26,37.88,39.08,37.84,6407634
2020-02-27,37.45,37.7,36.45,2808360
2020-02-28,36.99,37.13,35.77,14608314
2020-03-02,36.8,37.4,36.04,17289952
2020-03-03,35.22,36.95,35.21,16663215
2020-03-04,35.72,35.93,35.3,7562349
2020-03-05,34.79,35.54,34.5,8238488
2020-03-06,33.52,34.48,32.93,14360169
2020-03-09,27.56,30.19,24.6,16842673
2020-03-10,27.74,29.46,26.39,15280480
2020-03-11,25.9,27.23,24.73,13853735
2020-03-12,20.55,24.36,20.34,17858090
2020-03-13,22.45,22.89,20.57,21509767
2020-03-16,19,20.51,18.42,13242038
2020-03-17,17.9,19.24,16.37,19433562
2020-03-18,15.07,17.53,14.02,14992195
2020-03-19,15.63,16.17,14.9,16173961
2020-03-20,16.07,16.98,15.66,19766952
2020-03-23,15.41,16.49,14.84,13691217
2020-03-24,17.42,17.45,15.8,13223677
2020-03-25,19.11,19.75,17.06,11183760
2020-03-26,17.97,19.94,17.72,12479471
2020-03-27,16.43,17.45,16.35,9270669
2020-03-30,18.97,19.28,16.06,15599565
2020-03-31,22.46,22.78,19.71,24914804
2020-04-01,22.19,23.54,21.08,14753041
2020-04-02,23.95,27.1,22.36,21868473
2020-04-03,22.98,25.34,22,10889794
2020-04-06,23.94,24.13,22.28,6666682
2020-04-07,23.03,25.33,23,8641572
2020-04-08,23.42,23.93,22.83,6779954
2020-04-09,22.75,24.49,22.12,9725784
2020-04-13,22.68,23.68,22.52,5912800
2020-04-14,22.62,23.28,22.25,5176899
2020-04-15,21.39,22.08,21,5596855
2020-04-16,20.16,21.46,20.15,6917832
2020-04-17,21.37,21.58,20.15,7337755
2020-04-20,20.88,21.83,19.7,8039785
2020-04-21,20.64,20.97,19.91,7187946
2020-04-22,22.04,22.08,21.18,5277000
2020-04-23,22.04,23,22.03,6841373
2020-04-24,21.95,22.59,21.83,4107579
2020-04-27,22.19,22.35,21.21,4182558
2020-04-28,23.34,23.45,22.18,5521335
2020-04-29,26.47,26.58,24.12,8280877
2020-04-30,24.82,26.58,24.63,11425584
2020-05-01,24.14,24.72,23.55,4754953
2020-05-04,23.73,24.4,23.08,7453251
2020-05-05,23.28,25.09,23.26,10462352
2020-05-06,22.5,23.95,22.5,13224843
2020-05-07,23.17,23.34,22.7,9005588
2020-05-08,23.83,24.13,23.44,9544050
2020-05-11,23.79,24.15,23.36,8855498
2020-05-12,23.7,24.45,23.69,5067417
2020-05-13,22.32,23.74,22.19,5375591
2020-05-14,22.3,22.59,21.09,6473049
2020-05-15,22.86,23.18,22.08,5929195
2020-05-19,23.97,24.62,23.7,12702614
2020-05-20,25.5,25.65,24.37,13383443
2020-05-21,24.44,25.71,24.32,7202092
2020-05-22,23.89,24.32,23.66,10258582
2020-05-25,24.2,24.28,23.92,1246989
2020-05-26,24.33,24.84,24.21,11128066
2020-05-27,24.28,24.58,23.51,11493529
2020-05-28,24.02,24.45,23.75,15039311
2020-05-29,23.67,24,23.31,33890421
2020-06-01,23.85,24.04,23.14,5505168
2020-06-02,24.73,24.74,24.05,13692088
2020-06-03,25.38,25.6,24.97,34863477
2020-06-04,25.96,26.02,24.93,8176835
2020-06-05,28.57,28.62,27.33,15655622
2020-06-08,28.43,29.39,27.82,16842379
2020-06-09,27.61,28.02,27.21,15912667
2020-06-10,26.44,27.33,26.38,6230809
2020-06-11,24.22,26.03,24.02,9146091
2020-06-12,24.87,25.4,24.6,6873229
2020-06-15,24.68,24.91,23.72,4969901
2020-06-16,25.17,25.91,25.02,6393841
2020-06-17,24.03,25.22,24.01,6180024
2020-06-18,23.81,24.48,23.74,4278263
2020-06-19,23.2,24.46,23.07,23824890
2020-06-22,23.41,23.51,22.72,14148481
2020-06-23,23.84,23.99,23.45,5772553
2020-06-24,22.75,23.39,22.73,6752058
2020-06-25,22.8,23.34,22.38,7839445
2020-06-26,22.28,22.85,22.02,7082417
2020-06-29,23.16,23.35,22.14,10778472
2020-06-30,22.89,23.02,22.17,6352505
2020-07-02,22.74,23.46,22.71,5274139
2020-07-03,22.7,22.99,22.5,1377410
2020-07-06,22.91,23.56,22.9,4938445
2020-07-07,22.31,22.89,22.31,3235846
2020-07-08,21.92,22.66,21.84,3968747
2020-07-09,21.38,22.06,21.26,4463168
2020-07-10,21.95,21.95,21.27,3012552
2020-07-13,22.1,22.34,21.6,6229676
2020-07-14,23.1,23.15,22,4738358
2020-07-15,23.37,23.86,23.26,3537486
2020-07-16,23.19,23.59,22.85,4238155
2020-07-17,23,23.58,22.91,3309895
2020-07-20,22.64,23.24,22.51,3756541
2020-07-21,24.48,24.59,23,6803877
2020-07-22,23.97,24.2,23.52,4902179
2020-07-23,23.04,23.93,22.88,7704640
2020-07-24,22.42,23.26,22.4,5258040
2020-07-27,22.5,22.51,21.92,2658920
2020-07-28,21.57,22.36,21.52,6121503
2020-07-29,21.89,21.92,21.31,3789721
2020-07-30,21.79,21.83,21,5279685
2020-07-31,21.07,21.97,20.96,6517709
2020-08-04,21.45,21.75,21.26,7514349
2020-08-05,22.07,22.55,21.8,7518321
2020-08-06,21.85,22.26,21.85,6218201
2020-08-07,21.62,21.83,21.39,6121544
2020-08-10,22.6,22.6,21.73,12963268
2020-08-11,22.62,23.64,22.51,9838153
2020-08-12,23.09,23.27,22.68,7431340
2020-08-13,22.47,22.89,22.35,7479197
2020-08-14,22.57,22.57,22.14,5342883
2020-08-17,22.45,22.84,22.2,6425578
2020-08-18,22.12,22.62,22.04,5385672
2020-08-19,21.87,22.22,21.83,13504474
2020-08-20,21.45,21.68,21.39,7164757
2020-08-21,20.89,21.44,20.82,7392964
2020-08-24,21.96,21.96,21.12,8681849
2020-08-25,21.92,22.34,21.6,3199048
2020-08-26,21.42,21.93,21.29,3484162
2020-08-27,21.59,21.63,21.07,6953967
2020-08-28,21.76,21.98,21.45,12666729
2020-08-31,20.93,21.85,20.9,9933591
2020-09-01,21.14,21.35,20.53,12860339
2020-09-02,20.77,21.31,20.72,17090458
2020-09-03,20.67,20.97,20.47,8988889
2020-09-04,20.24,20.85,20.02,21481618
2020-09-08,18.52,19.86,18.44,31823304
2020-09-09,18.5,18.89,18.5,14583580
2020-09-10,18.13,18.73,18.08,11243549
2020-09-11,18.19,18.39,18.02,8787557
2020-09-14,17.82,18.37,17.81,15813175
2020-09-15,17.62,18.27,17.6,10250347
2020-09-16,17.96,18.24,17.65,9105855
2020-09-17,17.85,18.04,17.36,9999679
2020-09-18,17.64,17.94,17.49,18457994
2020-09-21,16.89,17.27,16.66,14758575
2020-09-22,16.92,17.4,16.75,9112653
2020-09-23,16.69,17.32,16.69,6298495
2020-09-24,17.05,17.26,16.36,6322976
2020-09-25,16.63,16.91,16.45,5987089
2020-09-28,17.26,17.52,16.96,6842998
2020-09-29,16.49,17.47,16.44,5965354
2020-09-30,16.26,16.68,16.24,6804511
2020-10-01,15.5,16.21,15.4,10931241
2020-10-02,15.95,15.99,14.81,10453517
2020-10-05,16.04,16.43,15.75,7387218
2020-10-06,15.94,16.54,15.89,7635703
2020-10-07,16.3,16.3,15.82,5149387
2020-10-08,17.07,17.14,16.41,6735548
2020-10-09,16.88,17.38,16.6,5240835
2020-10-13,16.49,17.07,16.33,6501281
2020-10-14,16.24,17.02,16.24,10060573
2020-10-15,16.05,16.14,15.75,6019116
2020-10-16,15.67,16.13,15.6,6340079
2020-10-19,15.56,15.98,15.54,6557875
2020-10-20,15.66,15.78,15.52,9573354
2020-10-21,15.11,15.6,15.06,6232364
2020-10-22,16.07,16.07,14.99,7168641
2020-10-23,16.49,16.61,15.97,8632454
2020-10-26,16.22,16.28,15.93,5287459
2020-10-27,15.83,16.46,15.8,6675183
2020-10-28,15,15.48,15,7598115
2020-10-29,15.09,15.11,14.28,9765473
2020-10-30,15.03,15.17,14.77,7431410
2020-11-02,15.55,15.68,14.93,6850369
2020-11-03,15.65,15.95,15.56,5304756
2020-11-04,15.62,16.11,15.21,16493931
2020-11-05,15.5,15.88,15.46,10403464
2020-11-06,15.28,15.76,15.23,8214579
2020-11-09,19.05,19.75,16.8,33087766
2020-11-10,19.07,19.25,18.18,11837175
2020-11-11,19.15,19.55,19,8756364
2020-11-12,17.96,18.95,17.79,11686070
2020-11-13,18.27,18.35,17.93,10243697
2020-11-16,19.63,19.63,18.85,14673953
2020-11-17,19.97,19.99,18.87,8572851
2020-11-18,20.11,20.74,20.06,12456884
2020-11-19,20.14,20.3,19.73,11165691
2020-11-20,20.17,20.28,19.83,8706287
2020-11-23,21.92,21.94,20.53,19790440
2020-11-24,22.99,23.48,22.66,13250432
2020-11-25,22.83,22.91,22.44,13092655
2020-11-26,22.64,22.89,22.59,10245388
2020-11-27,22.41,22.8,22.23,12358048
2020-11-30,20.77,22.29,20.77,26135564
2020-12-01,20.64,21.72,20.39,15098523
2020-12-02,20.96,21.28,20.29,7796423
2020-12-03,21.34,21.57,20.77,15355566
2020-12-04,22.97,22.99,21.78,27288326
2020-12-07,22.88,22.92,22.22,27320565
2020-12-08,23.37,23.39,22.52,14920060
2020-12-09,23.05,23.86,22.7,16518175
2020-12-10,23.93,24.08,23.03,9767281
2020-12-11,23.75,23.96,23.46,9637877
2020-12-14,23.08,24.4,23.08,16470168
2020-12-15,22.88,23.51,22.6,8723814
2020-12-16,22.31,22.95,22.28,9220675
2020-12-17,22.36,22.59,22.12,11162550
2020-12-18,22.13,22.74,22.05,16599374
2020-12-21,21.67,21.9,20.94,11925112
2020-12-22,21.22,21.81,21.1,7191344
2020-12-23,22.08,22.22,21.34,4956157
2020-12-24,21.89,22.16,21.65,2339635
2020-12-29,21.59,22.23,21.59,9454805
2020-12-30,21.76,22.18,21.55,5125153
2020-12-31,21.35,21.83,21.32,3836614
2021-01-04,21.39,21.89,21.12,4837393
2021-01-05,23.13,23.35,21.48,9446486
2021-01-06,23.54,24.04,23.18,10806705
2021-01-07,23.78,24.1,23.65,7019738
2021-01-08,23.49,24.07,23.23,5951358
2021-01-11,23.4,23.51,22.92,7165894
2021-01-12,23.97,24.01,23.4,8862064
2021-01-13,23.54,24.06,23.45,5506605
2021-01-14,24.54,24.82,23.42,14608942
2021-01-15,23.36,24.25,23.34,8708218
2021-01-18,22.83,23.17,22.8,3247188
2021-01-19,23.24,23.47,22.85,6817835
2021-01-20,23.04,23.48,22.9,7089282
2021-01-21,22.94,22.98,22.27,5880690
2021-01-22,22.53,22.62,22.2,5529661
2021-01-25,22.33,22.45,21.96,7678368
2021-01-26,21.81,22.78,21.81,10129629
2021-01-27,21.92,22.43,21.3,8129808
2021-01-28,21.98,22.61,21.73,5629572
2021-01-29,21.39,22.21,21.31,6684776
2021-02-01,21.56,21.74,21.07,8865667
2021-02-02,21.55,22.32,21.53,9895024
2021-02-03,22.24,22.31,21.57,22192604
2021-02-04,21.97,22.86,21.07,21054016
2021-02-05,22.06,22.46,21.94,8909999
2021-02-08,22.48,22.56,22.08,16511554
2021-02-09,22.63,22.86,22,9858489
2021-02-10,23.04,23.19,22.73,8538244
2021-02-11,22.63,23.03,22.55,8459900
2021-02-12,22.89,22.9,22.36,7822998
2021-02-16,23.86,23.9,23.15,11500489
2021-02-17,24.18,24.25,23.44,8748328
2021-02-18,23.78,24.31,23.51,12134279
2021-02-19,23.94,24.09,23.51,9558593
2021-02-22,25.9,26.27,24.08,24729241
2021-02-23,26.34,26.61,25.09,15287350
2021-02-24,26.92,27.42,26.17,21063561
2021-02-25,26.06,27.2,26.02,17054727
2021-02-26,25.27,25.69,24.75,24606729
2021-03-01,25.59,26.21,25.36,22610181
2021-03-02,26.11,26.32,25.56,26630882
2021-03-03,26.25,26.72,26.19,16996295
2021-03-04,26.89,27.6,26.29,17280334
2021-03-05,27.82,28.33,27.58,17130831
2021-03-08,27.86,28.27,27.47,20162676
2021-03-09,27.63,28.07,27.3,31401993
2021-03-10,28.41,28.53,27.6,10241497
2021-03-11,28.83,29.2,28.44,8888826
2021-03-12,29.32,29.49,28.83,12673113
2021-03-15,29.02,29.55,28.86,12543124
2021-03-16,28.34,28.82,28.13,8481292
2021-03-17,28.83,28.95,28.23,6369695
2021-03-18,27.18,28.76,27,8974029
2021-03-19,27.65,27.72,26.77,19455699
2021-03-22,27.03,27.63,26.9,12701304
2021-03-23,25.65,26.48,25.57,14845342
2021-03-24,26.56,26.98,26.17,8073236
2021-03-25,26.55,26.57,25.51,13204739
2021-03-26,26.78,27.16,26.38,5611737
2021-03-29,26.51,26.73,26.21,9068945
2021-03-30,26.65,26.7,26.09,4976531
2021-03-31,26.27,26.67,26.25,5071032
2021-04-01,27.02,27.04,26,5512669
2021-04-05,26.47,26.91,26.16,7784471
2021-04-06,26.59,27.01,26.42,4469887
2021-04-07,26.51,26.78,26.42,3353228
2021-04-08,26.42,26.54,26.01,8636061
2021-04-09,26.13,26.57,26.12,3320109
2021-04-12,26.08,26.47,26.05,8381244
2021-04-13,25.81,26.21,25.81,4454020
2021-04-14,26.82,27.02,26.08,7074696
2021-04-15,26.44,26.9,26.42,5661104
2021-04-16,26.14,26.7,26.1,3802129
2021-04-19,26.17,26.33,25.94,3576141
2021-04-20,25.22,26.07,25.12,6283557
2021-04-21,25.45,25.58,24.81,3447914
2021-04-22,25.15,25.63,25.01,5297795
2021-04-23,25.37,25.49,24.99,7609009
2021-04-26,25.46,25.64,25.21,2585563
2021-04-27,25.85,25.97,25.52,4349736
2021-04-28,26.56,26.62,25.96,4613077
2021-04-29,26.66,27.45,26.47,5509393
2021-04-30,26.29,26.74,26.13,4129862
2021-05-03,26.93,26.98,26.39,4645772
2021-05-04,26.94,27.82,26.85,10807514
2021-05-05,27.92,28.05,27.13,13967945
2021-05-06,27.96,27.99,27.43,7074645
2021-05-07,28.66,28.69,27.6,7774732
2021-05-10,28.24,29.19,28.21,9831354
2021-05-11,27.67,28.05,27.36,15929182
2021-05-12,28.24,28.87,27.81,10169026
2021-05-13,27.47,28.24,27.35,7973813
2021-05-14,28.12,28.24,27.71,4490819
2021-05-17,29.07,29.07,27.96,7544751
2021-05-18,28.79,29.31,28.52,5322068
2021-05-19,27.7,28.42,27.51,6427060
2021-05-20,27.81,27.94,27.3,7967221
2021-05-21,27.91,28.3,27.85,4865339
2021-05-25,27.89,28.42,27.83,8895006
2021-05-26,27.98,28.1,27.83,14627894
2021-05-27,27.82,28.3,27.82,22019151
2021-05-28,27.9,28.16,27.76,8275898
2021-05-31,28.06,28.4,28.03,6969875
2021-06-01,29.55,29.63,28.45,14174023
2021-06-02,30.22,30.64,29.63,8777137
2021-06-03,30.27,30.53,29.93,12768913
2021-06-04,30.79,30.91,30.22,7551071
2021-06-07,30.69,31.07,30.47,15199474
2021-06-08,30.62,30.83,30.23,12796119
2021-06-09,30.32,30.8,30.32,7229571
2021-06-10,30.16,30.89,29.96,11191750
2021-06-11,30.37,30.55,30.22,4991687
2021-06-14,30.63,31.05,30.43,9747469
2021-06-15,31.27,31.38,30.85,5215944
2021-06-16,30.83,31.27,30.71,6426378
2021-06-17,29.66,30.89,29.22,6593123
2021-06-18,29.1,29.76,28.79,12529783
2021-06-21,30.3,30.47,29.2,6911494
2021-06-22,30.4,30.59,29.91,7285461
2021-06-23,30.4,31.33,30.36,8272052
2021-06-24,30.67,30.73,30.32,4485304
2021-06-25,30.31,30.8,30.31,5850651
2021-06-28,29.36,30.21,29.3,5679856
2021-06-29,29.25,29.8,29.23,4189495
2021-06-30,29.69,29.85,29.29,4380156
2021-07-02,29.48,30.2,29.22,6639865
2021-07-05,30.28,30.47,29.22,3229722
2021-07-06,29.61,29.9,28.97,9417117
2021-07-07,28.94,29.82,28.81,6306325
2021-07-08,28.86,29.21,28.26,6739290
2021-07-09,28.97,29.31,28.79,3972288
2021-07-12,28.55,29.03,28.42,6250683
2021-07-13,28.37,28.72,28.09,6402417
2021-07-14,27.7,28.76,27.52,5436007
2021-07-15,27.28,27.82,27.15,3857648
2021-07-16,26.47,27.58,26.32,5792187
2021-07-19,25.38,25.82,24.98,12073656
2021-07-20,25.84,26.2,24.99,6544105
2021-07-21,26.45,26.89,26.25,6666779
2021-07-22,26.28,26.45,26,2827507
2021-07-23,26.14,26.53,26.04,4680439
2021-07-26,26.72,27.13,26.1,3782842
2021-07-27,25.62,26.6,25.59,7816986
2021-07-28,25.71,26.01,25.36,5161712
2021-07-29,24.89,25.96,24.75,10643001
2021-07-30,24.56,25.07,24.25,7939620
2021-08-03,24.75,24.87,23.81,6418325
2021-08-04,23.92,24.52,23.9,5634328
2021-08-05,24.47,24.77,24.07,8442025
2021-08-06,24.71,24.9,24.54,5729526
2021-08-09,24.12,24.39,23.89,7649205
2021-08-10,24.68,24.75,24.15,5648942
2021-08-11,24.7,24.75,24.3,3911890
2021-08-12,24.44,24.73,24.25,5755888
2021-08-13,24.02,24.43,24,5454443
2021-08-16,23.72,23.79,23.31,7063743
2021-08-17,23.39,23.9,23.26,6092907
2021-08-18,22.75,23.42,22.75,8554851
2021-08-19,22.53,22.6,21.9,10109419
2021-08-20,22.45,22.56,22.22,8132803
2021-08-23,23.16,23.34,22.87,9949673
2021-08-24,23.55,23.7,23.28,5449114
2021-08-25,23.54,23.69,23.44,19413837
2021-08-26,23.65,23.73,23.23,22626881
2021-08-27,24.2,24.47,23.9,9769159
2021-08-30,23.9,24.3,23.85,20039165
2021-08-31,23.56,23.95,23.5,7099760
2021-09-01,23.28,23.72,23.24,12610691
2021-09-02,23.71,24.11,23.34,14230208
2021-09-03,23.47,23.92,23.36,9633577
2021-09-07,23.32,23.67,23.27,14934129
2021-09-08,23.13,23.84,23.07,10216994
2021-09-09,23.45,23.69,22.86,12268003
2021-09-10,23.2,23.94,23.17,11365797
2021-09-13,24.05,24.2,23.45,17998326
2021-09-14,23.58,24.35,23.46,15439009
2021-09-15,24.78,24.88,23.92,13734096
2021-09-16,24.83,25,24.65,9491556
2021-09-17,24.67,24.7,24.31,16664091
2021-09-20,23.96,24.2,23.67,8643091
2021-09-21,24.27,24.48,23.95,5483165
2021-09-22,25.13,25.55,24.73,10528766
2021-09-23,25.49,25.85,25.15,9231676
2021-09-24,25.59,25.85,25.33,4499068
2021-09-27,26.51,27,26.26,10615328
2021-09-28,26.51,27.22,26.36,7408304
2021-09-29,26.45,26.72,26.26,4682223
2021-09-30,26.26,26.65,25.9,6220451
2021-10-01,26.47,26.85,26.29,4666947
2021-10-04,26.86,27.48,26.79,6440390
2021-10-05,27.81,28.09,27.26,8709350
2021-10-06,27.12,27.46,26.78,6303055
2021-10-07,28,28.05,27.04,6945853
2021-10-08,28.81,28.91,28.32,8453463
2021-10-12,29.18,29.35,28.76,9044102
2021-10-13,29.18,29.25,28.57,6182227
2021-10-14,29.1,29.82,29.05,7395230
2021-10-15,29.11,29.63,29.1,6447475
2021-10-18,28.69,29.7,28.56,8823469
2021-10-19,28.68,28.91,28.35,10743437
2021-10-20,28.53,28.8,28.3,8224278
2021-10-21,27.94,28.52,27.72,7029228
2021-10-22,28.25,28.29,27.87,3917768
2021-10-25,29.12,29.29,28.8,8792465
2021-10-26,29.31,29.39,29.06,4502566
2021-10-27,28.22,29.08,28.22,7076831
2021-10-28,32,32.09,29.9,18495554
2021-10-29,32.55,32.99,32.06,11545466
2021-11-01,33.05,33.34,32.57,7069330
2021-11-02,31.96,32.95,31.92,10230841
2021-11-03,31.44,31.88,31.23,7460181
2021-11-04,32.28,32.63,31.9,10275787
2021-11-05,32.97,33.15,32.26,15016078
2021-11-08,32.84,33.45,32.63,6968652
2021-11-09,32.67,33.06,32.35,11392229
2021-11-10,32.32,32.88,32.03,5867309
2021-11-11,32.46,32.81,32.37,4863702
2021-11-12,32.33,32.34,32.03,7863948
2021-11-15,32.46,32.64,31.61,14741183
2021-11-16,32.16,32.69,32.13,6538868
2021-11-17,32.23,32.88,31.8,8703114
2021-11-18,32.3,32.81,32.02,5372879
2021-11-19,31.67,32.18,31.21,9114923
2021-11-22,32.09,32.42,31.22,10237400
2021-11-23,33,33.11,32.49,24029480
2021-11-24,33.74,33.86,32.7,10467012
2021-11-25,34.02,34.35,33.87,3192634
2021-11-26,31.82,32.05,30.96,19689969
2021-11-29,31.95,32.88,31.52,24485543
2021-11-30,31.12,31.85,30.7,27592272
2021-12-01,30.54,32.19,30.5,25757790
2021-12-02,30.93,31.12,29.66,13647300
2021-12-03,30.29,31.69,30.08,24246372
2021-12-06,31.1,31.56,30.46,32438247
2021-12-07,31.7,32.08,31.41,15630508
2021-12-08,31.33,31.99,31.28,7511022
2021-12-09,31.12,31.29,30.76,7518075
2021-12-10,31.31,31.46,30.91,7288654
2021-12-13,30.57,31.16,30.42,18227626
2021-12-14,30.17,30.96,30.08,8085503
2021-12-15,30.2,30.39,29.13,11348089
2021-12-16,30.28,31.01,30.24,8491462
2021-12-17,29.9,30.24,29.47,14312422
2021-12-20,29.9,29.92,28.77,6963889
2021-12-21,30.96,31.05,30.3,6196421
2021-12-22,31.31,31.56,30.61,4909780
2021-12-23,31.37,31.71,31.33,7026781
2021-12-24,31.45,31.63,31.35,1034255
2021-12-29,31.64,32.2,31.61,6266581
2021-12-30,31.49,31.95,31.48,3690822
2021-12-31,31.65,31.75,31.31,3547827
2022-01-04,33.15,33.27,32.48,7177500
2022-01-05,33.41,34.18,33.36,11829208
2022-01-06,33.85,34.66,33.81,7201418
2022-01-07,33.58,34.01,33.37,6047444
2022-01-10,33.71,33.92,33.26,10069927
2022-01-11,35.18,35.23,33.95,9921272
2022-01-12,35.19,35.99,35.03,14582097
2022-01-13,34.86,35.33,34.53,11091376
2022-01-14,35.45,35.5,34.87,12054106
2022-01-17,36.11,36.15,35.57,3015865
2022-01-18,35.77,36.65,35.59,10654869
2022-01-19,35.55,36.11,35.16,6691385
2022-01-20,35.32,35.98,34.9,7315910
2022-01-21,34.08,34.84,33.93,8085995
2022-01-24,33.2,33.64,32.08,19779900
2022-01-25,34.86,34.97,32.65,9844554
2022-01-26,35.36,36.01,35.01,11850003
2022-01-27,36.28,36.65,35.73,11799242
2022-01-28,36.15,36.69,35.97,9226811
2022-01-31,36.32,36.59,35.77,7363052
2022-02-01,37.93,37.96,36.27,7619585
2022-02-02,38.45,38.62,37.61,8665200
2022-02-03,37.1,37.95,36.67,12204578
2022-02-04,36.64,37.62,36.53,12329399
2022-02-07,36.73,37,35.95,10484631
2022-02-08,36.2,36.6,35.79,7861956
2022-02-09,36.59,37.04,36.26,7260865
2022-02-10,36.71,37.18,36.39,6745437
2022-02-11,38.38,38.53,36.86,13316806
2022-02-14,37.84,38.37,37.47,18296033
2022-02-15,37.24,37.28,36.51,11254762
2022-02-16,37.57,38.37,37.48,9187599
2022-02-17,37.68,38.05,37.25,7404845
2022-02-18,37.06,37.58,36.92,9558124
2022-02-22,37.09,38.1,36.48,29411844
2022-02-23,37.09,37.73,36.9,21348380
2022-02-24,37.03,37.95,36.23,20485946
2022-02-25,37.84,37.85,36.91,8008805
2022-02-28,38.76,38.78,37.72,25747470
2022-03-01,39.2,39.88,38.78,13700179
2022-03-02,39.52,40.18,39.49,20281484
2022-03-03,39.21,39.58,38.6,24975664
2022-03-04,40.06,40.08,39.21,25354930
2022-03-07,42.1,42.55,40.57,25363380
2022-03-08,41.51,43.12,40.69,16899407
2022-03-09,40.1,41.32,39.63,27401176
2022-03-10,40.46,41.39,40.18,13745027
2022-03-11,40.49,41.05,40.03,14065757
2022-03-14,39.42,40.03,38.52,17109572
2022-03-15,37.95,38.38,37.43,12906233
2022-03-16,37.98,38.46,37.75,9748995
2022-03-17,39.34,39.47,38.67,7175049
2022-03-18,39.12,39.54,38.97,16822538
2022-03-21,40.87,40.9,39.79,10734877
2022-03-22,40.76,40.95,40.42,5129967
2022-03-23,41.41,42.03,41.29,13232583
2022-03-24,41.21,41.75,40.97,7888831
2022-03-25,42.41,42.63,40.88,16417566
2022-03-28,41.02,41.64,40.91,9923849
2022-03-29,40.73,40.83,39.37,6001530
2022-03-30,41.27,41.47,40.71,6872388
2022-03-31,40.7,41.66,40.7,6813562
2022-04-01,41.02,41.38,40.51,4158409
2022-04-04,41.73,41.8,41.04,7356470
2022-04-05,41.22,42.44,41.18,4596347
2022-04-06,40.6,41.94,40.42,5451082
2022-04-07,41.12,41.13,39.93,5283205
2022-04-08,41.27,41.82,41.02,6171004
2022-04-11,40.5,41.14,40.03,12291848
2022-04-12,41.36,41.96,41.16,6570551
2022-04-13,42.06,42.2,41.47,4544817
2022-04-14,42.57,42.85,41.87,5315254
2022-04-18,43.21,43.68,42.61,6186247
2022-04-19,42.97,43.69,42.69,5445435
2022-04-20,43.17,43.43,42.65,6582680
2022-04-21,41.89,43.83,41.68,6074610
2022-04-22,41.1,42.23,40.9,5385109
2022-04-25,39.78,40.05,38.74,12876268
2022-04-26,40.56,41.24,39.85,6824696
2022-04-27,42.15,42.33,40.26,6992081
2022-04-28,47.22,47.29,43.84,24936951
2022-04-29,46.18,47.89,46.08,10298728
2022-05-02,46.42,46.71,45.37,13717567
2022-05-03,47.53,47.73,46.2,10283662
2022-05-04,47.59,48.49,46.85,9832014
2022-05-05,47.38,48.42,46.55,5663632
2022-05-06,47.7,48.29,46.94,6234284
2022-05-09,45.28,46.83,44.93,10254212
2022-05-10,44.71,46.26,43.13,12774540
2022-05-11,46.25,47.46,45.23,10100770
2022-05-12,45.98,46.42,44.31,6489280
2022-05-13,46.92,47.73,46.58,8271339
2022-05-16,48.18,48.43,46.96,12535599
2022-05-17,49.12,49.83,48.3,8356469
2022-05-18,48.6,49.47,48.22,9930607
2022-05-19,48.57,49.18,47.01,8110892
2022-05-20,48.87,49.73,48.25,7035276
2022-05-24,49.61,50.07,49.2,11128897
2022-05-25,50.47,50.7,49.89,8242069
2022-05-26,50.56,51.07,50.23,17922359
2022-05-27,51.66,51.86,50.38,20408773
2022-05-30,52.56,52.93,51.9,5210335
2022-05-31,50.89,53.17,50.89,16290848
2022-06-01,51.79,52.22,50.84,26035107
2022-06-02,50.79,51.42,50.52,9395587
2022-06-03,51.42,51.63,50.71,9450221
2022-06-06,51.94,52.32,51.76,19943349
2022-06-07,52.52,52.88,51.47,9670751
2022-06-08,53.33,53.48,52.57,6276125
2022-06-09,53.05,53.62,52.77,6461432
2022-06-10,52.78,53.45,52.09,9971100
2022-06-13,51.04,51.75,49.38,12269159
2022-06-14,51,52.29,50.47,12349425
2022-06-15,50.02,51.11,49.22,9830140
2022-06-16,47.66,49.3,47.5,7099735
2022-06-17,44.72,48.16,44.22,27220048
2022-06-20,46.76,46.87,44.53,6004868
2022-06-21,48.12,48.6,47.5,12562988
2022-06-22,45.61,46.34,44.59,9611060
2022-06-23,42.73,46.22,42.28,15530308
2022-06-24,44.55,45.38,43.31,6320627
2022-06-27,45.96,46.18,44.53,13145415
2022-06-28,47.13,47.89,46.38,9198325
2022-06-29,45.55,48.2,45.44,5016176
2022-06-30,45.16,45.5,43.88,6745283
2022-07-04,46,46.72,45.76,2757308
2022-07-05,43.34,44.58,42.1,10049641
2022-07-06,42.45,43.58,40.62,7359592
2022-07-07,43.31,44.06,43.12,6626004
2022-07-08,42.43,43.93,41.98,4685111
2022-07-11,41.52,42.67,41.08,7669227
2022-07-12,39.71,40.68,39.29,7202036
2022-07-13,39.68,40.25,39.06,7750211
2022-07-14,38.72,39.1,37.75,8927272
2022-07-15,39.32,39.58,38.65,5030670
2022-07-18,39.74,41.18,39.51,13939970
2022-07-19,41.02,41.16,39.62,6685905
2022-07-20,41.08,41.29,40.06,6435681
2022-07-21,40.37,40.49,39.04,7075138
2022-07-22,39.78,40.55,39.57,4400044
2022-07-25,40.9,41.36,40.15,6780374
2022-07-26,40.51,41.94,40.28,4627241
2022-07-27,41.48,41.61,40.52,4177017
2022-07-28,41.89,42.15,41.13,4576114
2022-07-29,43.46,43.72,42.66,5113387
2022-08-02,42.91,43.32,42.22,10707045
2022-08-03,41.31,43.58,41.28,8445535
2022-08-04,39.46,41.11,39.38,9055536
2022-08-05,39.19,40.02,37.98,11130586
2022-08-08,39.08,39.67,38.74,13943654
2022-08-09,39.22,40.09,38.99,12489704
2022-08-10,39.39,39.71,38.45,13179657
2022-08-11,40.67,40.82,39.89,13319998
2022-08-12,41.8,41.82,40.53,7791105
2022-08-15,41.27,41.36,39.7,17409499
2022-08-16,40.85,41.8,40.62,9979787
2022-08-17,41.71,42.14,40.74,9432582
2022-08-18,42.69,42.81,42.03,9525065
2022-08-19,42.39,42.72,42.18,7997065
2022-08-22,42.85,42.89,41.37,10622127
2022-08-23,44.43,44.58,43.48,17476477
2022-08-24,44.85,45.13,44.42,13440347
2022-08-25,45.09,45.65,44.85,16098087
2022-08-26,44.73,45.57,44.46,10000711
2022-08-29,45.33,45.8,44.24,25843678
2022-08-30,43.17,44.49,43.08,32453513
2022-08-31,42.49,43.27,41.71,23800273
2022-09-01,40.91,41.56,40.56,13789130
2022-09-02,41.8,42.3,41.64,14093522
2022-09-06,40.88,42.4,40.79,20054472
2022-09-07,39.97,40.78,39.61,19336045
2022-09-08,40.27,40.42,39.68,13006491
2022-09-09,41.24,41.65,40.95,11455671
2022-09-12,42.11,42.61,41.7,19526306
2022-09-13,41.6,42.16,41.43,13576977
2022-09-14,42.38,43.03,42.02,11819107
2022-09-15,41.23,42.01,41.08,6215745
2022-09-16,40.79,41.22,40.18,18874261
2022-09-19,41.37,41.41,39.72,14388468
2022-09-20,41.72,41.75,40.89,10012637
2022-09-21,40.83,42.42,40.8,5752131
2022-09-22,40.72,41.89,40.61,6596169
2022-09-23,36.95,39.38,36.8,10883387
2022-09-26,36.59,37.83,36.39,25436624
2022-09-27,37.12,37.82,36.62,10826728
2022-09-28,38.78,39.04,37.03,5974223
2022-09-29,38.81,38.94,37.68,4492339
2022-09-30,38.9,39.42,38.01,6486915
2022-10-03,41.76,42.04,40.34,8638613
2022-10-04,43.29,43.41,42.27,6599573
2022-10-05,44.23,44.63,42.45,7846816
2022-10-06,45.11,45.49,43.82,11629911
2022-10-07,45.04,45.79,44.73,6209276
2022-10-11,43.18,44,42.76,10298433
2022-10-12,43.32,43.67,42.22,5127930
2022-10-13,44.39,44.82,42.57,7157928
2022-10-14,43.04,44.51,42.89,4430000
2022-10-17,43.13,44.4,43.05,6492159
2022-10-18,42.76,43.64,41.6,5378089
2022-10-19,43.5,43.82,42.64,4987124
2022-10-20,43.94,44.86,43.75,4855371
2022-10-21,45.5,45.64,43.84,5583591
2022-10-24,45.42,45.79,45.12,9086186
2022-10-25,45.47,45.59,44.76,7790503
2022-10-26,46.24,46.59,45.44,6117781
2022-10-27,45.38,47.26,45.18,5506758
2022-10-28,45.86,46,44.72,3735023
2022-10-31,46.86,47.31,45.44,8779408
2022-11-01,47.73,48.68,47.69,7506510
2022-11-02,46.66,47.89,46.6,9603186
2022-11-03,48.47,48.91,45.56,7442076
2022-11-04,48.7,50.37,48,8637927
2022-11-07,48.8,49.27,48.45,12819693
2022-11-08,48.33,49.13,48.22,5536149
2022-11-09,46.65,48.17,46.63,7417695
2022-11-10,47.7,48.15,46.77,5415390
2022-11-11,48.77,49.37,48.4,6853609
2022-11-14,48.22,49.05,48.2,16059128
2022-11-15,49.19,49.37,48.1,4891772
2022-11-16,48.31,49.08,48.2,15742284
2022-11-17,48.34,48.35,46.97,12758888
2022-11-18,47.66,47.85,46.45,9121217
2022-11-21,47.32,47.39,45.12,18682293
2022-11-22,48.29,48.52,47.63,7871055
2022-11-23,47.72,48.18,47.5,18441044
2022-11-24,47.81,47.91,47.57,3831794
2022-11-25,47.38,48.2,47.33,15972839
2022-11-28,46.2,47.04,45.68,34911313
2022-11-29,45.43,46.75,44.95,14737893
2022-11-30,44.23,46.23,44.16,23860410
2022-12-01,43.17,44.66,43.02,11934607
2022-12-02,43,43.93,42.65,23602123
2022-12-05,42.23,43.98,42.19,24222088
2022-12-06,40.93,42.79,40.79,21815873
2022-12-07,40.66,41.52,40.51,14095305
2022-12-08,40.62,41.69,40.51,10758495
2022-12-09,40.38,41.08,40.38,9076091
2022-12-12,41.35,41.4,40.44,16021385
2022-12-13,42.16,42.66,41.9,10486044
2022-12-14,42.18,42.69,41.25,15690064
2022-12-15,41.73,42.06,41.02,14279352
2022-12-16,40.97,41.34,40.33,17244304
2022-12-19,40.6,41.43,40.1,15717229
2022-12-20,41.25,41.49,40.59,14816777
2022-12-21,42.29,42.35,41.58,9756160
2022-12-22,41.41,42.53,41.03,9029428
2022-12-23,42.81,42.84,41.67,6586223
2022-12-28,42.52,42.99,42.11,19506444
2022-12-29,42.51,42.8,42.07,6168649
2022-12-30,42.95,43.11,42.19,2564722
2023-01-03,41.28,43.16,40.9,15760553
2023-01-04,40.18,40.99,39.94,5731613
2023-01-05,41.13,41.32,40.04,6247337
2023-01-06,42.16,42.56,41.59,11361652
2023-01-09,42.19,43.16,42.04,4564877
2023-01-10,41.66,42.35,41.24,7570239
2023-01-11,42.13,42.69,41.73,5261633
2023-01-12,43.16,43.55,42.24,5533980
2023-01-13,43.42,43.77,42.97,6655624
2023-01-16,43.55,43.69,42.97,1808210
2023-01-17,44.04,44.12,43.48,8008339
2023-01-18,43.7,44.9,43.66,4859747
2023-01-19,44.59,44.65,43.44,6511190
2023-01-20,44.19,44.68,44.11,4676065
2023-01-23,45.05,45.55,44.23,8768853
2023-01-24,44.78,45.01,44.53,3297583
2023-01-25,44.35,44.78,43.85,8247262
2023-01-26,46.09,46.14,44.4,13942500
2023-01-27,46.09,47.21,45.78,6473823
2023-01-30,45.54,46.53,45.54,5773315
2023-01-31,46.18,46.24,45.1,9155938
2023-02-01,45.62,46.52,44.89,10367427
2023-02-02,43.91,45.84,43.58,10421912
2023-02-03,44.13,44.88,43.94,12799010
2023-02-06,43.88,44.59,43.4,15325105
2023-02-07,44.91,45,43.54,10610328
2023-02-08,44.68,45.17,44.14,8373258
2023-02-09,44.46,45.07,44.32,10342075
2023-02-10,45.71,46.04,44.9,11315195
2023-02-13,45.71,46.13,45.36,12348312
2023-02-14,46.38,46.53,45.15,5090501
2023-02-15,46.55,47.62,46.31,16405643
2023-02-16,45.67,47.04,45.64,8924542
2023-02-17,44.59,45.18,44.4,7594592
2023-02-21,45.44,45.97,44.86,14902472
2023-02-22,44.35,45.77,44.09,28235492
2023-02-23,45.24,45.62,44.44,16274853
2023-02-24,46.22,46.26,44.37,9981005
2023-02-27,46.32,46.72,45.82,11130550
2023-02-28,45.86,46.91,45.65,22307300
2023-03-01,46.74,46.79,45.73,12685961
2023-03-02,47.29,47.52,45.92,17425260
2023-03-03,47.97,48.24,46.65,20953736
2023-03-06,47.83,48.09,47.39,17846207
2023-03-07,47.06,47.92,46.97,15721759
2023-03-08,47.06,47.74,46.73,19735127
2023-03-09,46.64,48.26,46.54,17146032
2023-03-10,46.27,47.22,46.1,17852939
2023-03-13,43.83,45.39,43.58,14011477
2023-03-14,43.07,44.75,42.87,8966813
2023-03-15,40.27,41.6,38.82,15402152
2023-03-16,40.05,41.02,39.15,23223836
2023-03-17,39.54,40.24,39.04,13914090
2023-03-20,40.61,40.79,39.26,13000598
2023-03-21,41.73,41.96,41,9391521
2023-03-22,41.18,42.18,41.15,8848179
2023-03-23,40.53,41.91,40.34,12175429
2023-03-24,39.79,40.22,39.52,6335800
2023-03-27,40.62,40.78,39.73,9597776
2023-03-28,41.11,41.39,40.36,4846550
2023-03-29,41.62,41.95,41.47,4357319
2023-03-30,41.94,42.17,41.7,4503421
2023-03-31,41.96,42.34,41.66,9886271
2023-04-03,44.3,44.59,42.95,12572118
2023-04-04,43.55,44.78,43.25,5979834
2023-04-05,43.08,43.73,42.83,4352781
2023-04-06,42.65,43.31,42.48,3884254
2023-04-10,43.01,43.43,42.76,4280514
2023-04-11,43.52,43.95,43.17,4261908
2023-04-12,43.83,44.22,43.54,4603223
2023-04-13,43.53,43.99,43.42,6872170
2023-04-14,43.6,43.95,43.38,3711873
2023-04-17,43.32,43.74,43.1,3424691
2023-04-18,42.41,43.34,42.39,8043424
2023-04-19,41.55,42,41.32,6939077
2023-04-20,41.24,41.55,40.58,6046589
2023-04-21,41.2,41.69,41.07,5275037
2023-04-24,41.43,41.63,40.92,8676843
2023-04-25,40.71,41.25,40.56,4930237
2023-04-26,39.94,40.79,39.76,7448823
2023-04-27,41.29,41.69,39.85,10859904
2023-04-28,42.42,42.46,41.48,10604018
2023-05-01,41.77,42.65,41.73,6823282
2023-05-02,39.77,41.31,39.45,11511049
2023-05-03,38.97,39.56,38.87,13491140
2023-05-04,38.59,39.25,38.55,8799892
2023-05-05,39.68,39.98,39.22,7381765
2023-05-08,40.08,40.55,39.98,16178411
2023-05-09,39.68,40.39,39.17,7834249
2023-05-10,39.18,40.02,39.16,11275205
2023-05-11,38.87,39.11,38.44,10589987
2023-05-12,38.87,39.48,38.63,7567363
2023-05-15,39.16,39.28,38.97,25145442
2023-05-16,37.96,39.1,37.94,12919493
2023-05-17,38.49,38.68,37.89,12991304
2023-05-18,38.47,38.57,37.89,20569903
2023-05-19,38.83,39.08,38.23,4735472
2023-05-23,39.35,39.78,38.97,12230242
2023-05-24,39.32,39.92,39.13,10933294
2023-05-25,38.79,38.99,38.35,6727551
2023-05-26,38.86,39.38,37.61,10964313
2023-05-29,39.34,39.39,38.93,3030953
2023-05-30,38.8,39,38.37,16030866
2023-05-31,38.03,38.22,37.75,23152705
2023-06-01,38.54,38.72,37.88,11656367
2023-06-02,39.25,39.28,38.59,22472265
2023-06-05,39.35,39.95,38.96,28094673
2023-06-06,39.79,39.84,38.66,18730635
2023-06-07,40.49,40.69,39.94,14267951
2023-06-08,40.42,40.74,39.79,11124004
2023-06-09,40.43,40.74,40.24,9287700
2023-06-12,39.74,40.17,39.56,12188520
2023-06-13,39.99,40.68,39.94,14490436
2023-06-14,39.73,40.67,39.58,14096345
2023-06-15,39.99,40.49,39.83,13797725
2023-06-16,39.75,40.19,39.66,19346540
2023-06-19,39.69,39.75,39.51,1507904
2023-06-20,38.51,39.6,38.47,10910315
2023-06-21,39,39.13,38.33,12722722
2023-06-22,37.91,38.46,37.89,7477220
2023-06-23,37.51,37.73,37.09,6486221
2023-06-26,38.19,38.34,37.37,13385134
2023-06-27,38,38.06,37.56,8148374
2023-06-28,38.47,38.48,37.76,5533912
2023-06-29,38.63,38.73,38.31,2831797
2023-06-30,38.86,39.03,38.63,8606401
2023-07-04,39.36,39.45,38.98,1597638
2023-07-05,39.08,39.56,38.99,3616725
2023-07-06,38,38.72,37.77,5946354
2023-07-07,38.82,38.98,37.73,5954846
2023-07-10,38.83,39.17,38.65,5459707
2023-07-11,39,39.24,38.84,5644951
2023-07-12,39.16,39.67,38.95,4553843
2023-07-13,39.06,39.22,38.28,5437672
2023-07-14,38.25,39.08,38.24,5210676
2023-07-17,37.89,38.33,37.86,7168983
2023-07-18,38.53,38.81,37.95,6186327
2023-07-19,38.37,38.83,38.19,4101542
2023-07-20,38.35,38.67,37.98,4838316
2023-07-21,38.95,38.96,38.35,7017030
2023-07-24,39.8,40.23,39.05,6471760
2023-07-25,39.98,40.11,39.5,2776046
2023-07-26,40.14,40.15,39.3,8609730
2023-07-27,39.78,40.62,39.71,4739656
2023-07-28,40.74,40.78,39.52,6454551
2023-07-31,41.26,41.59,40.98,9768194
2023-08-01,41.2,41.21,40.64,10809665
2023-08-02,40.25,41.02,40.04,10950692
2023-08-03,40.5,40.85,40.01,8280155
2023-08-04,41.08,41.51,40.56,6330996
2023-08-08,41.73,41.74,40.43,15452065
2023-08-09,42.6,42.87,41.95,10236916
2023-08-10,42.41,42.96,42.11,12930877
2023-08-11,42.66,42.89,42.34,9391350
2023-08-14,42.4,42.49,41.89,19558751
2023-08-15,41.91,42.9,41.66,14138393
2023-08-16,43.1,43.25,41.88,8948287
2023-08-17,44.18,44.46,43.6,10529428
2023-08-18,44.84,45.14,43.72,20559078
2023-08-21,44.34,45.38,44.11,12419765
2023-08-22,44.14,44.71,44.07,4471462
2023-08-23,44.4,44.54,43.7,6905901
2023-08-24,44.21,44.56,43.95,4577661
2023-08-25,44.77,44.96,44.12,5051289
2023-08-28,45.2,45.52,44.92,13013512
2023-08-29,46.01,46.09,45.11,7762777
2023-08-30,46.32,46.55,46.1,7042814
2023-08-31,45.77,46.17,45.62,23416638
2023-09-01,46.45,46.64,46.28,16601294
2023-09-05,46.84,47.28,46.55,15662398
2023-09-06,46.98,47.09,46.62,12302975
2023-09-07,46.76,47.14,46.62,14438852
2023-09-08,46.84,47.08,46.52,8186783
2023-09-11,45.82,47.16,45.72,12288970
2023-09-12,46.98,47.02,46.13,14006459
2023-09-13,46.62,47.12,46.47,6039409
2023-09-14,46.96,47.28,46.92,11160337
2023-09-15,47.46,47.55,46.65,13847365
2023-09-18,47.06,47.49,46.87,12159525
2023-09-19,46.82,47.55,46.56,4724688
2023-09-20,46.45,47.17,46.17,4028600
2023-09-21,46.11,46.74,45.96,6773624
2023-09-22,45.67,46.88,45.33,5177144
2023-09-25,46.06,46.14,45.26,5988072
2023-09-26,46.18,46.29,45.71,8673616
2023-09-27,47.44,47.49,46.66,7890155
2023-09-28,47.52,47.76,46.89,8336523
2023-09-29,46.71,47.64,46.6,4276118
2023-10-02,45.8,46.94,45.52,4802832
2023-10-03,45.98,45.99,45.23,6305596
2023-10-04,43.78,45.37,43.46,6629201
2023-10-05,43.83,44.66,43.36,3754828
2023-10-06,44.03,44.39,43.35,3567902
2023-10-10,46.06,46.19,45.43,6598116
2023-10-11,45.88,46.16,45.17,7237402
2023-10-12,46.39,46.41,45.87,3328368
2023-10-13,46.74,47.22,46.49,3337099
2023-10-16,46.69,47,46.1,2437243
2023-10-17,46.88,47.17,46.46,5179203
2023-10-18,47.33,47.36,46.69,3544860
2023-10-19,47.29,47.55,46.8,3854448
2023-10-20,46.5,47.28,46.43,3947080
2023-10-23,45.88,46.44,45.52,7263536
2023-10-24,45.15,45.98,45.14,3114910
2023-10-25,45.8,45.83,44.75,2648470
2023-10-26,45.17,45.67,44.91,5403393
2023-10-27,45.06,45.43,44.37,5275857
2023-10-30,44.87,45.53,44.39,3368315
2023-10-31,44.91,45.26,44.47,4652872
2023-11-01,45.36,45.65,44.89,9752343
2023-11-02,46.95,47.07,45.27,5784860
2023-11-03,46.11,46.9,45.9,8496703
2023-11-06,46.02,46.79,46,6509259
2023-11-07,44.1,45.51,43.99,9240054
2023-11-08,43.29,44.25,42.94,9978905
2023-11-09,44.89,45.63,43.87,4381603
2023-11-10,45.78,45.88,45.17,5589064
2023-11-13,46.53,46.61,45.68,4981115
2023-11-14,45.99,46.74,45.76,5309800
2023-11-15,45.63,46.27,45.6,6587932
2023-11-16,44.57,45.32,43.99,14144360
2023-11-17,46.33,46.5,44.82,11906039
2023-11-20,45.94,46.74,45.87,12743907
2023-11-21,45.42,45.98,45.17,8005443
2023-11-22,45.05,45.07,43.95,13926464
2023-11-23,44.7,45.07,44.58,952538
2023-11-24,44.65,44.98,44.41,16364464
2023-11-27,43.94,44.78,43.76,17017847
2023-11-28,44.52,44.7,43.86,12048649
2023-11-29,44.83,45.06,44.47,9804963
2023-11-30,44.74,45.47,44.19,14174806
2023-12-01,44.53,45.52,44.41,19179530
2023-12-04,44.12,44.6,43.87,12725313
2023-12-05,43.53,44.32,43.5,10707743
2023-12-06,41.13,43.34,41.11,12607933
2023-12-07,41.12,41.66,40.55,8832832
2023-12-08,41.77,41.83,41.21,10968675
2023-12-11,41.09,41.59,40.85,16400723
2023-12-12,40.23,40.65,40.09,10175228
2023-12-13,41.15,41.26,40.07,5931498
2023-12-14,41.92,42.23,41.62,6463646
2023-12-15,41.38,41.98,41.3,15075668
2023-12-18,42.13,42.41,41.73,10842162
2023-12-19,42.85,42.87,42.22,6404241
2023-12-20,42.46,43.45,42.43,7577412
2023-12-21,42.44,42.57,42.02,8491142
2023-12-22,42.46,42.88,42.41,5998176
2023-12-27,42.73,43.01,42.66,4320968
2023-12-28,42.2,42.76,42.18,3271255
2023-12-29,42.45,42.63,42.13,3621276
2024-01-02,42.8,43.17,42.61,5881070
2024-01-03,45.34,45.38,43.51,8643109
2024-01-04,45,45.79,44.8,4866800
2024-01-05,45.16,45.68,44.93,4147509
2024-01-08,44.13,44.26,43.66,5486481
2024-01-09,43.81,44.41,43.65,7185238
2024-01-10,43.39,44.09,43.09,4963742
2024-01-11,43.74,43.98,43.26,2336737
2024-01-12,43.95,44.51,43.76,5357781
2024-01-15,43.9,44.09,43.52,817326
2024-01-16,43.17,43.87,43.13,2622937
2024-01-17,42.56,42.77,42.08,2948891
2024-01-18,42.41,42.64,41.91,3100720
2024-01-19,42.3,42.5,42.05,1696195
2024-01-22,42.73,42.91,41.88,5135975
2024-01-23,42.47,43,42.27,1967920
2024-01-24,43.05,43.07,42.4,4300385
2024-01-25,43.52,43.68,43.16,4240237
2024-01-26,44.02,44.05,43.4,3859259
2024-01-29,43.95,44.09,43.61,4659740
2024-01-30,44.97,45,43.56,2734053
2024-01-31,44.52,44.95,44.37,2817552
2024-02-01,43.89,45.25,43.54,5973330
2024-02-02,43.23,44.02,43.22,5113091
2024-02-05,43.09,43.39,42.5,6697033
2024-02-06,43.13,43.78,43.07,4688766
2024-02-07,43.25,43.25,42.82,4653209
2024-02-08,43.39,43.47,42.99,6235014
2024-02-09,43.26,43.77,43.13,4833314
2024-02-12,43.55,43.82,43.22,5879480
2024-02-13,42.86,43.76,42.43,11353889
2024-02-14,42.7,43.28,42.47,8415551
2024-02-15,44.58,44.59,42.57,9934149
2024-02-16,44.58,44.98,44.27,11338526
2024-02-20,44.12,44.83,44.11,15157396
2024-02-21,45.35,45.42,44.2,9955817
2024-02-22,45.22,45.87,45,18471950
2024-02-23,45.79,45.89,44.92,13984814
2024-02-26,45.68,46.2,45.54,16423990
2024-02-27,45.5,46.14,45.26,18094988
2024-02-28,45.96,46.02,45.12,10284108
2024-02-29,46.63,46.84,45.79,28204655
2024-03-01,47.4,47.46,46.59,24072344
2024-03-04,46.5,47.62,46.41,18179324
2024-03-05,46.93,47.15,46.33,23769306
2024-03-06,47.2,47.64,46.99,12564032
2024-03-07,46.82,47.44,46.78,5294006
2024-03-08,46.51,46.92,46.3,14980901
2024-03-11,46.86,46.98,46.06,7639532
2024-03-12,47.24,47.25,46.73,12446814
2024-03-13,47.91,48.19,47.55,12828526
2024-03-14,48.81,49.08,48.02,16764052
2024-03-15,48.86,49.14,48.61,14927008
2024-03-18,49.16,49.22,48.55,8008373
2024-03-19,49.2,49.47,48.94,7316246
2024-03-20,49.04,49.08,48.71,8101364
2024-03-21,48.99,49.14,48.83,8499378
2024-03-22,48.85,49.2,48.72,7629252
2024-03-25,49.95,49.99,48.91,16841356
2024-03-26,49.49,49.99,49.44,9614612
2024-03-27,49.5,49.5,48.88,10391073
2024-03-28,49.99,50.11,49.68,8124378
2024-04-01,50.64,50.75,49.81,5287426
2024-04-02,51.54,51.57,50.48,4218667
2024-04-03,52.11,52.24,51.44,3268284
2024-04-04,52.26,52.29,51.62,4142269
2024-04-05,53,53.01,52.1,6731804
2024-04-08,52.54,53.02,52.24,4292387
2024-04-09,52.59,52.76,52.21,3631153
2024-04-10,53.76,53.78,52.54,5608974
2024-04-11,52.47,53.72,52.32,5948642
2024-04-12,51.92,53.53,51.61,2940352
2024-04-15,51.25,52.08,51.07,5923598
2024-04-16,51.92,52.2,51.09,5006277
2024-04-17,52.18,52.78,51.57,2509080
2024-04-18,52.39,52.85,52.16,3633901
2024-04-19,52.99,53.46,52.19,3455668
2024-04-22,53.54,53.85,52.38,2831491
2024-04-23,53.47,53.62,53.13,3467962
2024-04-24,53.79,53.85,53.32,3887381
2024-04-25,53.88,54.1,53.19,3660575
2024-04-26,53.87,54.1,53.5,4168628
2024-04-29,54.25,54.25,53.58,5307822
2024-04-30,52.53,54.23,52.53,4087792
2024-05-01,51.79,52.57,51.34,7427552
2024-05-02,52.03,52.44,51.86,6649924
2024-05-03,52.26,52.45,51.64,5643909
2024-05-06,53.13,53.72,52.64,8753528
2024-05-07,53.44,53.62,52.8,5244870
2024-05-08,53.67,54.32,52.97,9299464
2024-05-09,54.93,55.25,53.66,11177978
2024-05-10,54.79,55.48,54.49,6419265
2024-05-13,54.21,55.2,54.13,6345019
2024-05-14,53.5,54.25,53.17,14232258
2024-05-15,53.59,53.74,52.31,11772896
2024-05-16,54.16,54.53,53.72,5823779
2024-05-17,54.57,54.79,53.93,9530625
2024-05-21,56.03,56.3,54.15,22745868
2024-05-22,55.43,56.22,55.09,9283367
2024-05-23,55.15,56.69,54.83,10206310
2024-05-24,55.06,55.7,54.8,9961175
2024-05-27,55.28,55.38,55.03,3699291
2024-05-28,55.54,56.06,55.14,12108658
2024-05-29,54.47,55.47,53.95,16041303
2024-05-30,54.57,55.3,54.41,9811918
2024-05-31,55.6,55.72,54.66,11890302
2024-06-03,52.96,55.59,52.91,16420316
2024-06-04,51.47,52.03,50.52,11640357
2024-06-05,51.71,52.31,51.43,12639366
2024-06-06,52.47,52.57,51.69,13343088
2024-06-07,52.25,52.95,52,15795150
2024-06-10,52.51,53.02,52.39,14341074
2024-06-11,52.4,52.61,51.66,13981988
2024-06-12,52.24,53.51,52.18,8480513
2024-06-13,50.71,52.09,50.59,14006815
2024-06-14,50.26,50.52,49.91,12368668
2024-06-17,49.97,50.51,49.73,11222900
2024-06-18,50.78,51.1,50.03,5674969
2024-06-19,50.78,51.13,50.51,2555612
2024-06-20,50.86,51.55,50.6,11114137
2024-06-21,50.23,50.98,50.07,15661206
2024-06-24,51.77,51.96,50.26,9334481
2024-06-25,51.55,51.77,51.1,4170577
2024-06-26,51.11,51.62,50.74,3109276
2024-06-27,52.04,52.07,51.31,3655009
2024-06-28,52.15,52.68,51.8,7602104
2024-07-02,52.99,53.03,52.56,4882750
2024-07-03,53.42,53.73,53,2722486
2024-07-04,53.41,53.98,53.25,567726
2024-07-05,51.48,53.15,51.28,5266939
2024-07-08,51.75,51.88,51.21,2541775
2024-07-09,51.09,51.72,51.04,1850621
2024-07-10,51.62,51.96,50.92,7824372
2024-07-11,52.1,52.31,50.97,5932089
2024-07-12,52.18,52.6,51.83,1631328
2024-07-15,53.13,53.6,51.97,6696228
2024-07-16,52.5,52.94,52.42,6155545
2024-07-17,53.17,53.56,52.54,3718831
2024-07-18,53.23,53.67,53.05,6740295
2024-07-19,52.85,53.64,52.51,3972866
2024-07-22,53.31,53.49,52.42,8385061
2024-07-23,52.48,53.03,52.07,3016531
2024-07-24,52.54,53.18,52.31,5062009
2024-07-25,53.2,53.35,52.15,2151426
2024-07-26,53.23,53.49,52.68,1724187
2024-07-29,53.03,53.59,52.36,2417927
2024-07-30,53.22,53.53,52.91,3483556
2024-07-31,55.14,55.16,54.22,2997178
2024-08-01,53.44,55.62,52.91,9043213
2024-08-02,50.93,52.62,50.13,7554969
2024-08-06,50.97,51.44,49.61,15232325
2024-08-07,53.2,54.63,52.81,12472836
2024-08-08,54.63,54.74,53.42,6165315
2024-08-09,54.48,54.81,53.91,8501228
2024-08-12,55.72,56.02,54.79,9870151
2024-08-13,56.15,56.21,55.35,6101893
2024-08-14,56.46,56.6,56.05,3969433
2024-08-15,57.15,57.32,56.8,3198528
2024-08-16,56.57,57.14,56.41,5112622
2024-08-19,56.4,57.17,56.28,11432481
2024-08-20,54.89,56.38,54.81,5902864
2024-08-21,54.73,55.5,54.59,8273131
2024-08-22,54.92,55.27,54.74,18001906
2024-08-23,55.18,55.41,54.84,11998715
2024-08-26,56.26,56.55,55.82,11331616
2024-08-27,54.9,55.95,54.78,11160837
2024-08-28,54.75,55.05,54.18,7748039
2024-08-29,55.27,55.67,54.86,10427942
2024-08-30,54.66,55,54.06,15880724
2024-09-03,53.83,53.97,52.75,16685227
2024-09-04,52.48,53.6,52.47,16115530
2024-09-05,51.34,53.24,51.28,16403512
2024-09-06,50.64,52.08,50.36,22923011
2024-09-09,50.71,51.29,50.58,22066726
2024-09-10,49.1,50.7,48.76,19795110
2024-09-11,48.96,49.82,48.41,8785642
2024-09-12,49.31,49.51,48.87,19449609
2024-09-13,49.53,50.24,49.49,8187480
2024-09-16,49.92,50.12,49.1,4112474
2024-09-17,50.66,50.67,49.93,9473319
2024-09-18,50.36,50.99,50.1,5742943
2024-09-19,51.13,51.46,50.84,5981882
2024-09-20,50.47,51.2,49.91,12516793
2024-09-23,51.12,51.64,50.56,9674214
2024-09-24,51.33,52.23,51.32,5795327
2024-09-25,50.47,51.42,50.13,2530478
2024-09-26,49.18,50.15,49.03,7977733
2024-09-27,49.78,49.84,49.2,7930634
2024-09-30,49.92,50.2,49.47,8430873
2024-10-01,51.92,52.02,49.47,5659380
2024-10-02,52.18,52.93,51.61,3098960
2024-10-03,53.58,53.63,52.02,5150091
2024-10-04,54.23,54.26,53.25,3609359
2024-10-07,55.17,55.35,54.47,3809634
2024-10-08,53.59,54.17,53.17,4104961
2024-10-09,54.21,54.34,53.06,4587574
2024-10-10,55.63,55.86,54.5,7300970
2024-10-11,55.62,55.65,55.22,3597938
2024-10-15,52.78,53.75,52.67,5129622
2024-10-16,53.15,53.28,52.72,3352281
2024-10-17,53.79,53.8,53.02,2740089
2024-10-18,54,54.16,53.17,3977405
2024-10-21,53.92,54.71,53.58,6641663
2024-10-22,54.11,54.38,53.52,1972876
2024-10-23,53.38,54,53.01,4058234
2024-10-24,53.37,53.69,52.72,2756163
2024-10-25,54.16,54.34,53.47,2038770
2024-10-28,53.43,53.5,52.4,5759386
2024-10-29,52.97,53.34,52.56,2249150
2024-10-30,52.95,53.5,52.8,2674860
2024-10-31,52.56,53.31,51.98,3237877
2024-11-01,52.46,53.68,52.18,2062962
2024-11-04,53.09,53.39,52.78,6383671
2024-11-05,53.18,53.76,52.9,9885502
2024-11-06,54.66,54.77,53.12,5743623
2024-11-07,54.89,55.22,54.11,5337237
2024-11-08,54.48,54.71,54.06,3404479
2024-11-11,54.07,54.96,53.96,3485248
2024-11-12,53.16,54.37,52.86,7086834
2024-11-13,55.4,55.95,54.11,8223038
2024-11-14,56.84,57.22,55.84,6752396
2024-11-15,57,57.5,56.53,7853763
2024-11-18,57.2,57.69,56.92,13006508
2024-11-19,57.21,57.23,56.32,8550183
2024-11-20,57.1,57.5,56.72,7127857
2024-11-21,57.5,57.65,57.02,14222004
2024-11-22,58.07,58.07,57.15,14142876
2024-11-25,56.93,58.28,56.41,18424725
2024-11-26,55.63,57.11,55.28,22431088
2024-11-27,55.51,56.08,55.06,10482566
2024-11-28,55.77,55.79,55.32,7075415
2024-11-29,55.71,55.93,55.28,6284720
2024-12-02,55.12,55.86,54.65,21898420
2024-12-03,54.85,55.01,54.32,9462163
2024-12-04,54.12,54.99,53.71,20894328
2024-12-05,54.95,55.31,54.07,21618199
2024-12-06,54.31,55.18,54,10063851
2024-12-09,54.15,55.36,54.1,17053442
2024-12-10,53.67,54.52,53.65,11128759
2024-12-11,54.06,54.15,53.47,5942851
2024-12-12,52.92,54.04,52.72,6124466
2024-12-13,52.37,53,52.02,3004319
2024-12-16,51.65,51.84,51.15,5647322
2024-12-17,51.35,51.5,50.89,7410963
2024-12-18,50.32,51.52,50.2,11084125
2024-12-19,49.81,50.73,49.57,6184930
2024-12-20,49.6,50.24,49.3,12061035
2024-12-23,50.37,50.53,49.28,12661988
2024-12-24,50.61,50.82,50.07,2511646
2024-12-27,50.86,51.3,50.44,12475132
2024-12-30,50.71,51.08,50.48,5881922
2024-12-31,51.31,51.41,50.75,1461161
2025-01-02,51.92,52.44,51.6,5089780
2025-01-03,52.64,52.66,51.88,3045660
2025-01-06,52.95,53.74,52.72,7091945
2025-01-07,55.04,55.31,53.63,7920300
2025-01-08,55.09,55.31,54.61,2728300
2025-01-09,55.18,55.48,54.83,1462356
2025-01-10,56.8,57.05,55.74,10517289
2025-01-13,56.73,58.58,56.52,6424313
2025-01-14,57.11,57.25,56.2,14006365
2025-01-15,57.5,57.75,57.07,4664426
2025-01-16,56.24,57.54,55.97,5984755
2025-01-17,56.43,56.75,55.69,3782944
2025-01-20,57.15,57.24,56,1454277
2025-01-21,57.1,57.25,56.1,2616630
2025-01-22,56.44,57.74,56.38,2434155
2025-01-23,56.66,57.17,56.2,2055590
2025-01-24,55.88,56.58,55.77,3436695
2025-01-27,55.73,56.07,54.82,4850710
2025-01-28,55.07,55.96,54.69,3194969
2025-01-29,55.68,55.76,54.85,4297724
2025-01-30,55.93,56.22,55.43,6722887
2025-01-31,54.53,56.11,54.45,4217288
2025-02-03,54.73,55.43,52.7,7590554
2025-02-04,54.65,55.4,53.83,10853455
2025-02-05,55.44,55.69,54.27,6118950
2025-02-06,54.99,56.66,54.52,12944349
2025-02-07,55.34,55.88,54.47,10523573
2025-02-10,56.57,56.79,55.92,16568288
2025-02-11,58.05,58.31,56.78,13071539
2025-02-12,56.58,57.94,56.28,7837990
2025-02-13,56.68,57.1,56.35,8400218
2025-02-14,56.05,57.17,55.86,7830029
2025-02-18,56.49,56.95,55.76,11022565
2025-02-19,56.74,56.96,56.42,2156208
2025-02-20,56.95,57.16,56.36,6443672
2025-02-21,56.19,56.76,55.84,2657213
2025-02-24,55.79,56.5,55.59,7554605
2025-02-25,55.3,56.25,54.54,10490896
2025-02-26,54.83,55.12,54.53,8815391
2025-02-27,55.21,55.87,55.09,10074912
2025-02-28,55.36,55.42,54.22,18188475
2025-03-03,52.53,55.44,52.11,24836310
2025-03-04,50.82,51.38,50.14,17568510
2025-03-05,49.24,50.22,48.67,18211767
2025-03-06,49.74,50.02,48.62,22291379
2025-03-07,51.39,51.75,50.05,18129237
2025-03-10,51.54,52.08,51.22,23606948
2025-03-11,51.03,51.9,50.81,9733796
2025-03-12,51.4,51.71,50.59,12317514
2025-03-13,51.72,52.05,50.98,11464241
2025-03-14,52.65,52.66,51.44,9345535
2025-03-17,53.78,53.96,52.84,12617896
2025-03-18,53.76,54.17,53.18,4885919
2025-03-19,53.69,54.42,53.05,4376844
2025-03-20,54,54,53.19,4902922
2025-03-21,53.72,54.05,53.39,9034215
2025-03-24,55.06,55.06,53.87,5306575
2025-03-25,54.97,55.75,54.61,9121797
2025-03-26,55.52,55.78,55.12,2514131
2025-03-27,55.29,55.9,55.12,2608630
2025-03-28,54.92,55.42,54.58,6190454
2025-03-31,55.72,56.27,54.43,4995891
2025-04-01,55.89,55.9,55.26,4942259
2025-04-02,56.08,56.08,55.19,3506637
2025-04-03,51.83,53.56,51.6,6792502
2025-04-04,47.26,50.27,46.69,12128791
2025-04-07,47.14,48.23,44.5,7704913
2025-04-08,44.94,48.04,44.56,8925506
2025-04-09,48.32,48.97,43.59,9763890
2025-04-10,45.06,47.17,44.3,7095277
2025-04-11,46.47,46.74,44.79,6101266
2025-04-14,46.46,47.63,45.87,4258346
2025-04-15,46.5,47.12,46.2,4723145
2025-04-16,46.86,47.34,46.23,5294667
2025-04-17,47.8,48.39,47.19,3682696
2025-04-21,47.81,47.94,46.93,2413098
2025-04-22,48.96,49.33,48.31,3288416
2025-04-23,48.71,49.73,48.32,3163390
2025-04-24,49.32,49.34,48.68,6874458
2025-04-25,49.34,49.81,48.78,3417179
2025-04-28,49.35,49.6,49.18,5781050
2025-04-29,49.44,49.78,48.8,3800352
2025-04-30,48.69,49.31,47.94,5687997
2025-05-01,49.42,49.9,48.34,3702058
2025-05-02,49.74,50.1,49.21,5290593
2025-05-05,48.2,49.15,48.08,10861316
2025-05-06,48.36,48.98,48.15,8624320
2025-05-07,46.99,48.87,46.34,17844356
2025-05-08,47.69,48.13,47.22,16178006
2025-05-09,48.72,48.79,48,4507045
2025-05-12,50.17,50.29,49.71,8870418
2025-05-13,50.76,51.04,50.3,6671239
2025-05-14,50.8,50.94,50.41,5815869
2025-05-15,50.24,50.43,49.51,7851488
2025-05-16,49.86,50.45,49.73,7524027
2025-05-20,49.03,50,48.86,7645416
2025-05-21,48.74,49.28,48.73,4855914
2025-05-22,49.05,49.38,48.13,9416734
2025-05-23,49.05,49.17,48.45,5342330
2025-05-26,49.28,49.71,48.85,4378237
2025-05-27,49.37,50.1,48.95,14154963
2025-05-28,48.88,49.99,48.88,12894168
2025-05-29,49.38,49.44,48.77,12740771
2025-05-30,48.79,49.23,48.56,13843546
2025-06-02,50.21,50.38,49.38,30983792
2025-06-03,50.65,50.98,49.65,15257751
2025-06-04,49.71,50.7,49.16,14968918
2025-06-05,50.06,50.45,49.56,20001308
2025-06-06,50.36,50.69,50.11,13116929
2025-06-09,50.62,50.94,50.2,22316042
2025-06-10,51.45,51.97,50.65,17667280
2025-06-11,53.09,53.16,51.61,10473147
2025-06-12,53.17,53.22,52.58,10788919
2025-06-13,55.67,55.68,54.17,8818093
2025-06-16,55.21,55.85,54.74,12890716
2025-06-17,55.99,56.33,55.51,8156171
2025-06-18,54.86,56.25,54.64,7927757
2025-06-19,55.14,55.65,55,2484106
2025-06-20,55.2,55.5,54.88,10506752
2025-06-23,53.52,55.63,53.51,12379404
2025-06-24,52.56,53.57,52.54,10994924
2025-06-25,52.09,52.61,52.08,7680398
2025-06-26,51.76,52.16,51.57,7094247
2025-06-27,51.46,52,51.1,11855674
2025-06-30,51.01,51.35,50.97,8587372
2025-07-02,52,52.29,51.51,7179551
2025-07-03,52.17,52.19,51.66,2313430
2025-07-04,51.77,52.11,51.77,1191156
2025-07-07,51.68,52.23,51.34,4867004
2025-07-08,53.12,53.37,51.58,6348174
2025-07-09,53.71,54.02,53.2,3257125
2025-07-10,53.84,53.98,53.19,5439093
2025-07-11,54.87,54.99,53.81,2721993
2025-07-14,54.57,55.03,53.99,5276427
2025-07-15,54.1,54.8,53.91,2737361
2025-07-16,53.56,54.15,53.15,3372585
2025-07-17,53.71,53.79,53.19,3529406
2025-07-18,53.31,54.12,53.13,2678820
2025-07-21,52.98,53.38,52.8,1807107
2025-07-22,53.2,53.53,52.75,1619605
2025-07-23,53.96,54.17,53.43,3255998
2025-07-24,54.16,54.35,53.33,3696153
2025-07-25,53.86,54.39,53.81,1946524
2025-07-28,54.91,54.98,54.21,4891825
2025-07-29,55.2,55.22,54.64,6055286
2025-07-30,54.94,55.13,54.69,2947169
2025-07-31,54.65,54.95,54.21,4356132
2025-08-01,53.86,54.13,53.17,2946363
2025-08-05,54.05,54.36,53.27,9727322
2025-08-06,53.91,55.52,53.4,13857490
2025-08-07,53.62,54.33,52.95,10387982
2025-08-08,53.94,54.5,53.64,4582993
2025-08-11,53.45,54.5,53.35,5627742
2025-08-12,53.5,53.96,53.27,4476324
2025-08-13,53.57,53.61,53.01,3947686
2025-08-14,53.86,53.88,53.17,4722434
2025-08-15,53.71,53.95,53.41,3010117
2025-08-18,53.27,53.56,53.02,6348657
2025-08-19,53.21,53.52,52.96,3351484
2025-08-20,53.54,53.81,53.35,6105606
2025-08-21,54.29,54.29,53.39,4492167
2025-08-22,55.28,55.31,54.49,8059714
2025-08-25,55.96,55.97,54.9,11590366
2025-08-26,55.5,56,54.94,9812957
2025-08-27,56.56,56.61,55.25,8605586
2025-08-28,57.22,57.32,56.25,7430960
2025-08-29,56.77,57.48,56.6,20473319
2025-09-02,56.94,57.27,56.67,15933216
2025-09-03,56.12,56.98,55.7,8877572
2025-09-04,55.59,55.88,54.84,9647658
2025-09-05,55.4,55.42,54.8,16041797
2025-09-08,55.58,55.9,54.71,29855395
2025-09-09,56.78,57.39,55.69,14667168
2025-09-10,58.55,58.58,56.88,10488925
2025-09-11,58.1,58.71,57.91,4400942
2025-09-12,57.75,58.6,57.72,5411958
2025-09-15,58.13,58.36,57.43,10453047
2025-09-16,59.15,59.76,58.07,11103176
2025-09-17,59.02,59.42,58.67,6391444
2025-09-18,58.92,59.14,58.23,5314149
2025-09-19,57.28,59.47,57.03,14315809
2025-09-22,57.74,58.04,56.67,5165985
2025-09-23,58.55,59.43,57.99,2969365
2025-09-24,58.99,59.57,58.9,3528614
2025-09-25,59.57,59.66,58.69,8056201
2025-09-26,59.39,60.48,59.2,6431105
2025-09-29,58.47,59.17,58.16,5597467
2025-09-30,58.24,58.41,57.51,3161317
2025-10-01,57.56,58.48,57.49,2494028
2025-10-02,57.41,57.88,57.32,5995497
2025-10-03,57.7,57.97,57.43,5881280
2025-10-06,57.95,58.12,57.4,3784327
2025-10-07,57.73,58.27,57.06,2689029
2025-10-08,57,57.8,55.96,4944033
2025-10-09,56.65,57.76,56.63,3721316
2025-10-10,55.28,56.29,55.17,6180688
2025-10-14,55.31,55.8,55.03,7101871
2025-10-15,54.95,56.04,54.85,3460629
2025-10-16,54.2,55.16,53.94,5095975
2025-10-17,54.04,54.31,53.9,4539325
2025-10-20,53.74,54.37,53.61,4851038
2025-10-21,53.51,53.95,53.02,3302998
2025-10-22,54.67,54.92,53.65,5597676
2025-10-23,55.42,56.42,55.31,4997184
2025-10-24,55.73,55.94,55.38,3848751
2025-10-27,56.07,56.36,55.78,3931044
2025-10-28,55.25,56.02,55.13,6154576
2025-10-29,55.79,56.03,55.14,4426899
2025-10-30,55.56,56.09,55.43,5942181
2025-10-31,55.85,56.44,55.46,2225326
2025-11-03,55.68,56.01,55.12,8749211
2025-11-04,55.65,55.73,54.55,4576048
2025-11-05,58.17,59.1,57.35,11844439
2025-11-06,59.27,59.35,58.43,8617596
2025-11-07,59.76,60.08,59.16,7823689
2025-11-10,60.39,60.41,59.26,11499244
2025-11-11,61.72,61.91,60.45,4530881
2025-11-12,61.92,62.31,60.99,7104452
2025-11-13,61.18,62.59,60.88,5031356
2025-11-14,62.17,62.19,60.75,8295337
2025-11-17,62.45,63.09,61.87,10433295
2025-11-18,63.2,63.51,61.51,5170481
2025-11-19,63.25,63.3,62.25,1800242
2025-11-20,62.99,64.14,62.98,3253417
2025-11-21,62.43,62.93,62.1,3657399
2025-11-24,62.45,62.56,61.45,11724580
2025-11-25,62.52,62.85,61.63,6420204
2025-11-26,62.42,62.77,62.36,3983621
2025-11-27,62.5,62.67,62.2,2668518
2025-11-28,62.84,63.12,62.27,14432988
2025-12-01,62.75,63.41,62.41,18497701
2025-12-02,61.44,62.7,61.29,11881398
2025-12-03,62.36,62.52,61.01,13438973
2025-12-04,62.47,63.4,62.43,16323326
2025-12-05,61.19,62.53,61.1,23632975
2025-12-08,61.03,61.77,60.52,20850120
2025-12-09,60.64,61.55,60.54,8736292
2025-12-10,60.95,61.13,60.36,9109259
2025-12-11,60.98,61.29,60.48,9093725
2025-12-12,61.01,61.19,60.55,5319474
2025-12-15,60.07,61.2,59.72,6044789
2025-12-16,58.06,59.51,58,5626712
2025-12-17,58.98,59.23,57.95,7489075
2025-12-18,58.46,59.14,58.33,3545730
2025-12-19,58.98,59.25,58.64,9176828
2025-12-22,59.06,59.6,59.03,4856024
2025-12-23,59.09,59.3,58.24,8775318
2025-12-24,59.1,59.42,58.92,773859
2025-12-29,59.91,60.18,59.23,5573491
2025-12-30,60.97,61.2,60.03,7818431
2025-12-31,60.92,61.2,60.51,1400413
2026-01-02,62.61,62.85,60.65,5885028
2026-01-05,61.58,62.04,58.8,8785822
2026-01-06,62.48,63.25,61.64,5080212
2026-01-07,62.7,63.35,61.61,5547497
2026-01-08,63.33,64.05,62.01,5183145
2026-01-09,65,65.07,63.63,3299626
2026-01-12,64.63,65.58,64.54,7471855
2026-01-13,66.69,67.43,64.86,5226318
2026-01-14,68.91,69.53,67,5911412
2026-01-15,68.05,68.79,67.61,3695694
2026-01-16,69.11,69.99,68.3,3623918
2026-01-19,69.44,69.5,68.9,1166670
2026-01-20,68.31,70.32,67.77,4549689
2026-01-21,69.83,70.03,68.63,3970704